Date,High,Low,Open,Close,Volume,Adj Close,rsi,mom,adx,macd,macd sig,cci
2013-02-19,39.6974983215332,39.165000915527344,39.502498626708984,39.40250015258789,13210000.0,39.40250015258789,54.154228324935815,0.24000167846679688,25.774252229418526,-0.11251844505721209,-0.10043721803304034,16.764225613148337
2013-02-20,39.40250015258789,38.79750061035156,39.279998779296875,38.85499954223633,15688800.0,38.85499954223633,48.32668622167067,-1.0275001525878906,24.020455571425195,-0.14004808253575618,-0.10835939093358352,-95.72042617438687
2013-02-21,39.5724983215332,38.6974983215332,38.779998779296875,39.36000061035156,14220800.0,39.36000061035156,53.31675422907506,-0.845001220703125,22.569001176136194,-0.11973591179282295,-0.1106346951054314,-36.589046674379674
2013-02-22,39.89500045776367,39.17250061035156,39.57500076293945,39.85749816894531,11738000.0,39.85749816894531,57.65510398961834,0.592498779296875,21.84272457215994,-0.0627708911600493,-0.10106193431635499,83.74988012566106
2013-02-25,40.087501525878906,38.97249984741211,39.79999923706055,38.97249984741211,11183200.0,38.97249984741211,48.941855062920375,-0.47750091552734375,20.711420897135145,-0.08802299590158214,-0.09845414663340042,-0.1848023936617454
2013-02-26,39.647499084472656,39.002498626708984,39.002498626708984,39.45750045776367,11354000.0,39.45750045776367,53.12292461244682,0.375,19.66092462746926,-0.06811479000548815,-0.09238627530781797,13.997026471493133
2013-02-27,40.025001525878906,39.32500076293945,39.36249923706055,39.967498779296875,8318000.0,39.967498779296875,57.101064249324466,0.7674980163574219,19.429218154034313,-0.011057329081339162,-0.07612048606252221,156.58075100042757
2013-02-28,40.084999084472656,39.57749938964844,40.084999084472656,39.65999984741211,11228000.0,39.65999984741211,54.11892301286012,0.967498779296875,19.325153756628104,0.009241989943426177,-0.05904799086133253,137.05103267958577
2013-03-01,39.71500015258789,39.162498474121094,39.48249816894531,39.52000045776367,13212000.0,39.52000045776367,52.767723203238006,0.5250015258789062,18.202707354323334,0.013872650518592877,-0.044463862585347444,43.39842576391164
2013-03-04,39.8849983215332,39.38750076293945,39.439998626708984,39.875,6570000.0,39.875,55.78247260504552,0.3774986267089844,17.51133188883845,0.045661619859657776,-0.0264387660963464,101.44928667393093
2013-03-05,40.44499969482422,39.96500015258789,40.022499084472656,40.0724983215332,10267600.0,40.0724983215332,57.411126452227215,0.6699981689453125,17.869829104972307,0.08580199903995123,-0.003990613069086872,173.99761836751995
2013-03-06,40.42499923706055,40.04999923706055,40.21500015258789,40.26499938964844,7516000.0,40.26499938964844,58.996422945770966,1.4099998474121094,18.20271937709661,0.1316294240702831,0.023133394358787127,156.0929692378666
2013-03-07,40.44499969482422,39.912498474121094,40.217498779296875,40.127498626708984,8687200.0,40.127498626708984,57.35418491395337,0.7674980163574219,18.146156174032345,0.1550653295539206,0.04951978139781382,117.77082824535171
2013-03-08,40.349998474121094,39.97249984741211,40.334999084472656,40.16749954223633,9571600.0,40.16749954223633,57.72287829764878,0.3100013732910156,18.093633199758386,0.17485062392585604,0.07458594990342227,100.50958211493293
2013-03-11,40.400001525878906,40.102500915527344,40.342498779296875,40.29499816894531,6742000.0,40.29499816894531,58.941345645132174,1.3224983215332031,18.147014627570858,0.19853015385300665,0.09937479069333914,103.3706609802649
2013-03-12,40.24250030517578,39.75749969482422,40.16999816894531,39.95000076293945,8340800.0,39.95000076293945,54.37467041429406,0.49250030517578125,17.228892356747007,0.18729887962619785,0.11695960847991088,38.63918934590918
2013-03-13,40.099998474121094,39.712501525878906,39.875,39.842498779296875,11021600.0,39.842498779296875,52.99677933076134,-0.125,16.25781950545468,0.16778933127044837,0.12712555303801837,7.753283413992492
2013-03-14,40.26750183105469,39.82500076293945,39.849998474121094,40.165000915527344,14853600.0,40.165000915527344,56.553682368082235,0.5050010681152344,15.76514515459894,0.17631860959392753,0.1369641643492002,50.033759235635266
2013-03-15,40.15999984741211,39.63249969482422,40.00749969482422,39.63750076293945,17599600.0,39.63750076293945,49.90192518314569,0.11750030517578125,14.772517523994779,0.13891197947460654,0.13735372737428148,-30.941379205470174
2013-03-18,39.79499816894531,39.099998474121094,39.31999969482422,39.51750183105469,15162800.0,39.51750183105469,48.50428593254888,-0.3574981689453125,14.817173538397084,0.09844918376667522,0.1295728186527602,-133.82360739180413
2013-03-19,39.837501525878906,38.91999816894531,39.5,39.0,17652400.0,39.0,42.92126228389767,-1.0724983215332031,15.209830702575847,0.024343437828555636,0.1085269424879193,-160.7700913094234
2013-03-20,39.99250030517578,39.18000030517578,39.25,39.83250045776367,16070400.0,39.83250045776367,52.41098169653563,-0.4324989318847656,15.134978300366953,0.03241625530174019,0.09330480505068348,-52.17116097531081
2013-03-21,39.932498931884766,39.45000076293945,39.61249923706055,39.45000076293945,14883200.0,39.45000076293945,48.42716495884113,-0.6774978637695312,15.065472498315838,0.007858900113241418,0.07621562406319507,-71.68370652128635
2013-03-22,40.040000915527344,39.43000030517578,39.5525016784668,40.022499084472656,18790400.0,40.022499084472656,54.05617489950255,-0.14500045776367188,14.67876742004365,0.03419862867632162,0.06781222498582037,-18.161785373520946
2013-03-25,41.06999969482422,40.125,40.1875,41.0,19336800.0,41.0,61.73567138182807,0.7050018310546875,15.209080201362127,0.13242272119742182,0.08073432422814067,179.67020756019636
2013-03-26,41.94499969482422,41.1349983215332,41.224998474121094,41.8650016784668,17264800.0,41.8650016784668,66.99332356601467,1.9150009155273438,16.866903297478427,0.27687281109937345,0.11996202160238723,266.7090077125884
2013-03-27,42.307498931884766,41.377498626708984,41.65250015258789,42.165000915527344,13371200.0,42.165000915527344,68.6045350801486,2.3225021362304688,18.782223173248134,0.41082227581826913,0.17813407244556362,211.96795720283305
2013-03-28,42.7400016784668,42.032501220703125,42.1875,42.459999084472656,12456400.0,42.459999084472656,70.14770023564571,2.2949981689453125,20.958757587587062,0.5346193197638343,0.24943112190921773,179.08197526930704
2013-04-01,42.747501373291016,41.724998474121094,42.4375,41.837501525878906,13235200.0,41.837501525878906,63.09955562676603,2.200000762939453,22.229047166769977,0.5758608529984528,0.31471706812706474,117.188834972304
2013-04-02,42.224998474121094,41.82749938964844,42.10499954223633,41.98749923706055,9582000.0,41.98749923706055,64.03721762804587,2.4699974060058594,23.408601776011256,0.6135757080999085,0.3744887961216335,90.9347937331842
2013-04-03,42.13249969482422,41.06999969482422,42.10499954223633,41.1875,16624800.0,41.1875,55.88133254108024,2.1875,22.843985952954718,0.5723144650309777,0.4140539299035023,47.68321994247591
2013-04-04,41.63249969482422,41.252498626708984,41.35499954223633,41.619998931884766,8903600.0,41.619998931884766,58.926952575754854,1.7874984741210938,22.319699831545076,0.5679665174204231,0.4448364474068865,43.29798871240622
2013-04-05,41.35499954223633,40.897499084472656,41.0525016784668,41.290000915527344,7962400.0,41.290000915527344,55.7638239337377,1.8400001525878906,21.144451591746083,0.5317628247691601,0.4622217228793412,17.75649635164993
2013-04-08,41.592498779296875,41.119998931884766,41.40999984741211,41.5724983215332,6125600.0,41.5724983215332,57.84971308923299,1.5499992370605469,20.43444515072654,0.5198735387007574,0.47375208604362445,28.017962065253084
2013-04-09,41.720001220703125,41.002498626708984,41.70750045776367,41.1875,6004400.0,41.1875,54.10531001388394,0.1875,19.976497393264697,0.47392196939436104,0.47378606271377177,9.356489162213938
2013-04-10,41.82500076293945,41.24250030517578,41.24250030517578,41.747501373291016,8996400.0,41.747501373291016,58.33022062010165,-0.11750030517578125,19.71942071469709,0.4771916816887014,0.4744671865087577,30.354985102248445
2013-04-11,41.974998474121094,41.55500030517578,41.75,41.904998779296875,6590000.0,41.904998779296875,59.46054219253896,-0.26000213623046875,19.722156974996636,0.4868792358834355,0.4769495963836933,47.81254536968799
2013-04-12,41.70750045776367,41.275001525878906,41.477500915527344,41.4375,7076800.0,41.4375,54.71607436933237,-1.0224990844726562,19.08181327015009,0.4516273687600929,0.4718851508589732,-29.722713128826896
2013-04-15,41.220001220703125,40.3224983215332,41.154998779296875,40.3224983215332,10774000.0,40.3224983215332,45.409584800739275,-1.5150032043457031,18.658392661349815,0.3299156310648499,0.4434912469001485,-201.20016856300097
2013-04-16,41.20000076293945,40.625,40.662498474121094,41.1775016784668,10092000.0,41.1775016784668,52.132921590093794,-0.80999755859375,18.26521638174956,0.29900310571923683,0.41459361866396616,-103.81484758750571
2013-04-17,41.00749969482422,40.48500061035156,40.935001373291016,40.557498931884766,9543600.0,40.557498931884766,47.558779541316305,-0.6300010681152344,18.120308213322822,0.22191753934539804,0.37605840280025254,-140.45078113562818
2013-04-18,40.84749984741211,40.317501068115234,40.647499084472656,40.352500915527344,21010800.0,40.352500915527344,46.11796382738644,-1.2674980163574219,18.247413211639632,0.14264077191464253,0.32937487662313053,-142.50504174359315
2013-04-19,41.02750015258789,40.4375,40.52000045776367,40.9900016784668,7620400.0,40.9900016784668,51.08124484840963,-0.2999992370605469,17.95286051798996,0.12975857029410065,0.28945161535732455,-74.86818888741162
2013-04-22,41.087501525878906,40.622501373291016,40.89250183105469,40.88249969482422,5403600.0,40.88249969482422,50.24081399762228,-0.6899986267089844,17.54077051250199,0.10961129032595807,0.25348355035105125,-56.06901304279758
2013-04-23,41.41999816894531,40.88249969482422,41.067501068115234,41.415000915527344,6324000.0,41.415000915527344,54.25564131264659,0.22750091552734375,16.420058421057384,0.13505598271098762,0.2297980368230385,18.36629926376624
2013-04-24,41.89250183105469,41.400001525878906,41.415000915527344,41.76499938964844,7447200.0,41.76499938964844,56.72702719477717,0.017498016357421875,16.013786094848605,0.1813722896922627,0.22011288739688334,100.0825400377449
2013-04-25,42.619998931884766,41.86000061035156,41.977500915527344,42.189998626708984,9322800.0,42.189998626708984,59.582506874599396,0.2849998474121094,16.720625832415525,0.24949614695373157,0.225989539308253,159.0778375400085
2013-04-26,42.400001525878906,41.78499984741211,42.189998626708984,41.807498931884766,6127200.0,41.807498931884766,56.00084527710234,0.3699989318847656,17.210356675391072,0.26951348229280114,0.23469432790516262,106.09074719473257
2013-04-29,42.125,41.790000915527344,41.932498931884766,41.974998474121094,10694400.0,41.974998474121094,57.213778600205956,1.6525001525878906,17.665106743868364,0.29548698791014516,0.24685285990615913,85.3257015252458
2013-04-30,42.474998474121094,42.0099983215332,42.147499084472656,42.1150016784668,12161600.0,42.1150016784668,58.24978012845629,0.9375,18.584842693469312,0.3236375742771287,0.26220980278035305,102.44182397465605
2013-05-01,42.064998626708984,40.900001525878906,41.747501373291016,41.505001068115234,12252400.0,41.505001068115234,52.30695589993102,0.9475021362304688,17.289141160283382,0.2933436821516793,0.2684365786546183,19.117232510584074
2013-05-02,44.915000915527344,42.5,42.5,43.849998474121094,30677200.0,43.849998474121094,66.46936541420457,3.49749755859375,18.865444376079214,0.45333152347663486,0.3054155676190216,218.70521176723318
2013-05-03,45.209999084472656,44.10749816894531,44.2400016784668,44.8849983215332,15026400.0,44.8849983215332,70.61666822859026,3.8949966430664062,20.512393484562413,0.6560760419894365,0.37554766249310456,225.05033620338497
2013-05-06,45.192501068115234,44.532501220703125,44.834999084472656,44.72249984741211,13084000.0,44.72249984741211,69.17010933186735,3.8400001525878906,22.041703371011096,0.7944819711850926,0.4593345242315022,173.65304847330754
2013-05-07,44.96500015258789,44.30500030517578,44.872501373291016,44.9474983215332,11876400.0,44.9474983215332,70.08390433673009,3.5324974060058594,23.092206993670434,0.9118143356279802,0.5498304865107978,129.03612382888218
2013-05-08,44.875,44.42499923706055,44.8650016784668,44.814998626708984,14449200.0,44.814998626708984,68.79081877573918,3.049999237060547,24.067674643282675,0.9827805790017834,0.6364205050089949,100.99389328032348
2013-05-09,44.970001220703125,44.557498931884766,44.807498931884766,44.64500045776367,11501200.0,44.64500045776367,67.08072175704163,2.4550018310546875,25.051850159826273,1.0136200259571098,0.7118604091986179,84.66533754778943
2013-05-10,44.755001068115234,44.38750076293945,44.66999816894531,44.6875,13837600.0,44.6875,67.29958269604379,2.8800010681152344,25.647182512945353,1.0296210373289156,0.7754125348246774,67.9573436126805
2013-05-13,45.11000061035156,44.532501220703125,44.64500045776367,44.73249816894531,12480000.0,44.73249816894531,67.54561189457844,2.7574996948242188,26.522695879619672,1.0340134666975729,0.8271327211992565,67.58217497934874
2013-05-14,45.372501373291016,44.65999984741211,44.744998931884766,45.08000183105469,16074800.0,45.08000183105469,69.4567738514497,2.9650001525878906,27.562945499159447,1.0533922893433143,0.872384634828068,72.4517358758397
2013-05-15,45.4474983215332,44.91999816894531,45.0,45.439998626708984,13624400.0,45.439998626708984,71.33968146778385,3.93499755859375,28.594205823166153,1.085288350165321,0.9149653778955187,77.18945319961969
2013-05-16,45.435001373291016,44.94499969482422,45.435001373291016,44.95000076293945,9913600.0,44.95000076293945,65.42741373190808,1.1000022888183594,29.55180469545809,1.0588220343244146,0.9437367091812978,63.40322467615767
2013-05-17,46.14500045776367,45.130001068115234,45.220001220703125,46.14250183105469,13248800.0,46.14250183105469,71.59677093711475,1.2575035095214844,31.044200234537794,1.1211482591497202,0.9792190191749823,112.12873772648939
2013-05-20,46.224998474121094,45.20000076293945,45.977500915527344,45.40250015258789,21192000.0,45.40250015258789,63.96839459673737,0.6800003051757812,32.49144583746467,1.0981712557117973,1.0030094664823452,107.97369498771376
2013-05-21,45.67250061035156,45.09749984741211,45.3849983215332,45.38750076293945,13422800.0,45.38750076293945,63.81996489952645,0.44000244140625,33.58247834989091,1.0664580252889166,1.0156991782436595,80.6872826319994
2013-05-22,46.10499954223633,45.025001525878906,45.52000045776367,45.03499984741211,19563200.0,45.03499984741211,60.27999242914676,0.220001220703125,34.95409612387542,1.0013383782740632,1.0128270182497403,69.56564297357826
2013-05-23,44.877498626708984,44.27750015258789,44.595001220703125,44.525001525878906,16906000.0,44.525001525878906,55.48475437309007,-0.11999893188476562,34.57201705566898,0.8982238214503866,0.9899063788898695,-95.93971370162369
2013-05-24,45.275001525878906,44.224998474121094,44.470001220703125,45.11249923706055,12306400.0,45.11249923706055,59.48322548956181,0.4249992370605469,34.61918480381962,0.8540658086320789,0.9627382648383114,-34.87371286926558
2013-05-28,45.6349983215332,44.91749954223633,45.61000061035156,45.00749969482422,9937200.0,45.00749969482422,58.47234089072827,0.27500152587890625,34.997588023885335,0.8013600993950973,0.9304626317496686,23.327546958528952
2013-05-29,45.04999923706055,44.51750183105469,44.80500030517578,44.53499984741211,7490400.0,44.53499984741211,54.02310376969349,-0.5450019836425781,34.55291420653461,0.7132418482119292,0.8870184750421207,-78.3009478301402
2013-05-30,45.497501373291016,44.584999084472656,44.584999084472656,45.25749969482422,9628000.0,45.25749969482422,59.142593091997874,-0.18249893188476562,34.585499243875766,0.6937105355604203,0.8483568871457806,2.403105173207424
2013-05-31,45.349998474121094,44.525001525878906,45.14250183105469,44.53499984741211,12514400.0,44.53499984741211,52.80991849892496,-0.41500091552734375,34.49535737718917,0.6128673764466228,0.801258985005949,-75.15051578711326
2013-06-03,45.16999816894531,44.377498626708984,44.6875,45.04750061035156,15232400.0,45.04750061035156,56.3779928424908,-1.095001220703125,34.10693761476317,0.5834277271595099,0.7576927334366612,-62.625937820698624
2013-06-04,45.4375,44.67499923706055,44.849998474121094,45.04999923706055,13528400.0,45.04999923706055,56.395303277535334,-0.35250091552734375,34.04430651869006,0.5539130464907274,0.7169367960474744,-16.855109603786303
2013-06-05,45.04750061035156,44.21500015258789,44.967498779296875,44.30500030517578,12176800.0,44.30500030517578,50.02150847364374,-1.0825004577636719,33.05140989731027,0.4650464953150788,0.6665587359009952,-120.9524305688341
2013-06-06,44.85499954223633,44.099998474121094,44.17250061035156,44.837501525878906,14664800.0,44.837501525878906,54.02150431894367,-0.19749832153320312,31.9083361764365,0.43260075920432683,0.6197671405616616,-87.9356028623152
2013-06-07,45.25,44.88750076293945,45.162498474121094,44.98500061035156,13899200.0,44.98500061035156,55.09361082723836,0.45999908447265625,31.362441006843145,0.4140166962355494,0.5786170516964392,15.090117479485963
2013-06-10,45.78499984741211,44.907501220703125,45.1349983215332,45.58250045776367,13779200.0,45.58250045776367,59.23983054599928,0.470001220703125,31.46475629180727,0.4424021994440466,0.5513740812459607,116.7763921781171
2013-06-11,45.48749923706055,44.88999938964844,45.13750076293945,44.915000915527344,7856400.0,44.915000915527344,53.317264736850476,-0.092498779296875,31.522278408382352,0.4063521065720863,0.5223696863111857,42.1199111087085
2013-06-12,45.15999984741211,44.6775016784668,45.15999984741211,44.787498474121094,9994800.0,44.787498474121094,52.24284223369799,0.2524986267089844,31.111484436460362,0.36330580365057585,0.49055690977906374,-10.492603880288646
2013-06-13,45.689998626708984,44.6775016784668,44.787498474121094,45.5625,9760400.0,45.5625,57.808323863382206,0.30500030517578125,31.348180927896873,0.3872633142106636,0.46989819066538374,108.66058354770294
2013-06-14,45.619998931884766,45.02750015258789,45.51250076293945,45.23249816894531,7427200.0,45.23249816894531,54.87578675352511,0.6974983215332031,31.56797052708792,0.375295254033027,0.4509776033389124,88.69691457614418
2013-06-17,45.93000030517578,45.375,45.58000183105469,45.587501525878906,14779200.0,45.587501525878906,57.38052326305928,0.5400009155273438,32.11534850951167,0.389961055825502,0.43877429383623034,159.50033931700142
2013-06-18,46.307498931884766,45.43000030517578,45.43000030517578,46.002498626708984,7579200.0,46.002498626708984,60.16422655691358,0.9524993896484375,33.00424001885528,0.4301125375715742,0.4370419425832991,185.09183886734542
2013-06-19,46.282501220703125,45.63249969482422,46.0625,45.657501220703125,12220800.0,45.657501220703125,56.84047915694129,1.3525009155273438,33.829639277531484,0.4291475232174946,0.4354630587101382,132.2144002073342
2013-06-20,45.619998931884766,44.6150016784668,45.38249969482422,44.6150016784668,15534000.0,44.6150016784668,48.17899803566665,-0.22249984741210938,32.374654702203195,0.3403385311295821,0.416438153194027,-43.73457921531244
2013-06-21,45.375,44.70000076293945,45.0,44.875,17923200.0,44.875,50.21650530756068,-0.1100006103515625,31.023597596541208,0.2876209415405029,0.39067471086332217,-39.715019985914125
2013-06-24,44.869998931884766,43.91999816894531,44.52750015258789,44.567501068115234,15527600.0,44.567501068115234,47.821668960294026,-1.0149993896484375,29.147421878464904,0.2185104258825774,0.3562418538671732,-123.51317399408362
2013-06-25,45.345001220703125,44.625,44.95000076293945,45.11750030517578,12721600.0,45.11750030517578,52.21157506098848,0.2024993896484375,27.43851266829517,0.20574844619094534,0.32614317233192763,-28.706547445727804
2013-06-26,45.78499984741211,45.119998931884766,45.47249984741211,45.662498474121094,10392800.0,45.662498474121094,56.14858322947527,0.875,26.43919630361051,0.2368806699245809,0.3082906718504583,57.97244179322743
2013-06-27,46.25,45.625,45.86000061035156,46.064998626708984,11102400.0,46.064998626708984,58.84520322236266,0.5024986267089844,26.067009414523916,0.29068079277219283,0.30476869603480516,126.38647255777131
2013-06-28,46.18000030517578,45.55500030517578,46.064998626708984,45.6875,12656400.0,45.6875,55.40399305775423,0.4550018310546875,25.597026919351755,0.2994054339806098,0.30369604362396607,81.62396453192851
2013-07-01,46.8650016784668,45.907501220703125,45.974998474121094,46.30500030517578,11616000.0,46.30500030517578,59.569046667264224,0.717498779296875,25.91670652572194,0.35208823495300834,0.3133744818897745,140.98670065467425
2013-07-02,46.7599983215332,46.064998626708984,46.27000045776367,46.310001373291016,8749200.0,46.310001373291016,59.601954194932816,0.30750274658203125,26.213551874494254,0.3897504777872669,0.328649681069273,123.49373011882696
2013-07-03,46.86000061035156,45.98249816894531,46.04499816894531,46.7599983215332,4533200.0,46.7599983215332,62.55522946661271,1.1024971008300781,26.59795773805458,0.4507135245652023,0.35306244976845885,121.98094347280824
2013-07-05,47.71500015258789,46.875,47.217498779296875,47.6974983215332,8495600.0,47.6974983215332,67.83143443545455,3.0824966430664062,27.770929821186773,0.5681265837266594,0.39607527656009894,189.7568454973638
2013-07-08,48.192501068115234,47.01499938964844,47.900001525878906,47.025001525878906,19588000.0,47.025001525878906,61.17269908406918,2.1500015258789062,29.231624353556523,0.5999960271915441,0.436859426686388,149.9188645499823
2013-07-09,47.38249969482422,46.650001525878906,47.23749923706055,46.79999923706055,23330400.0,46.79999923706055,59.0829026836595,2.2324981689453125,29.848063283622363,0.6001785022831712,0.4695232418057446,86.77318732993834
2013-07-10,46.95249938964844,46.45249938964844,46.837501525878906,46.67499923706055,15523200.0,46.67499923706055,57.899509726017584,1.5574989318847656,30.03512574310202,0.5835103160753761,0.4923206566596709,55.83183780891087
2013-07-11,47.51499938964844,46.880001068115234,47.334999084472656,47.4900016784668,14235200.0,47.4900016784668,63.090381418998085,1.8275032043457031,30.725754999999417,0.6288159453857176,0.5196197144048802,93.93360971378853
2013-07-12,47.682498931884766,47.287498474121094,47.474998474121094,47.68000030517578,7782800.0,47.68000030517578,64.19860979870501,1.6150016784667969,31.51014213034659,0.6723024007323062,0.5501562516703654,105.31208963709118
2013-07-15,47.95750045776367,47.45000076293945,47.875,47.5625,14529200.0,47.5625,62.94000410212642,1.875,32.46952019312058,0.689338175867519,0.5779926365097962,103.91986055623921
2013-07-16,47.682498931884766,47.17499923706055,47.54750061035156,47.345001220703125,7515200.0,47.345001220703125,60.57275527034419,1.0400009155273438,32.776650334329204,0.6774792574584083,0.5978899606995186,68.55554712380356
2013-07-17,47.48749923706055,47.03499984741211,47.11000061035156,47.40999984741211,11118000.0,47.40999984741211,61.04429710558853,1.0999984741210938,32.76891796898817,0.6656525963630031,0.6114424878322156,50.30518223838688
2013-07-18,47.849998474121094,47.48749923706055,47.5525016784668,47.752498626708984,5938400.0,47.752498626708984,63.52010482613939,0.9925003051757812,33.13282730070997,0.6761227491653514,0.6243785400988427,88.8674823148496
2013-07-19,47.997501373291016,47.349998474121094,47.77000045776367,47.47999954223633,9048400.0,47.47999954223633,60.239757813967934,-0.217498779296875,33.61590147385764,0.6548829390763231,0.6304794198943389,71.9303935076352
2013-07-22,47.82749938964844,47.3125,47.5525016784668,47.80500030517578,7930400.0,47.80500030517578,62.71301813357311,0.779998779296875,33.97578997567417,0.6567049955763622,0.6357245350307436,74.59053242531893
2013-07-23,47.86750030517578,47.1349983215332,47.682498931884766,47.14500045776367,11710800.0,47.14500045776367,55.20320334107519,0.345001220703125,33.88131156162132,0.5979991546295409,0.628179458950503,14.281412278129741
2013-07-24,47.462501525878906,46.415000915527344,47.4474983215332,46.6875,13993600.0,46.6875,50.67335593259523,0.012500762939453125,32.28696269929923,0.5086939817056759,0.6042823635015375,-140.03529346239534
2013-07-25,49.0,47.75,47.75,48.65250015258789,21923200.0,48.65250015258789,64.24453231109692,1.1624984741210938,32.49793813325063,0.5896806078925039,0.6013620123797307,233.14751939169977
2013-07-26,48.650001525878906,47.95750045776367,48.5,48.29999923706055,8709200.0,48.29999923706055,61.00215574067007,0.6199989318847656,32.69384389334836,0.6182919302145606,0.6047479959466967,150.8171055972841
2013-07-29,48.372501373291016,47.8125,48.21500015258789,47.99250030517578,5776400.0,47.99250030517578,58.24079818809459,0.43000030517578125,32.6009001499233,0.6091323171801903,0.6056248601933955,92.89370499079338
2013-07-30,48.29999923706055,47.787498474121094,48.17499923706055,47.86000061035156,13911200.0,47.86000061035156,57.042589013875244,0.5149993896484375,32.46527073347146,0.5844445271281913,0.6013887935803546,68.24552282076768
2013-07-31,48.724998474121094,42.747501373291016,48.4375,44.252498626708984,90073600.0,44.252498626708984,35.57982921389252,-3.157501220703125,32.92857163898992,0.27066396896635325,0.5352438286575543,-314.57566486367233
2013-08-01,45.439998626708984,43.31999969482422,45.439998626708984,44.79249954223633,74287200.0,44.79249954223633,39.26372303450745,-2.9599990844726562,33.35877962268564,0.06481700675665536,0.4411584642773745,-245.9100335054758
2013-08-02,46.022499084472656,45.209999084472656,45.404998779296875,46.0,21698400.0,46.0,46.615285446240385,-1.4799995422363281,33.0965502480633,-0.0008729357428123308,0.3527521842733371,-105.17132853718944
2013-08-05,46.28499984741211,45.70000076293945,46.0,46.1349983215332,11479600.0,46.1349983215332,47.38210068588258,-1.6700019836425781,32.562721937900626,-0.04156037004894131,0.27388967340888143,-68.99089852464098
2013-08-06,46.07749938964844,45.212501525878906,46.0525016784668,45.72249984741211,19986800.0,45.72249984741211,45.24359891067994,-1.4225006103515625,32.380393389445224,-0.10587022825230719,0.19793769307664372,-78.23001794876365
2013-08-07,45.5,44.974998474121094,45.352500915527344,45.34749984741211,15556400.0,45.34749984741211,43.32904320275958,-1.3400001525878906,32.36115902962691,-0.18496347638027544,0.12135745918525988,-85.83772843731667
2013-08-08,45.63999938964844,44.98249816894531,45.602500915527344,45.19499969482422,9626800.0,45.19499969482422,42.540657471612434,-3.457500457763672,32.16683960326986,-0.25698852937779293,0.045688261472649316,-73.38452629244921
2013-08-09,45.337501525878906,44.88999938964844,45.20000076293945,44.95249938964844,10028400.0,44.95249938964844,41.2551789450817,-3.3474998474121094,32.05239043986863,-0.3298345236847169,-0.029416295558823927,-74.33486860658165
2013-08-12,44.994998931884766,44.599998474121094,44.849998474121094,44.939998626708984,13622400.0,44.939998626708984,41.18608816649784,-3.052501678466797,32.1566629539419,-0.3841460100151153,-0.1003622384500822,-76.69256911565226
2013-08-13,45.15999984741211,44.66999816894531,45.125,44.807498931884766,11407200.0,44.807498931884766,40.41352955974779,-3.052501678466797,32.011714520098465,-0.43288978823698443,-0.16686774840746266,-67.4590142871688
2013-08-14,45.372501373291016,44.587501525878906,44.877498626708984,44.587501525878906,15338800.0,44.587501525878906,39.10203172031099,0.3350028991699219,31.561395702326877,-0.48369579173051847,-0.23023335707207382,-65.6674717266736
2013-08-15,44.372501373291016,43.36249923706055,44.36249923706055,43.48249816894531,17288400.0,43.48249816894531,33.263090356270084,-1.3100013732910156,32.06739816829264,-0.6061372783058516,-0.3054141413188294,-139.45605350355646
2013-08-16,43.682498931884766,43.09000015258789,43.43000030517578,43.282501220703125,12612400.0,43.282501220703125,32.32232390174355,-2.717498779296875,32.712769930287386,-0.7111138431086275,-0.386554081676789,-170.5644869770037
2013-08-19,44.22249984741211,43.0525016784668,43.08250045776367,43.744998931884766,11982000.0,43.744998931884766,36.77555425719276,-2.3899993896484375,32.51845971692723,-0.7483621736933586,-0.4589157000801029,-131.6972456633673
2013-08-20,43.817501068115234,43.224998474121094,43.65250015258789,43.30500030517578,14135200.0,43.30500030517578,34.45291324528087,-2.417499542236328,32.33802880452138,-0.8041166003710813,-0.5279558801382986,-121.21363532012657
2013-08-21,45.375,43.130001068115234,43.314998626708984,44.59749984741211,30930800.0,44.59749984741211,45.36813682250513,-0.75,30.234762151499826,-0.7355297449644524,-0.5694706531035294,-33.354044728536145
2013-08-22,45.35749816894531,44.255001068115234,44.90999984741211,44.72999954223633,10586400.0,44.72999954223633,46.35437701649263,-0.4650001525878906,28.281728830836954,-0.66284172310759,-0.5881448671043416,11.84938735888429
2013-08-23,45.147499084472656,44.404998779296875,45.099998474121094,44.775001525878906,9807200.0,44.775001525878906,46.706272945207665,-0.17749786376953125,26.468197890221433,-0.5947487645746534,-0.589465646598404,22.41914452497293
2013-08-26,44.8650016784668,43.74250030517578,44.8650016784668,43.75,13789200.0,43.75,40.23279476092467,-1.1899986267089844,25.475831612873804,-0.6163883203289373,-0.5948501813445106,-39.16258073617815
2013-08-27,43.77000045776367,43.14250183105469,43.244998931884766,43.54249954223633,12762400.0,43.54249954223633,39.05276359184558,-1.2649993896484375,25.107822566592166,-0.6428707629742192,-0.6044542976704523,-94.68681589945177
2013-08-28,43.9474983215332,43.342498779296875,43.342498779296875,43.8025016784668,15672000.0,43.8025016784668,41.373109218328636,-0.7849998474121094,24.530080570863827,-0.6355520417807838,-0.6106738464925187,-60.57409065176182
2013-08-29,44.31999969482422,43.6974983215332,43.77750015258789,43.842498779296875,9404800.0,43.842498779296875,41.74056174242697,0.3600006103515625,23.50515279218506,-0.6193845907307534,-0.6124159953401656,-23.886734132306227
2013-08-30,43.875,43.45249938964844,43.852500915527344,43.60499954223633,9886400.0,43.60499954223633,40.13208606944917,0.3224983215332031,22.80843372848692,-0.6186050785826467,-0.6136538119886618,-55.62318131164692
2013-09-03,44.599998474121094,43.8125,44.00749969482422,44.255001068115234,12550400.0,44.255001068115234,46.238224566335866,0.5100021362304688,21.248019415746104,-0.5590927455921317,-0.6027415987093557,32.660830490662036
2013-09-04,44.470001220703125,43.8125,44.224998474121094,44.04750061035156,9753200.0,44.04750061035156,44.67184927914719,0.7425003051757812,19.79906326820106,-0.5226475896451959,-0.5867227968965237,27.34549441211361
2013-09-05,44.17499923706055,43.807498931884766,44.032501220703125,44.0525016784668,7406800.0,44.0525016784668,44.720455015439384,-0.5449981689453125,18.45996078185175,-0.4877386490434361,-0.5669259673259062,6.774883480441126
2013-09-06,44.47249984741211,43.76250076293945,44.08000183105469,44.16749954223633,6697200.0,44.16749954223633,45.897439870396454,-0.5625,17.459177660047384,-0.44565644549015104,-0.5426720629587551,21.093991516688433
2013-09-09,44.662498474121094,44.31999969482422,44.31999969482422,44.63750076293945,10801600.0,44.63750076293945,50.53313336348938,-0.13750076293945312,16.776177105123562,-0.3701143772884308,-0.5081605258246903,90.37092049747832
2013-09-10,46.162498474121094,45.33250045776367,45.602500915527344,46.147499084472656,19507200.0,46.147499084472656,61.84452266925457,2.3974990844726562,17.686538925390458,-0.18625546199625376,-0.443779513059003,249.91872177409752
2013-09-11,46.63249969482422,45.727500915527344,46.25,46.57749938964844,11006000.0,46.57749938964844,64.3448711449572,3.0349998474121094,18.901426873270754,-0.005781866274723768,-0.35617998370214715,208.69025506067496
2013-09-12,46.95249938964844,46.26499938964844,46.60749816894531,46.26499938964844,14212000.0,46.26499938964844,61.20579304808202,2.4624977111816406,20.267785985471953,0.11075194081507078,-0.26279359879870356,171.01950266489084
2013-09-13,47.32500076293945,46.29999923706055,46.372501373291016,47.25,16403600.0,47.25,66.71738206435587,3.407501220703125,21.80290995139674,0.2793667735110148,-0.15436152433675987,153.58143751053524
2013-09-16,47.77000045776367,47.220001220703125,47.7400016784668,47.345001220703125,11380800.0,47.345001220703125,67.20137931811303,3.740001678466797,23.527299695979327,0.41586718968488867,-0.04031578153243015,138.7946964836071
2013-09-17,47.974998474121094,47.13999938964844,47.33000183105469,47.900001525878906,10400800.0,47.900001525878906,69.95060197110026,3.645000457763672,25.261420287776676,0.5623462615766215,0.0802166270893802,121.15791068696399
2013-09-18,48.5,47.54249954223633,47.60499954223633,48.412498474121094,10474800.0,48.412498474121094,72.2626755222874,4.364997863769531,27.194916166813407,0.7115835102224892,0.206490003716002,120.18499480588504
2013-09-19,49.5,48.502498626708984,48.63249969482422,48.6775016784668,14966400.0,48.6775016784668,73.40228165362957,4.625,29.50443658153571,0.8415379234942932,0.33349958767166027,131.0574229566947
2013-09-20,49.70750045776367,48.467498779296875,48.82500076293945,49.70750045776367,57707200.0,49.70750045776367,77.30517985288111,5.540000915527344,31.743348783253747,1.0159290282694613,0.4699854757912205,128.83065243438014
2013-09-23,50.21500015258789,49.0,49.4900016784668,49.060001373291016,19551600.0,49.060001373291016,70.31954289322225,4.4225006103515625,34.04372342787799,1.0893303483117904,0.5938544502953345,115.18993466407727
2013-09-24,49.20000076293945,48.154998779296875,49.060001373291016,48.334999084472656,15296400.0,48.334999084472656,63.41013262951671,2.1875,34.72408109812811,1.0765895435581712,0.6904014689479018,69.81906938318653
2013-09-25,48.5,47.66999816894531,48.317501068115234,47.88999938964844,10594800.0,47.88999938964844,59.54290295873225,1.3125,34.624120712698534,1.0188400537104272,0.7560891859004069,37.61221699270466
2013-09-26,48.625,47.915000915527344,48.11249923706055,48.38999938964844,9326400.0,48.38999938964844,62.323313817599434,2.125,34.62378860127416,1.0018700539298848,0.8052453595063025,44.46962244731337
2013-09-27,48.4275016784668,47.95249938964844,47.997501373291016,48.26250076293945,7258400.0,48.26250076293945,61.16889061019426,1.0125007629394531,34.62348021209438,0.9669863168836699,0.837593550981776,28.730429713240262
2013-09-30,47.9900016784668,47.5625,47.70000076293945,47.775001525878906,9561600.0,47.775001525878906,56.834021251369236,0.43000030517578125,33.99186041203604,0.8897471385562099,0.8480242684966628,-17.296468461147445
2013-10-01,48.40250015258789,47.51750183105469,47.8224983215332,48.30500030517578,9384800.0,48.30500030517578,60.141182933489326,0.404998779296875,33.774238889443836,0.8613716491717014,0.8506937446316705,-1.9152549060107014
2013-10-02,48.25,47.75,47.974998474121094,47.95500183105469,8712400.0,47.95500183105469,57.03361453776306,-0.45749664306640625,33.572161761322505,0.8014038330668072,0.8408357623186978,-28.43900411227304
2013-10-03,48.02750015258789,46.935001373291016,47.997501373291016,47.162498474121094,19646000.0,47.162498474121094,50.651551030991904,-1.5150032043457031,32.09829634264842,0.6820680531373071,0.8090822204824197,-119.13643607671158
2013-10-04,47.787498474121094,47.002498626708984,47.15999984741211,47.619998931884766,9365600.0,47.619998931884766,53.861297352393535,-2.0875015258789062,30.72970702530819,0.6172942671664288,0.7707246298192215,-106.40954839102913
2013-10-07,46.98749923706055,46.58000183105469,46.98749923706055,46.58250045776367,11785200.0,46.58250045776367,46.478368334804394,-2.4775009155273438,28.842841860810577,0.4767474709098849,0.7119291980373542,-180.95975959169738
2013-10-08,47.095001220703125,45.627498626708984,46.560001373291016,45.63249969482422,16039600.0,45.63249969482422,40.94405318341831,-2.7024993896484375,27.639899233699634,0.2854159033415229,0.626626539098188,-190.1131105610899
2013-10-09,46.17499923706055,45.02750015258789,45.849998474121094,45.962501525878906,13448000.0,45.962501525878906,43.46246618330575,-1.9274978637695312,27.125818900299425,0.15858458304199985,0.5330181478869503,-173.49234422781691
2013-10-10,47.279998779296875,46.38750076293945,46.48500061035156,47.25749969482422,10865600.0,47.25749969482422,52.09573030225816,-1.1324996948242188,25.2733484231462,0.16071278052329063,0.4585570744142184,-56.44311973323254
2013-10-11,48.04999923706055,46.875,47.20000076293945,48.04999923706055,11915200.0,48.04999923706055,56.475822836149646,-0.21250152587890625,24.157152779337174,0.22376802373661064,0.41159926427869686,16.170366384730652
2013-10-14,48.4474983215332,47.505001068115234,47.592498779296875,48.36000061035156,8922400.0,48.36000061035156,58.0900887770048,0.5849990844726562,23.48336875969983,0.29534967114648936,0.3883493456522554,67.39002074670609
2013-10-15,48.60499954223633,47.842498779296875,48.25749969482422,47.842498779296875,10567600.0,47.842498779296875,54.458919531922376,-0.46250152587890625,23.00035509370369,0.30678415286614324,0.37203630709503294,65.5973706826389
2013-10-16,48.95249938964844,47.959999084472656,48.10499954223633,48.907501220703125,10382800.0,48.907501220703125,60.00037409695953,0.9524993896484375,22.865385570051647,0.3972041364012284,0.37706987295627203,113.6110607652913
2013-10-17,49.6875,48.86750030517578,48.91749954223633,49.56999969482422,12605200.0,49.56999969482422,63.01520285976605,2.407501220703125,23.344082954353464,0.5163683421047409,0.4049295667859658,165.50308338235192
2013-10-18,50.247501373291016,49.23749923706055,49.68000030517578,50.11249923706055,14387200.0,50.11249923706055,65.32026017266898,2.4925003051757812,24.195301765024617,0.6471223887789961,0.45336813118457187,165.5346748946998
2013-10-21,50.41999816894531,49.814998626708984,50.26250076293945,50.0099983215332,11526000.0,50.0099983215332,64.50227287963182,3.4274978637695312,25.10649013549129,0.734013692612443,0.5094972434701461,146.74865376280198
2013-10-22,50.66999816894531,49.877498626708984,50.01250076293945,49.994998931884766,12202800.0,49.994998931884766,64.37523068843268,4.362499237060547,26.12897825637886,0.7925295640471788,0.5661037075855526,123.6427180748331
2013-10-23,49.77750015258789,49.29499816894531,49.66999816894531,49.72249984741211,7476400.0,49.72249984741211,61.98661107262949,3.759998321533203,26.187289894211585,0.807605837617352,0.6144041335919125,76.7084838289055
2013-10-24,50.845001220703125,49.90250015258789,49.967498779296875,50.727500915527344,8885600.0,50.727500915527344,66.86916194490917,3.470001220703125,27.024670515761432,0.8903852729123756,0.6696003614560051,103.82355372914841
2013-10-25,50.974998474121094,50.380001068115234,50.935001373291016,50.76499938964844,11014400.0,50.76499938964844,67.03927541129401,2.7150001525878906,27.887852429126248,0.9480854463877932,0.7252973784423628,99.24200121947281
2013-10-28,51.125,50.61249923706055,50.89250183105469,50.77000045776367,6854400.0,50.77000045776367,67.06356480767538,2.4099998474121094,28.79126838481073,0.9828866880613418,0.7768152403661586,94.4499964538865
2013-10-29,51.3125,50.869998931884766,50.869998931884766,51.060001373291016,8599600.0,51.060001373291016,68.5125972009581,3.2175025939941406,29.76000470140533,1.022085606416745,0.8258693135762758,102.83770103478626
2013-10-30,51.224998474121094,50.40999984741211,51.21500015258789,50.95500183105469,11946400.0,50.95500183105469,67.35712954482412,2.0475006103515625,29.89963779370591,1.0327732786089143,0.8672501065828035,82.88773005790974
2013-10-31,49.724998474121094,48.564998626708984,49.26250076293945,49.16749954223633,24035200.0,49.16749954223633,51.4493059392325,-0.4025001525878906,27.794510890921174,0.8867845397242888,0.8711569932111006,-51.1950283871608
2013-11-01,50.24250030517578,49.630001068115234,49.73749923706055,49.790000915527344,13233600.0,49.790000915527344,55.39972462025099,-0.3224983215332031,26.27110374085844,0.8119583206359096,0.8593172586960625,-2.7493908113555245
2013-11-04,50.0,49.04750061035156,49.91999816894531,49.10499954223633,11089200.0,49.10499954223633,50.527663670213165,-0.904998779296875,24.516930222252963,0.6894367195419093,0.8253411508652319,-69.54701616819209
2013-11-05,49.49250030517578,48.75,48.845001220703125,49.342498779296875,11058000.0,49.342498779296875,52.100528103814106,-0.6525001525878906,23.172686400692474,0.6045329915039446,0.7811795189929744,-102.53062732548514
2013-11-06,50.04750061035156,49.34749984741211,49.685001373291016,49.755001068115234,8878800.0,49.755001068115234,54.789095306191,0.032501220703125,21.679163286091995,0.564029877288732,0.737749590652126,-44.864963642523065
2013-11-07,50.09000015258789,49.025001525878906,49.99250030517578,49.025001525878906,10832400.0,49.025001525878906,49.49455230435009,-1.7024993896484375,20.29776317662007,0.46763539551962197,0.6837267516256251,-77.67019550357415
2013-11-08,49.6150016784668,48.942501068115234,48.942501068115234,49.5724983215332,11462400.0,49.5724983215332,53.15114829307043,-1.1925010681152344,19.10047539998018,0.4304584331542003,0.6330730879313402,-67.69077676543714
2013-11-11,49.92499923706055,49.55500030517578,49.65999984741211,49.817501068115234,8385200.0,49.817501068115234,54.730639341612864,-0.9524993896484375,17.832836286320365,0.4159700528726873,0.5896524809196096,-21.636799084997598
2013-11-12,49.79499816894531,49.212501525878906,49.70249938964844,49.567501068115234,9016400.0,49.567501068115234,52.775384527867686,-1.4925003051757812,16.847512609205484,0.37993533837438065,0.5477090524105639,-47.640065464283204
2013-11-13,49.94499969482422,49.125,49.162498474121094,49.94499969482422,8181600.0,49.94499969482422,55.36823208164594,-1.0100021362304688,15.750673821167725,0.3774871153183099,0.513664664992113,-26.80049522352169
2013-11-14,50.057498931884766,49.692501068115234,49.98249816894531,50.037498474121094,10909600.0,50.037498474121094,56.00563046838754,0.8699989318847656,14.65960937503346,0.3786459643742077,0.48666092486853196,12.214953601213569
2013-11-15,50.6349983215332,49.935001373291016,49.939998626708984,50.5,12391600.0,50.5,59.147226017637756,0.7099990844726562,14.334600177655403,0.4121335494382663,0.47175544978247885,83.23047537005672
2013-11-18,50.6775016784668,49.817501068115234,50.5,49.974998474121094,16380800.0,49.974998474121094,54.3985496283761,0.8699989318847656,13.869456143256075,0.3917931191540873,0.45576298365680057,77.18598470457509
2013-11-19,50.099998474121094,49.20500183105469,50.087501525878906,49.34749984741211,14462800.0,49.34749984741211,49.3034529751789,0.005001068115234375,13.124216908036871,0.3213351352434941,0.42887741397413925,-22.7324342846091
2013-11-20,50.04999923706055,49.41749954223633,49.44499969482422,49.529998779296875,10197200.0,49.529998779296875,50.748289315902376,-0.22500228881835938,12.4322090467619,0.2770293915864741,0.39850780949660625,-4.665948311254808
2013-11-21,50.5,49.36249923706055,49.81999969482422,50.40250015258789,12776400.0,50.40250015258789,57.05044870579168,1.3774986267089844,11.902404121012982,0.3087611334101936,0.3805584742793237,99.74397564789453
2013-11-22,50.584999084472656,49.959999084472656,50.42499923706055,50.529998779296875,8150800.0,50.529998779296875,57.89824656938537,0.9575004577636719,11.521358036491652,0.34027436992224835,0.37250165340790864,134.32977471515062
2013-11-25,50.662498474121094,50.32749938964844,50.630001068115234,50.48249816894531,6742000.0,50.48249816894531,57.44330931217284,0.6649971008300781,11.272965045169368,0.3572972345127994,0.3694607696288868,132.5282077478569
2013-11-26,50.900001525878906,50.404998779296875,50.665000915527344,50.880001068115234,11246000.0,50.880001068115234,60.25758198929512,1.3125,11.367815793577293,0.3982721063108201,0.3752230369652735,143.59898907142795
2013-11-27,51.20750045776367,50.75749969482422,50.875,50.997501373291016,5939600.0,50.997501373291016,61.07696766958559,1.0525016784667969,11.859370694232306,0.435209456351096,0.38722032084243796,154.57135584657576
2013-11-29,51.26750183105469,50.8650016784668,51.127498626708984,50.8650016784668,4139200.0,50.8650016784668,59.58509323092348,0.8275032043457031,12.394057923781535,0.448619547463899,0.3995001661667302,132.5348736149747
2013-12-02,51.622501373291016,51.025001525878906,51.025001525878906,51.282501220703125,8762000.0,51.282501220703125,62.67851758546982,0.782501220703125,13.34372202934865,0.487318362417696,0.41706380541692334,145.72683894621184
2013-12-03,50.650001525878906,49.98249816894531,49.98249816894531,50.4375,17032800.0,50.4375,53.71675022395823,0.46250152587890625,12.43708792953124,0.4446769563861679,0.42258643561077225,3.90545675694829
2013-12-04,50.83250045776367,50.27000045776367,50.44499969482422,50.685001373291016,11739200.0,50.685001373291016,55.71406153638062,1.3375015258789062,11.852076795864377,0.4259446030184577,0.42325806909230934,33.88141309935249
2013-12-05,50.73500061035156,50.380001068115234,50.54750061035156,50.4275016784668,13260000.0,50.4275016784668,53.144471734728604,0.8975028991699219,11.308852171745148,0.3858729020404823,0.4157810356819439,13.604034381130354
2013-12-06,50.959999084472656,50.25,50.92499923706055,50.467498779296875,9106800.0,50.467498779296875,53.50319420123576,0.06499862670898438,11.140990962109969,0.3532709346505527,0.4032790154756657,19.173724152089186
2013-12-09,50.67499923706055,50.34000015258789,50.44499969482422,50.397499084472656,12667200.0,50.397499084472656,52.74215344808787,-0.13249969482421875,10.985119838877301,0.31811818187018304,0.38624684875456916,-1.183776962938498
2013-12-10,50.42250061035156,49.85749816894531,50.227500915527344,49.85749816894531,15647200.0,49.85749816894531,47.168232118561924,-0.625,10.409189984540705,0.24387457680794,0.35777239436524333,-103.2075137017724
2013-12-11,51.977500915527344,50.25,50.25,51.415000915527344,40328000.0,51.415000915527344,60.224920556724605,0.5349998474121094,11.47529382771877,0.3071725460528043,0.34765242470275554,129.85822697653342
2013-12-12,51.412498474121094,50.625,51.24250030517578,50.86000061035156,11469200.0,50.86000061035156,55.00801521484352,-0.13750076293945312,12.465247396384118,0.3089909016459842,0.33992012009140127,62.53536015954681
2013-12-13,52.0,50.97999954223633,51.127498626708984,51.84000015258789,17674400.0,51.84000015258789,61.371083476843694,0.9749984741210938,13.957178688548863,0.3850708770424376,0.3489502714816085,159.4255820990011
2013-12-16,52.64250183105469,51.8224983215332,52.0099983215332,51.9375,14779600.0,51.9375,61.947684312922625,0.654998779296875,15.877004768331068,0.4480671888754699,0.3687736549603808,194.95499486954955
2013-12-17,53.45249938964844,51.959999084472656,52.154998779296875,53.3125,20647200.0,53.3125,68.97986300217013,2.875,18.218658863957508,0.6020037045409481,0.41541966487649423,220.6750115628179
2013-12-18,53.869998931884766,52.5,53.275001525878906,53.837501525878906,16142000.0,53.837501525878906,71.17058461663385,3.1525001525878906,20.6438682191475,0.7576292592829788,0.48386158375779115,193.5925241741367
2013-12-19,54.467498779296875,53.6349983215332,53.73249816894531,54.02000045776367,13394800.0,54.02000045776367,71.91314377281012,3.592498779296875,23.221631706527766,0.8854824803932289,0.5641857630848787,175.94333437931374
2013-12-20,54.54999923706055,53.974998474121094,54.18000030517578,53.99250030517578,23263600.0,53.99250030517578,71.61381292257907,3.5250015258789062,25.658480042532602,0.9733676701689689,0.6460221445016967,139.77805636032392
2013-12-23,54.70750045776367,54.13750076293945,54.247501373291016,54.50749969482422,7994800.0,54.50749969482422,73.81217362191795,4.1100006103515625,28.0064171981866,1.0722136514162912,0.7312604458846156,123.57844805481686
2013-12-24,54.897499084472656,54.255001068115234,54.61750030517578,54.682498931884766,5207600.0,54.682498931884766,74.53389333687232,4.825000762939453,30.290406743612063,1.1513981781258167,0.8152879923328558,108.73473791212743
2013-12-26,55.0625,54.747501373291016,54.747501373291016,55.04999923706055,4898800.0,55.04999923706055,76.02799357035181,3.634998321533203,32.501926413955815,1.2296322541302018,0.8981568446923249,104.62635277978993
2013-12-27,55.349998474121094,54.787498474121094,55.25,54.91749954223633,5242000.0,54.91749954223633,74.33462996661387,4.057498931884766,34.71096889485898,1.2663440787159743,0.9717942914970548,94.23901969474583
2013-12-30,55.404998779296875,54.92499923706055,55.147499084472656,55.227500915527344,5940000.0,55.227500915527344,75.69841141680934,3.387500762939453,36.79211115177983,1.305405086973444,1.0385164505923326,90.3775456627057
2013-12-31,55.68000030517578,55.25749969482422,55.380001068115234,55.66999816894531,6448400.0,55.66999816894531,77.5335284408682,3.7324981689453125,38.874464223750216,1.3564309559723426,1.1020993516683346,98.03189502309544
2014-01-02,55.50749969482422,54.875,55.3849983215332,55.252498626708984,10654000.0,55.252498626708984,72.00840011357256,1.9399986267089844,39.86010439869699,1.3476457792435426,1.1512086371833763,75.00856157694396
2014-01-03,55.622501373291016,55.057498931884766,55.4375,55.290000915527344,7809600.0,55.290000915527344,72.20003892236076,1.4524993896484375,40.860669731767224,1.3283966549401782,1.1866462407347367,77.94049534287623
2014-01-06,55.57749938964844,54.897499084472656,55.29499816894531,54.95750045776367,8577600.0,54.95750045776367,67.76995364485082,0.9375,41.38925617768347,1.2716527557362767,1.2036475437350447,59.956842484285765
2014-01-07,55.52750015258789,55.1150016784668,55.1875,55.377498626708984,8178000.0,55.377498626708984,70.25285664808972,1.3849983215332031,41.88008644889141,1.2462076429911306,1.2121595635862619,71.69436373540401
2014-01-08,55.75,55.15999984741211,55.35499954223633,55.55500030517578,8487200.0,55.55500030517578,71.26052451966468,1.0475006103515625,42.54100240977598,1.2262298949004986,1.2149736298491092,83.77231284749814
2014-01-09,56.130001068115234,55.415000915527344,55.88750076293945,55.477500915527344,8386400.0,55.477500915527344,70.14330409605594,0.7950019836425781,43.47806438165196,1.190421395713372,1.2100631830219617,109.59874785445604
2014-01-10,55.685001373291016,55.002498626708984,55.459999084472656,55.282501220703125,6429600.0,55.282501220703125,67.28487367101503,0.23250198364257812,43.261745495263845,1.1332447167549944,1.1946994897685683,44.72913390075005
2014-01-13,56.04750061035156,54.65250015258789,55.505001068115234,54.724998474121094,13554400.0,54.724998474121094,59.78381143467427,-0.19250106811523438,43.42093449933823,1.0310605501314285,1.1619717018411404,-8.172639435891563
2014-01-14,55.662498474121094,54.58250045776367,54.685001373291016,55.662498474121094,10851600.0,55.662498474121094,66.5392033862249,0.43499755859375,43.38898350103644,1.0140380771342663,1.1323849768997656,24.03240000131094
2014-01-15,56.224998474121094,55.45750045776367,55.712501525878906,55.939998626708984,11288000.0,55.939998626708984,68.23983046058976,0.2700004577636719,43.88969071803481,1.0112821565921095,1.1081644128382344,197.86409858016657
2014-01-16,55.939998626708984,55.3224983215332,55.79750061035156,55.442501068115234,13514000.0,55.442501068115234,62.1420625893031,0.19000244140625,44.004865019312014,0.9579119616744833,1.078113922605484,71.98746709470957
2014-01-17,58.064998626708984,55.5099983215332,55.51250076293945,58.04499816894531,38344400.0,58.04499816894531,74.81852547983313,2.7549972534179688,45.496182503819135,1.1127879370995473,1.0850487255042967,350.0308562392949
2014-01-21,58.875,57.70500183105469,58.59749984741211,57.98249816894531,19752400.0,57.98249816894531,74.17616331510462,3.0249977111816406,47.20051219549508,1.2164624142889906,1.1113314632612354,281.876397892595
2014-01-22,58.45500183105469,57.91999816894531,58.099998474121094,58.247501373291016,7254400.0,58.247501373291016,75.15036011552559,2.8700027465820312,48.783104052051314,1.3049658937522963,1.1500583493594476,182.85249714477894
2014-01-23,58.08250045776367,56.915000915527344,57.915000915527344,57.0625,13662400.0,57.0625,63.59684999109606,1.5074996948242188,48.37870340236662,1.2649047963883362,1.1730276387652254,89.5412601162731
2014-01-24,56.7400016784668,55.3125,56.599998474121094,55.3125,16043200.0,55.3125,51.10214765925508,-0.16500091552734375,45.85515779707669,1.079501887668556,1.1543224885458916,-23.409379780602787
2014-01-27,55.51750183105469,53.779998779296875,55.51750183105469,54.05500030517578,19470800.0,54.05500030517578,44.35813859274108,-1.2275009155273438,43.08424280722038,0.8216278167178714,1.0877835541802876,-112.4808697682185
2014-01-28,55.59000015258789,54.349998474121094,54.404998779296875,55.2400016784668,17852400.0,55.2400016784668,50.93003074047374,0.5150032043457031,40.44256281489877,0.7047564710592908,1.0111781375560882,-67.82153744342547
2014-01-29,55.185001373291016,54.125,54.775001525878906,54.279998779296875,16800000.0,54.279998779296875,46.17221259455423,-1.3824996948242188,38.18505050549181,0.5285777613239517,0.914658062309661,-95.74003242091345
2014-01-30,56.5,54.07749938964844,56.4375,55.220001220703125,20040400.0,55.220001220703125,50.999220490848074,-0.7199974060058594,36.03132579310331,0.45950828023238444,0.8236281058942057,-44.36579541660121
2014-01-31,54.724998474121094,53.77750015258789,54.032501220703125,53.85749816894531,24457200.0,53.85749816894531,44.73695991708425,-1.5850028991699219,33.74835132415266,0.29146775068728203,0.7171960348528209,-108.00649312878824
2014-02-03,54.459999084472656,53.01750183105469,54.127498626708984,53.36750030517578,21662400.0,53.36750030517578,42.70601550650832,-4.677497863769531,31.723363085315878,0.11740234666108051,0.5972372972144728,-123.05700145362606
2014-02-04,53.970001220703125,52.845001220703125,53.540000915527344,53.6349983215332,14913600.0,53.6349983215332,44.19541938075249,-4.347499847412109,29.990018954731717,0.001027272484890318,0.4779952922685563,-112.34879189866244
2014-02-05,54.185001373291016,53.279998779296875,53.310001373291016,53.90250015258789,13520800.0,53.90250015258789,45.71517164336065,-4.345001220703125,28.16271846716068,-0.06882230933522493,0.36863177194780006,-82.97241128037525
2014-02-06,54.752498626708984,53.94499969482422,54.02000045776367,54.752498626708984,12721600.0,54.752498626708984,50.342827040483975,-2.3100013732910156,26.39281806460565,-0.05495731927197056,0.2839139537038459,-43.607717194416466
2014-02-07,55.5,54.6150016784668,55.04750061035156,55.44499969482422,12537200.0,55.44499969482422,53.79844794330256,0.13249969482421875,25.40997752438025,0.011774109365369156,0.22948598483615057,-3.540036712909393
2014-02-10,55.532501220703125,54.997501373291016,55.47249984741211,55.13750076293945,10316800.0,55.13750076293945,52.06582252128244,1.0825004577636719,24.525187779844792,0.039392560490824735,0.1914672999670854,12.533475991523073
2014-02-11,55.72249984741211,55.01250076293945,55.282501220703125,55.58250045776367,9809600.0,55.58250045776367,54.35675471989022,0.342498779296875,23.873364146620272,0.0960805812105221,0.17238995621577274,51.39987873177957
2014-02-12,56.224998474121094,55.72249984741211,55.86000061035156,56.04249954223633,14650800.0,56.04249954223633,56.66250716098169,1.7625007629394531,23.704453530702864,0.17609442092080485,0.17313084915677918,123.12680386929287
2014-02-13,56.1875,55.6150016784668,55.712501525878906,56.01250076293945,13158800.0,56.01250076293945,56.46218677206187,0.7924995422363281,23.40558468133117,0.2343834876340054,0.18538137685222442,114.52373661162106
2014-02-14,56.560001373291016,55.877498626708984,56.067501068115234,56.5,12682000.0,56.5,58.998946994878764,2.6425018310546875,23.458896276759106,0.31626935097670383,0.2115589716771203,125.08624061766726
2014-02-18,57.119998931884766,56.404998779296875,56.619998931884766,56.51499938964844,13427200.0,56.51499938964844,59.0779519804528,3.1474990844726562,23.97016405755502,0.3780172652943463,0.24485063040056548,130.19018476055706
2014-02-19,56.9474983215332,55.91999816894531,56.467498779296875,55.970001220703125,9322000.0,55.970001220703125,54.93584389646994,2.335002899169922,23.75785352567211,0.3786117343704305,0.2716028511945385,87.15700704709694
2014-02-20,56.24250030517578,55.647499084472656,56.040000915527344,55.8650016784668,8810000.0,55.8650016784668,54.14815145770695,1.9625015258789062,23.19202953011329,0.3663867909967067,0.2905596391549721,54.21889687953737
2014-02-21,56.16749954223633,55.744998931884766,55.932498931884766,55.84000015258789,9136000.0,55.84000015258789,53.949791303119596,1.0875015258789062,22.666621534237244,0.3506390721466488,0.3025755257533075,47.31900152478732
2014-02-24,56.85749816894531,55.86750030517578,55.932498931884766,56.54750061035156,10817200.0,56.54750061035156,58.57449112112967,1.1025009155273438,22.847995782973268,0.3907440118760874,0.3202092229778635,79.04563577748524
2014-02-25,57.10749816894531,56.372501373291016,56.54750061035156,56.77750015258789,11339600.0,56.77750015258789,59.98150264074836,1.6399993896484375,23.238818953340743,0.4360598795704149,0.3433793542963738,103.49176269482592
2014-02-26,56.974998474121094,56.314998626708984,56.807498931884766,56.52750015258789,10413600.0,56.52750015258789,57.68793011372051,0.9449996948242188,23.508175705505412,0.4466514012161653,0.3640337636803321,89.51280593126764
2014-02-27,56.95000076293945,56.400001525878906,56.54750061035156,56.56999969482422,8097600.0,56.56999969482422,57.98207322602583,0.5275001525878906,23.75829268965831,0.45324983435101984,0.3818769778144696,83.91420382170311
2014-02-28,56.997501373291016,55.17499923706055,56.61750030517578,56.48500061035156,14004000.0,56.48500061035156,57.12671440640782,0.4724998474121094,22.163521993848185,0.44647375289644486,0.3947963328308647,9.360626993645505
2014-03-03,56.0099983215332,54.897499084472656,55.810001373291016,55.36000061035156,16422800.0,55.36000061035156,47.20162352367374,-1.1399993896484375,20.81744533620996,0.34633324745031047,0.38510371575475383,-144.1330671393589
2014-03-04,56.49250030517578,55.64500045776367,56.287498474121094,56.375,14884800.0,56.375,54.82716270490516,-0.1399993896484375,19.688405906136413,0.34489738113312285,0.3770624488304276,-14.365747375388954
2014-03-05,56.45000076293945,55.57500076293945,56.404998779296875,55.70249938964844,11328400.0,55.70249938964844,49.70491144448468,-0.2675018310546875,18.546711453414314,0.286195187823715,0.3588889966290851,-70.8481880501423
2014-03-06,56.51750183105469,55.83000183105469,55.939998626708984,55.96500015258789,9120400.0,55.96500015258789,51.60548136303776,0.09999847412109375,17.574283007156023,0.25788218910840044,0.33868763512494815,-31.36983842086455
2014-03-07,56.432498931884766,55.8849983215332,56.23749923706055,56.38999938964844,8971200.0,56.38999938964844,54.5969571851982,0.5499992370605469,16.671313735630466,0.2666638849333225,0.324282885086623,0.37895760941866885
2014-03-10,56.592498779296875,56.18000030517578,56.377498626708984,56.375,7350400.0,56.375,54.46898701680841,-0.1725006103515625,16.06283839797629,0.26930869377082445,0.3132880468234633,43.10391914124271
2014-03-11,57.09749984741211,56.157501220703125,56.48749923706055,56.79499816894531,11062800.0,56.79499816894531,57.47469143045484,0.017498016357421875,16.17513846353805,0.30181591994091406,0.3109936214469534,101.12974351141368
2014-03-12,56.91999816894531,56.3224983215332,56.529998779296875,56.525001525878906,9394800.0,56.525001525878906,54.96278566320194,-0.002498626708984375,16.279417095845403,0.3023068530211148,0.3092562677617857,68.18481035149141
2014-03-13,56.872501373291016,55.10749816894531,56.665000915527344,55.19499969482422,11996400.0,55.19499969482422,44.618118825884814,-1.375,15.736151620593875,0.19314938269472748,0.28603489074837407,-119.85507551311356
2014-03-14,55.47999954223633,54.63999938964844,55.154998779296875,55.192501068115234,13692000.0,55.192501068115234,44.601135313640185,-1.2924995422363281,15.784951592802884,0.10522669489306224,0.24987325157731172,-189.43561495174393
2014-03-17,55.970001220703125,55.345001220703125,55.497501373291016,55.94499969482422,8800000.0,55.94499969482422,50.688801474168834,0.5849990844726562,15.103731704619468,0.09517061404639549,0.21893272407112846,-63.01923807788488
2014-03-18,56.692501068115234,55.8125,56.150001525878906,56.602500915527344,8304800.0,56.602500915527344,55.30981896879938,0.22750091552734375,14.503216423631953,0.1386575926522866,0.2028776977873601,50.39644672174412
2014-03-19,56.772499084472656,55.5,56.65250015258789,55.95500183105469,7888800.0,55.95500183105469,50.30979715291265,0.25250244140625,13.53632625249512,0.1194960951616224,0.18620137726221256,4.500519202537816
2014-03-20,56.029998779296875,55.227500915527344,56.029998779296875,55.45500183105469,11890000.0,55.45500183105469,46.792105420490934,-0.5099983215332031,12.846625820299709,0.06323570715427707,0.16160824324062545,-79.60342210238392
2014-03-21,58.16749954223633,54.92499923706055,55.74250030517578,55.842498779296875,38092400.0,55.842498779296875,49.725917745473545,-0.5475006103515625,13.79277061807122,0.04934785820881871,0.1391561662342641,49.190348812798966
2014-03-24,56.557498931884766,54.775001525878906,56.34749984741211,55.1875,18228400.0,55.1875,45.19009194745932,-1.1875,14.479132818811289,-0.014345918751722309,0.10845574923706683,-93.80274843167182
2014-03-25,55.7599983215332,54.599998474121094,55.54750061035156,54.599998474121094,11675200.0,54.599998474121094,41.53080009165459,-2.1949996948242188,14.886302928372919,-0.11095118289346573,0.06457436281096032,-146.2889761181141
2014-03-26,55.04750061035156,53.91999816894531,54.98749923706055,53.91999816894531,10657200.0,53.91999816894531,37.72323333734097,-2.6050033569335938,14.418795712222693,-0.23961970554966427,0.003735549138835406,-185.57945831678913
2014-03-27,54.04249954223633,53.26250076293945,53.72249984741211,53.942501068115234,10489600.0,53.942501068115234,37.926048616663486,-1.2524986267089844,13.513007190821854,-0.33590256518356654,-0.06419207372564498,-189.23810811704413
2014-03-28,54.084999084472656,52.630001068115234,53.619998931884766,53.022499084472656,14950000.0,53.022499084472656,33.16991597628508,-2.170001983642578,13.288898753962915,-0.48090037623934734,-0.14753373422838545,-176.97846427318368
2014-03-31,53.96500015258789,52.91749954223633,53.1974983215332,53.96500015258789,11639200.0,53.96500015258789,41.29239329415149,-1.9799995422363281,13.080798062593903,-0.5138370332996232,-0.220794394042633,-118.908422584824
2014-04-01,54.540000915527344,53.63750076293945,54.27000045776367,53.67499923706055,9090400.0,53.67499923706055,39.69378799888666,-2.927501678466797,12.218845609437054,-0.5569203899752466,-0.2880195932291557,-79.50471146280812
2014-04-02,54.125,53.342498779296875,53.69499969482422,53.665000915527344,9344800.0,53.665000915527344,39.63681326097844,-2.2900009155273438,11.734977606178168,-0.5851260723935496,-0.3474408890620345,-81.30947635540947
2014-04-03,54.06999969482422,53.345001220703125,53.9474983215332,53.752498626708984,14210400.0,53.752498626708984,40.44247128348496,-1.7025032043457031,11.285671603152062,-0.5935765637393473,-0.39666802399749707,-68.84480972555181
2014-04-04,53.9275016784668,51.4375,53.89250183105469,51.92499923706055,24449200.0,51.92499923706055,31.10459097698486,-3.917499542236328,12.565939508916992,-0.7392163408769292,-0.4651776873733835,-129.67394072914388
2014-04-07,51.86000061035156,50.255001068115234,51.69499969482422,50.852500915527344,40124000.0,50.852500915527344,27.14361373230289,-4.334999084472656,14.481283806039409,-0.9304528831910517,-0.5582327265369171,-188.86300427300552
2014-04-08,51.47999954223633,50.5,50.70500183105469,50.647499084472656,21745600.0,50.647499084472656,26.450261955981524,-3.9524993896484375,16.25981779622451,-1.0860320537698342,-0.6637925919835006,-171.1959929710577
2014-04-09,51.94499969482422,50.654998779296875,51.14500045776367,51.8849983215332,19142800.0,51.8849983215332,36.92441956943024,-2.0349998474121094,17.299055749698155,-1.096830244813674,-0.7504001225495353,-110.62781694925125
2014-04-10,52.26750183105469,50.037498474121094,52.064998626708984,50.38750076293945,20403600.0,50.38750076293945,31.144461731590845,-3.5550003051757812,18.6635843941936,-1.2122493707351154,-0.8427699721866513,-116.56607525562596
2014-04-11,50.0,48.709999084472656,49.807498931884766,49.157501220703125,29939600.0,49.157501220703125,27.356580799518156,-3.8649978637695312,20.646801132521375,-1.3869822748036995,-0.9516124327100609,-157.51967830466472
2014-04-14,50.48749923706055,49.502498626708984,49.95000076293945,50.252498626708984,20925600.0,50.252498626708984,34.94246044300191,-3.7125015258789062,21.87452683022368,-1.4207249874859897,-1.0454349436652466,-101.65579523333203
2014-04-15,51.23500061035156,49.79249954223633,50.959999084472656,51.01250076293945,19214000.0,51.01250076293945,39.652809914140846,-2.6624984741210938,22.14472732929196,-1.3703440365550321,-1.1104167622432037,-63.66759840019875
2014-04-16,52.38999938964844,51.369998931884766,51.75,52.34000015258789,15832800.0,52.34000015258789,46.886569167213,-1.3250007629394531,21.24522815436593,-1.2093579380866757,-1.1302049974118982,5.253126916101037
2014-04-17,52.8849983215332,51.98749923706055,52.584999084472656,51.98749923706055,13364000.0,51.98749923706055,45.33264901744116,-1.7649993896484375,19.97293226903017,-1.0975671027693608,-1.1236774184833906,22.763635904142337
2014-04-21,52.375,52.09749984741211,52.244998931884766,52.282501220703125,10012400.0,52.282501220703125,46.91818242964093,0.3575019836425781,18.791514661218397,-0.9739408815006101,-1.0937301110868345,28.31971319951388
2014-04-22,52.64500045776367,52.13249969482422,52.334999084472656,52.49250030517578,9840000.0,52.49250030517578,48.07275126346039,1.6399993896484375,17.456169439252605,-0.84923162583069,-1.0448304140356055,49.302273717734245
2014-04-23,52.57500076293945,52.0,52.57500076293945,52.20500183105469,8819600.0,52.20500183105469,46.57903750519867,1.5575027465820312,16.329057579439766,-0.7647814419641321,-0.9888206196213108,50.508969229404954
2014-04-24,52.625,51.897499084472656,52.45000076293945,52.349998474121094,13547200.0,52.349998474121094,47.46561989803904,0.4650001525878906,15.384599937357056,-0.6783346261891481,-0.9267234209348783,66.823181899627
2014-04-25,50.95000076293945,49.63999938964844,50.0,49.73249816894531,38239200.0,49.73249816894531,35.88697525026456,-0.6550025939941406,16.28274224539829,-0.811678773488417,-0.903714491445586,-90.50995169710633
2014-04-28,50.48249816894531,49.752498626708984,49.875,50.35499954223633,24263200.0,50.35499954223633,39.656996086469285,1.1974983215332031,17.116731531436574,-0.8572425540046495,-0.8944201039573987,-74.41926553984433
2014-04-29,51.01250076293945,50.4474983215332,50.47249984741211,50.66749954223633,12760000.0,50.66749954223633,41.5162017980786,0.41500091552734375,17.294513688558684,-0.8582427517993736,-0.8871846335257937,-36.05165499104265
2014-04-30,50.90999984741211,50.474998474121094,50.564998626708984,50.65250015258789,12145600.0,50.65250015258789,41.45018791620021,-0.3600006103515625,17.459597120172074,-0.8504423708777367,-0.8798361809961823,-33.67859010227395
2014-05-01,51.82749938964844,50.84000015258789,51.025001525878906,51.522499084472656,14273200.0,51.522499084472656,46.7400929692268,-0.8175010681152344,16.62295938586177,-0.7652376861776418,-0.8569164820324742,14.486522561041363
2014-05-02,51.775001525878906,51.0,51.435001373291016,51.10499954223633,10908800.0,51.10499954223633,44.655050414527125,-0.8824996948242188,15.846081489716491,-0.7230660284721679,-0.8301463913204129,-3.468493889803243
2014-05-05,51.970001220703125,50.75,50.9375,51.782501220703125,13792800.0,51.782501220703125,48.65763292915233,-0.5,15.36250716948383,-0.6277397692699935,-0.789665066910329,6.026301165624602
2014-05-06,51.755001068115234,51.29999923706055,51.67499923706055,51.34000015258789,10873200.0,51.34000015258789,46.30229386108772,-1.1525001525878906,14.91347387212493,-0.5811994545963444,-0.7479719444475321,-2.784031359274698
2014-05-07,52.25,51.11000061035156,51.752498626708984,52.17499923706055,14732000.0,52.17499923706055,51.11142072658943,-0.030002593994140625,13.911954727086622,-0.471503275910095,-0.6926782107400447,37.91115670699311
2014-05-08,53.025001525878906,52.15250015258789,52.23249816894531,52.724998474121094,14613600.0,52.724998474121094,54.03173368734364,0.375,13.663809263148021,-0.3363111366506786,-0.6214047959221715,112.66207739200667
2014-05-09,52.717498779296875,52.037498474121094,52.54499816894531,52.70249938964844,11795600.0,52.70249938964844,53.88992038712196,2.970001220703125,13.294319944912946,-0.22835356264011608,-0.5427945492657604,93.5374212909522
2014-05-12,53.119998931884766,52.75749969482422,52.77000045776367,52.92499923706055,8732800.0,52.92499923706055,55.143755775861536,2.5699996948242188,13.358491689238615,-0.12341982238084626,-0.4589196038887776,125.81919677322416
2014-05-13,53.17250061035156,52.849998474121094,52.997501373291016,53.01499938964844,7137600.0,53.01499938964844,55.668867469143194,2.3474998474121094,13.471259768164076,-0.03262078496408094,-0.3736598401038383,118.1213093957694
2014-05-14,52.970001220703125,52.46500015258789,52.79999923706055,52.46500015258789,6838000.0,52.46500015258789,51.68677158725159,1.8125,13.049504259866202,-0.004984774161314931,-0.2999248269153336,81.23700283221064
2014-05-15,52.42250061035156,51.60499954223633,52.25,51.86249923706055,12685200.0,51.86249923706055,47.66447194545728,0.3400001525878906,12.603774299490707,-0.0313385734985232,-0.24620757623197154,17.774535823253636
2014-05-16,52.522499084472656,51.897499084472656,51.897499084472656,52.45249938964844,12279600.0,52.45249938964844,51.63379226010857,1.3474998474121094,12.064304764097542,-0.0045634631033024675,-0.19787875360623772,38.45064471839293
2014-05-19,52.744998931884766,52.212501525878906,52.345001220703125,52.59000015258789,7039600.0,52.59000015258789,52.537254610741115,0.8074989318847656,11.27864439381452,0.027434914598707394,-0.15281601996524868,52.384804799900664
2014-05-20,52.58000183105469,51.849998474121094,52.58000183105469,51.97999954223633,8740000.0,51.97999954223633,48.23277990051405,0.6399993896484375,10.9902138467783,0.0035312026893450366,-0.12154657543432994,-1.874411783587842
2014-05-21,52.66749954223633,52.147499084472656,52.212501525878906,52.525001525878906,9096400.0,52.525001525878906,52.0155165474326,0.3500022888183594,10.600082409168978,0.02823892336216005,-0.09158947567503194,32.77008691299552
2014-05-22,52.56999969482422,52.17499923706055,52.532501220703125,52.342498779296875,16870000.0,52.342498779296875,50.680016176765804,-0.38249969482421875,10.237817502817464,0.032716389422787984,-0.06672830265546795,10.8352845337287
2014-05-23,53.067501068115234,52.4275016784668,52.497501373291016,53.01750183105469,11117600.0,53.01750183105469,55.25583212755052,0.31500244140625,9.82968565880825,0.08969793659714753,-0.03544305480494485,88.49366012298454
2014-05-27,53.630001068115234,53.20500183105469,53.247501373291016,53.625,9676800.0,53.625,58.947394951730914,0.7000007629394531,10.159496891832143,0.18178079260007252,0.008001714676058633,192.75259044214494
2014-05-28,53.625,53.252498626708984,53.625,53.45000076293945,7223200.0,53.45000076293945,57.47630729497555,0.4350013732910156,10.465750179640043,0.23789385126875828,0.053980141994598566,150.82284551100764
2014-05-29,53.67250061035156,53.375,53.5,53.66749954223633,5260400.0,53.66749954223633,58.85079462010581,1.2024993896484375,10.811703530525763,0.29649636280473146,0.10248338615662515,134.3725083625348
2014-05-30,53.98749923706055,53.33250045776367,53.970001220703125,53.70750045776367,6136400.0,53.70750045776367,59.11255117902149,1.845001220703125,11.539037207148803,0.34222209173903195,0.1504311272731065,122.52748337637358
2014-06-02,53.92250061035156,53.209999084472656,53.842498779296875,53.380001068115234,6364000.0,53.380001068115234,55.97318902985641,0.9275016784667969,11.978083755129047,0.34802181874707117,0.18994926556789943,84.93964576607037
2014-06-03,53.307498931884766,52.70000076293945,53.25749969482422,52.83000183105469,9011600.0,52.83000183105469,51.06809179880633,0.24000167846679688,11.467707671224593,0.3047251207827628,0.2129044366108721,13.359655962357818
2014-06-04,52.85749816894531,52.36249923706055,52.790000915527344,52.85749816894531,12589600.0,52.85749816894531,51.29787218647813,0.8774986267089844,10.844120739548705,0.2695239955338238,0.22422834839546243,-20.512920553404104
2014-06-05,53.125,52.654998779296875,53.029998779296875,53.05500030517578,6597600.0,53.05500030517578,53.004954658962156,0.529998779296875,10.300071090066384,0.2546284239921093,0.2303083635147918,3.9838760071097146
2014-06-06,53.349998474121094,52.90250015258789,53.13249969482422,53.25,10002400.0,53.25,54.69350439090671,0.907501220703125,10.140246418351236,0.25561188719763095,0.23536906825135964,29.40207459020325
2014-06-09,53.497501373291016,52.907501220703125,53.372501373291016,53.14500045776367,5516400.0,53.14500045776367,53.57720674599751,0.12749862670898438,10.215590307814894,0.24509341896433057,0.23731393839395382,25.51745299080407
2014-06-10,53.69499969482422,53.1875,53.25,53.5625,6835600.0,53.5625,57.30833858697191,-0.0625,10.58260314253918,0.2673641732167553,0.24332398535851413,66.21257882123123
2014-06-11,53.477500915527344,53.029998779296875,53.247501373291016,53.16999816894531,6758000.0,53.16999816894531,52.995908793989535,-0.2800025939941406,10.604830113377478,0.25045519731082067,0.24475022774897542,10.001323439599487
2014-06-12,53.29249954223633,52.807498931884766,53.09749984741211,52.942501068115234,6218000.0,52.942501068115234,50.61835103785466,-0.7249984741210938,10.185432539815647,0.21620531700707346,0.23904124560059503,-55.042536875813965
2014-06-13,53.01750183105469,52.712501525878906,52.967498779296875,52.8224983215332,7085200.0,52.8224983215332,49.36038964120377,-0.8850021362304688,9.609663444238858,0.17733461827243957,0.22669992013496393,-97.89465232833223
2014-06-16,52.747501373291016,52.49250030517578,52.720001220703125,52.560001373291016,7899200.0,52.560001373291016,46.63048777728547,-0.8199996948242188,9.198126084279732,0.12391953230122965,0.20614384256821708,-135.91137858704562
2014-06-17,52.97999954223633,52.474998474121094,52.53499984741211,52.70249938964844,5722400.0,52.70249938964844,48.30200702694011,-0.12750244140625,8.729175737597066,0.09202528069643989,0.18332013019386165,-90.85429070393445
2014-06-18,52.8125,52.25749969482422,52.61249923706055,52.8125,10326000.0,52.8125,49.61390425943682,-0.0449981689453125,8.351254815826069,0.07476316324841292,0.1616087368047719,-99.11228688463311
2014-06-19,53.040000915527344,52.005001068115234,52.86750030517578,52.58000183105469,15331200.0,52.58000183105469,46.9046417850571,-0.47499847412109375,8.475290501428415,0.041839847916016026,0.1376549590270207,-110.0836578374494
2014-06-20,53.029998779296875,52.275001525878906,52.880001068115234,52.372501373291016,18358800.0,52.372501373291016,44.56563243930878,-0.8774986267089844,8.59046649520202,-0.0009843228117745184,0.10992710265926167,-93.41888614194538
2014-06-23,52.45249938964844,52.04499816894531,52.25,52.36750030517578,14765200.0,52.36750030517578,44.50802443302693,-0.7775001525878906,9.13294695006944,-0.03492375177508933,0.08095693177239147,-136.45849303790223
2014-06-24,52.647499084472656,51.845001220703125,52.317501068115234,51.9474983215332,13089600.0,51.9474983215332,39.849206828701774,-1.6150016784667969,9.994162269093072,-0.09462091274318851,0.04584136286927547,-141.32637356913094
2014-06-25,52.622501373291016,51.82749938964844,51.82749938964844,52.26499938964844,8244800.0,52.26499938964844,44.5724630242994,-0.904998779296875,10.825363216484092,-0.11498617117062082,0.013675856061296204,-103.14565028572916
2014-06-26,52.46500015258789,51.88999938964844,52.45750045776367,52.2400016784668,8580400.0,52.2400016784668,44.27766498336792,-0.7024993896484375,11.597192667632898,-0.1316255936661932,-0.015384433884201677,-98.7491349968641
2014-06-27,52.474998474121094,51.96500015258789,52.025001525878906,52.31999969482422,12961200.0,52.31999969482422,45.51949664069133,-0.5024986267089844,12.28179973038614,-0.13678056333459665,-0.03966365977428067,-79.80352884100358
2014-06-30,52.935001373291016,52.125,52.165000915527344,52.6775016784668,9961600.0,52.6775016784668,50.796784961505026,0.11750030517578125,11.578408308197544,-0.11074192761802237,-0.05387931334302901,5.226763066908777
2014-07-01,53.837501525878906,52.95750045776367,52.98749923706055,53.5625,10993600.0,53.5625,60.895112003683074,0.8600006103515625,12.379952061408364,-0.018481114126679188,-0.04679967349975905,226.04624829974588
2014-07-02,53.872501373291016,53.5625,53.720001220703125,53.709999084472656,5768800.0,53.709999084472656,62.28445013371059,0.8974990844726562,13.180398381321293,0.06577991872762112,-0.02428375505428301,227.51125125185268
2014-07-03,54.25,53.775001525878906,53.82749938964844,54.127498626708984,5571600.0,54.127498626708984,65.96990756885467,1.5474967956542969,14.501006264347824,0.16435157554425928,0.013443311065425453,202.2456306291302
2014-07-07,54.38750076293945,53.90999984741211,54.10749816894531,54.185001373291016,6612400.0,54.185001373291016,66.4560929218242,1.8125,15.921728811598351,0.2442942428567818,0.05961349742369673,152.7741584987169
2014-07-08,54.22249984741211,53.287498474121094,54.192501068115234,53.814998626708984,12149200.0,53.814998626708984,60.46954472416382,1.4474983215332031,15.679704694520193,0.2746275181707958,0.10261630157311655,87.74061422135914
2014-07-09,54.06999969482422,53.627498626708984,53.875,54.040000915527344,5177200.0,54.040000915527344,62.67169340997841,2.0925025939941406,15.45496801437619,0.31321214701861777,0.1447354706622168,83.97871316775587
2014-07-10,54.22249984741211,53.16999816894531,53.45000076293945,53.8849983215332,8536800.0,53.8849983215332,60.1843535142241,1.6199989318847656,14.434446543546654,0.32750802084551367,0.18128998069887617,60.20766161045849
2014-07-11,54.2599983215332,53.592498779296875,53.98749923706055,54.25,5696800.0,54.25,63.82526136148719,2.009998321533203,13.409985933528821,0.3640931496662674,0.2178506144923544,73.61558639683716
2014-07-14,55.59000015258789,54.412498474121094,54.6875,55.25749969482422,13716400.0,55.25749969482422,71.55684457811307,2.9375,14.510499313996892,0.4689778484757312,0.2680760612890298,144.5677114821756
2014-07-15,56.1875,55.224998474121094,55.41749954223633,55.44499969482422,10900800.0,55.44499969482422,72.72517590858557,2.767498016357422,16.155780015055715,0.5607652581016538,0.3266139006515546,170.74545789957128
2014-07-16,55.790000915527344,55.27000045776367,55.73500061035156,55.66749954223633,8853200.0,55.66749954223633,74.08550542184457,2.104999542236328,17.68354066603891,0.6440372590767538,0.39009857233659445,148.73795431586234
2014-07-17,55.5,54.45750045776367,55.48500061035156,54.470001220703125,9806000.0,54.470001220703125,57.47179005733878,0.7600021362304688,17.51032459808633,0.60641246770615,0.4333613514105056,70.69730156714009
2014-07-18,55.47249984741211,54.72999954223633,54.79499816894531,55.04999923706055,11068000.0,55.04999923706055,61.92533543496814,0.9225006103515625,17.349481106416082,0.6162913194447981,0.46994734501736407,78.92183171254347
2014-07-21,55.032501220703125,54.627498626708984,54.88249969482422,54.80500030517578,6168400.0,54.80500030517578,59.10949281761722,0.6199989318847656,17.00947905336745,0.5974638233125305,0.4954506406763973,41.95148211892859
2014-07-22,55.647499084472656,55.15250015258789,55.22999954223633,55.314998626708984,7699200.0,55.314998626708984,62.892134649804945,1.5,17.506395793437427,0.6165878582792246,0.5196780841969628,85.0180791013367
2014-07-23,55.6349983215332,55.16999816894531,55.372501373291016,55.29999923706055,8189200.0,55.29999923706055,62.70840130700673,1.2599983215332031,17.967818480645263,0.6233479017908081,0.5404120477157319,74.56460155047463
2014-07-24,55.962501525878906,55.45750045776367,55.84749984741211,55.685001373291016,11947600.0,55.685001373291016,65.49484255147122,1.8000030517578125,18.800364652276006,0.6522529735086877,0.5627802328743231,98.43139340578712
2014-07-25,54.17499923706055,52.834999084472656,53.525001525878906,53.692501068115234,27530400.0,53.692501068115234,46.23885176648662,-0.5574989318847656,18.960282084413112,0.5085204216097097,0.5519282706214004,-117.3940346255349
2014-07-28,53.7400016784668,53.279998779296875,53.60499954223633,53.55500030517578,10401600.0,53.55500030517578,45.25013913946779,-1.7024993896484375,19.108776842826142,0.37914562154998777,0.5173717408071179,-115.87745371804056
2014-07-29,53.9275016784668,53.33250045776367,53.599998474121094,53.375,10577200.0,53.375,43.925988483427865,-2.0699996948242188,18.975267329989155,0.2591038521837632,0.46571816308244696,-106.26599965939008
2014-07-30,53.6974983215332,53.36249923706055,53.372501373291016,53.51499938964844,10422800.0,53.51499938964844,45.267517926746464,-2.1525001525878906,18.851294210926238,0.17326932490658464,0.4072283954472745,-103.50720759804717
2014-07-31,53.34000015258789,52.752498626708984,53.317501068115234,52.752498626708984,13874000.0,52.752498626708984,39.69700543208006,-1.7175025939941406,19.36219453510799,0.04321920051012995,0.3344265564598456,-130.5440581853851
2014-08-01,53.26499938964844,52.44499969482422,52.467498779296875,52.95249938964844,14100000.0,52.95249938964844,41.722744999076546,-2.0974998474121094,20.1239414608389,-0.043209972278361874,0.2588992507122041,-108.70490524978217
2014-08-04,53.29249954223633,52.880001068115234,53.212501525878906,53.040000915527344,8079600.0,53.040000915527344,42.63075889347953,-1.7649993896484375,20.782902217362324,-0.10345253610488925,0.18642889334878543,-82.01995858710004
2014-08-05,53.09749984741211,52.29249954223633,52.875,52.6349983215332,11151200.0,52.6349983215332,39.55848507288566,-2.6800003051757812,21.934821204058842,-0.18178007895307502,0.11278709888841333,-95.76135079363219
2014-08-06,52.845001220703125,52.45249938964844,52.494998931884766,52.67250061035156,7528400.0,52.67250061035156,39.989752765311295,-2.6274986267089844,23.00446026313418,-0.2380846085272168,0.042612757405287305,-86.1232413078725
2014-08-07,52.86249923706055,52.150001525878906,52.79499816894531,52.2599983215332,9568000.0,52.2599983215332,36.873192055740844,-3.4250030517578125,24.268368257127253,-0.312390794526344,-0.028387952981038952,-94.81344350596902
2014-08-08,52.63750076293945,52.0525016784668,52.220001220703125,52.6150016784668,9256800.0,52.6150016784668,41.12568425194865,-1.0774993896484375,25.528503168002544,-0.3387285266560127,-0.0904560677160337,-89.58788139733218
2014-08-11,52.80500030517578,52.50749969482422,52.7599983215332,52.64500045776367,9018400.0,52.64500045776367,41.48440551814152,-0.9099998474121094,26.329576962356946,-0.35311028280622736,-0.14298691073407244,-64.39880928028317
2014-08-12,52.79999923706055,52.36249923706055,52.522499084472656,52.57500076293945,6442000.0,52.57500076293945,40.85880917230812,-0.7999992370605469,27.221758875597498,-0.3659380129063976,-0.18757713116853747,-66.04045652048553
2014-08-13,53.025001525878906,52.6150016784668,52.73749923706055,52.85749816894531,6451200.0,52.85749816894531,44.49655438692533,-0.657501220703125,27.53453674974662,-0.3492825894242202,-0.21991822281967402,-22.482973254701005
2014-08-14,53.147499084472656,52.82749938964844,53.022499084472656,53.130001068115234,7136800.0,53.130001068115234,47.830079521569715,0.37750244140625,27.546833031532707,-0.3105149170821946,-0.23803756167217813,26.12387287608247
2014-08-15,53.33000183105469,52.48249816894531,53.22249984741211,52.54750061035156,8999600.0,52.54750061035156,42.0203809289754,-0.404998779296875,27.983513344052227,-0.3230700260707877,-0.25504405455190005,-18.77978804379651
2014-08-18,53.60749816894531,52.817501068115234,52.872501373291016,53.58000183105469,8352400.0,53.58000183105469,52.933387713838655,0.5400009155273438,27.753295125133583,-0.24686017048073694,-0.2534072777376674,132.22995219336593
2014-08-19,53.92250061035156,53.532501220703125,53.6875,53.75,8212400.0,53.75,54.453455158183736,1.1150016784667969,26.86873131393938,-0.17077726535351445,-0.23688127526083683,220.96412891059862
2014-08-20,54.11000061035156,53.60749816894531,53.64500045776367,54.04999923706055,7296800.0,54.04999923706055,57.08733520204826,1.3774986267089844,25.668029795214117,-0.08529040891734496,-0.20656310199213845,189.28112379431118
2014-08-21,54.24250030517578,53.9275016784668,54.125,53.9375,5544000.0,53.9375,55.784562363433146,1.6775016784667969,24.287028409463716,-0.02631585473523046,-0.17051365254075684,156.11562709764436
2014-08-22,54.23749923706055,53.82500076293945,54.04999923706055,54.022499084472656,7145600.0,54.022499084472656,56.59061228278798,1.4074974060058594,23.18813991882517,0.026969729835300882,-0.1310169760655453,121.0630986024459
2014-08-25,54.33000183105469,53.962501525878906,54.29999923706055,54.005001068115234,4962400.0,54.005001068115234,56.36281949237309,1.3600006103515625,21.96580967337905,0.06701449444938845,-0.09141068196255855,105.34976317528307
2014-08-26,54.5,54.04499816894531,54.122501373291016,54.182498931884766,6944000.0,54.182498931884766,58.20084721256292,1.6074981689453125,20.46053261736709,0.11178427358507292,-0.05077169085303226,102.09284252460846
2014-08-27,54.38249969482422,53.8224983215332,54.279998779296875,54.282501220703125,8035600.0,54.282501220703125,59.2424565580314,1.4250030517578125,19.518957000712607,0.15356380707477513,-0.009904591267470779,80.85047833087847
2014-08-28,53.935001373291016,53.442501068115234,53.75,53.650001525878906,11083600.0,53.650001525878906,50.64603164542212,0.5200004577636719,19.346416760097764,0.1340912288021059,0.018894572746444557,20.34956337171632
2014-08-29,53.75,53.025001525878906,53.63999938964844,53.130001068115234,14646000.0,53.130001068115234,44.88013258066847,0.5825004577636719,19.84586116026978,0.07582531211384946,0.03028072061992554,-34.177189343623375
2014-09-02,53.74250030517578,53.1775016784668,53.352500915527344,53.682498931884766,8066400.0,53.682498931884766,51.23286310125288,0.10249710083007812,20.30963096042951,0.07338517492815555,0.03890161148157154,-14.274821380978453
2014-09-03,54.040000915527344,53.57749938964844,53.76750183105469,53.724998474121094,7788400.0,53.724998474121094,51.694065007821855,-0.02500152587890625,19.979473470253232,0.07402736511858166,0.045926762208973564,16.903557026669542
2014-09-04,54.029998779296875,53.5,53.86000061035156,53.564998626708984,9492400.0,53.564998626708984,49.785162436614705,-0.4850006103515625,19.81204447464797,0.060923368293373414,0.048926083425853535,-8.904978937252606
2014-09-05,53.592498779296875,53.275001525878906,53.59000015258789,53.5525016784668,8202800.0,53.5525016784668,49.63100473328461,-0.3849983215332031,20.05293705922511,0.04896551316264208,0.04893396937321125,-83.02652169315307
2014-09-08,54.05500030517578,53.375,53.502498626708984,53.942501068115234,10266400.0,53.942501068115234,54.37864814984178,-0.07999801635742188,19.13465707542312,0.07014987412149054,0.05317715032286711,-8.684488959307082
2014-09-09,53.86750030517578,53.5,53.8224983215332,53.56999969482422,7328800.0,53.56999969482422,49.57242830382454,-0.4350013732910156,18.28196851903556,0.05623266989086062,0.05378825423646581,-48.69392902383356
2014-09-10,54.662498474121094,53.5099983215332,53.51750183105469,54.220001220703125,12646800.0,54.220001220703125,56.7550331672532,0.037502288818359375,18.035912511229668,0.09654002282995577,0.062338607955163806,81.64157248155236
2014-09-11,54.1875,53.61249923706055,54.17499923706055,53.73749923706055,8861200.0,53.73749923706055,50.95332523869055,-0.5450019836425781,17.80743193255277,0.08852949982408376,0.0675767863289478,8.88644117755337
2014-09-12,53.9375,53.1875,53.720001220703125,53.5099983215332,8710800.0,53.5099983215332,48.43903344779123,-0.14000320434570312,16.668085019355267,0.06309634466546754,0.06668069799625174,-69.14898908773048
2014-09-15,53.90250015258789,53.462501525878906,53.462501525878906,53.65999984741211,7036800.0,53.65999984741211,50.18447406214811,0.529998779296875,15.610120028529012,0.05441697052679473,0.06422795250236034,-24.15759026411198
2014-09-16,54.44499969482422,53.412498474121094,53.727500915527344,54.32500076293945,9211600.0,54.32500076293945,57.115473948410575,0.6425018310546875,15.632640265149297,0.10004526073910824,0.07139141414970993,112.0008499419544
2014-09-17,54.372501373291016,53.42499923706055,54.25,53.88249969482422,12321200.0,53.88249969482422,51.93718432642647,0.157501220703125,15.653551913439562,0.09935457372544931,0.0769840460648578,68.50036473145909
2014-09-18,54.16999816894531,53.787498474121094,53.98249816894531,54.11000061035156,9215200.0,54.11000061035156,54.234518115856126,0.5450019836425781,15.67296987256624,0.11582941250352974,0.0847531193525922,98.47039486040639
2014-09-19,54.537498474121094,53.872501373291016,54.42250061035156,54.0625,20475200.0,54.0625,53.65781985922362,0.5099983215332031,16.340576314482032,0.12362783393975008,0.09252806227002378,128.1652452295297
2014-09-22,54.244998931884766,53.4375,54.244998931884766,53.470001220703125,9074000.0,53.470001220703125,46.951351174382,-0.4724998474121094,15.87840883869792,0.0810639841930012,0.09023524665461927,-38.39105041109845
2014-09-23,53.474998474121094,53.1150016784668,53.474998474121094,53.1150016784668,7959600.0,53.1150016784668,43.44746240927298,-0.4549980163574219,14.756975802081154,0.01847338077492111,0.07588287347867964,-174.05066294702394
2014-09-24,53.75,53.0625,53.19499969482422,53.602500915527344,8336000.0,53.602500915527344,49.06853524354466,-0.6175003051757812,14.249949737116376,0.00811346389350831,0.062328991561645376,-86.28075582007007
2014-09-25,53.567501068115234,52.60499954223633,53.5099983215332,52.6775016784668,11729600.0,52.6775016784668,40.7849369756611,-1.05999755859375,13.595265495737843,-0.07388485415679469,0.03508622241795736,-197.3903763965656
2014-09-26,53.05500030517578,52.63999938964844,52.86249923706055,52.98500061035156,7178800.0,52.98500061035156,44.159753609456445,-0.5249977111816406,12.987344414457775,-0.11275672867085262,0.005517632200195365,-161.1546653571483
2014-09-29,52.8650016784668,52.279998779296875,52.5525016784668,52.73249816894531,8788800.0,52.73249816894531,42.040920015508696,-0.9275016784667969,13.083791572387373,-0.16206956894451707,-0.02799980802874712,-160.05023507563754
2014-09-30,53.505001068115234,52.755001068115234,52.79249954223633,53.342498779296875,11456000.0,53.342498779296875,48.47303951626523,-0.9825019836425781,12.40968811272952,-0.15019702110872402,-0.0524392506447425,-54.345076342440265
2014-10-01,53.45249938964844,52.4375,53.212501525878906,52.502498626708984,11686000.0,52.502498626708984,41.622909224098656,-1.3800010681152344,11.836720488436667,-0.20619207960782404,-0.08318981643735882,-101.77059368048317
2014-10-02,52.5,51.95000076293945,52.25,52.43000030517578,11411600.0,52.43000030517578,41.08327816342751,-1.6800003051757812,12.08061014186362,-0.25349642653588234,-0.11725113845706353,-141.73508124554766
2014-10-03,53.07500076293945,52.54499816894531,52.75749969482422,52.997501373291016,9960800.0,52.997501373291016,46.88798993493162,-1.0649986267089844,11.268859089513677,-0.2423986481650786,-0.14228064039866656,-56.486424123994595
2014-10-06,53.287498474121094,52.915000915527344,53.147499084472656,52.9474983215332,8937200.0,52.9474983215332,46.45370283040111,-0.5225028991699219,10.756621365174594,-0.23493027723797155,-0.16081056776652755,-26.383935137244343
2014-10-07,52.772499084472656,51.962501525878906,52.70249938964844,52.01250076293945,8949600.0,52.01250076293945,39.15137980289709,-1.1025009155273438,11.089488853676558,-0.30098842118874103,-0.18884613845097026,-127.64023314981573
2014-10-08,53.1349983215332,51.92499923706055,52.00749969482422,53.09000015258789,14038800.0,53.09000015258789,49.08442851507395,-0.5125007629394531,10.810369750224725,-0.26335894253219294,-0.20374869926721478,-51.18469467827799
2014-10-09,53.0525016784668,51.89500045776367,53.0525016784668,51.9275016784668,10996800.0,51.9275016784668,41.2589630149437,-0.75,10.593079150351741,-0.32361083676213553,-0.22772112676619893,-118.18264216514476
2014-10-10,52.39250183105469,51.244998931884766,51.97249984741211,51.244998931884766,11744400.0,51.244998931884766,37.48086877696014,-1.7400016784667969,11.237830338165846,-0.4215735275612289,-0.2664916069252049,-198.63526484383257
2014-10-13,51.9375,50.93000030517578,51.125,51.06999969482422,12188800.0,51.06999969482422,36.55652023106142,-1.6624984741210938,12.19735384595923,-0.5074807198609506,-0.314689429512354,-186.74814428528452
2014-10-14,51.474998474121094,50.61000061035156,51.102500915527344,50.68000030517578,14018000.0,50.68000030517578,34.51370027348985,-2.6624984741210938,13.434483727931864,-0.6001147310094908,-0.37177448981178135,-183.76366213009211
2014-10-15,50.49250030517578,49.23749923706055,50.21500015258789,50.0625,19668000.0,50.0625,31.511168047372635,-2.4399986267089844,15.736533945238152,-0.7151116047608568,-0.44044191280159645,-211.56192007112875
2014-10-16,50.8025016784668,48.79750061035156,49.272499084472656,50.75,15625600.0,50.75,37.9803002013724,-1.6800003051757812,18.158607870777097,-0.7422161456798975,-0.5007967593772567,-144.27701950142142
2014-10-17,51.64250183105469,50.89250183105469,51.209999084472656,51.5,12731600.0,51.5,44.17510238923077,-1.4975013732910156,19.007953883256032,-0.6951645336286632,-0.539670314227538,-42.45227015558637
2014-10-20,52.04999923706055,51.28499984741211,51.38249969482422,51.962501525878906,7628000.0,51.962501525878906,47.64781756011351,-0.9849967956542969,19.20182295376266,-0.6134839234485696,-0.5544330360717443,-3.3725835726147935
2014-10-21,53.345001220703125,51.974998474121094,52.44499969482422,53.32749938964844,12986000.0,53.32749938964844,56.29003473384009,1.3149986267089844,17.841523715078896,-0.43360915513270726,-0.5302682598839369,88.09328603104396
2014-10-22,53.48749923706055,52.692501068115234,53.3224983215332,52.72999954223633,11042000.0,52.72999954223633,52.225911021638815,-0.3600006103515625,16.727129180728657,-0.3354040207171707,-0.49129541205058364,86.1741236797985
2014-10-23,53.974998474121094,53.16999816894531,53.467498779296875,53.56999969482422,9729600.0,53.56999969482422,56.933526317109326,1.6424980163574219,16.190614615364463,-0.18763184886645234,-0.43056269941375735,121.94390924856158
2014-10-24,53.537498474121094,52.96500015258789,53.407501220703125,53.369998931884766,10896000.0,53.369998931884766,55.53046442975155,2.125,15.448221872746675,-0.08567215287753527,-0.36158459010651295,98.20065425399602
2014-10-27,53.682498931884766,53.0525016784668,53.26499938964844,53.352500915527344,6658800.0,53.352500915527344,55.40182483509626,2.282501220703125,14.915566679916322,-0.006208732505875503,-0.29050941858638546,89.9066419365565
2014-10-28,54.21500015258789,53.51499938964844,53.65250015258789,54.1775016784668,10497600.0,54.1775016784668,60.095523363189194,3.4975013732910156,14.975241490008996,0.12193171448710416,-0.20802119197168753,114.06814265157159
2014-10-29,54.599998474121094,53.4375,54.07749938964844,53.665000915527344,16095200.0,53.665000915527344,56.142624838235356,3.6025009155273438,15.401477428505418,0.18005386463757844,-0.13040618064983434,93.1193561855893
2014-10-30,59.81999969482422,57.005001068115234,57.13249969482422,59.162498474121094,50857600.0,59.162498474121094,75.07893489587964,8.412498474121094,18.471770424268833,0.6620860796616697,0.02809227141246648,254.78956905941047
2014-10-31,60.625,59.3224983215332,59.3224983215332,60.35749816894531,24956000.0,60.35749816894531,77.36658805899712,8.857498168945312,21.539512570982406,1.1275291174623945,0.2479796406224521,233.40320247593667
2014-11-03,60.79999923706055,59.75,60.244998931884766,60.3849983215332,12716000.0,60.3849983215332,77.41796150721362,8.422496795654297,24.434385466897623,1.4815368758607192,0.4946910876701055,172.5306873204855
2014-11-04,60.752498626708984,59.775001525878906,59.912498474121094,60.74250030517578,16644400.0,60.74250030517578,78.1134563395582,7.415000915527344,27.122481727390326,1.770528447365244,0.7498585596091332,129.18470565398945
2014-11-05,63.084999084472656,61.0,61.040000915527344,62.38249969482422,21939600.0,62.38249969482422,81.0037880322516,9.65250015258789,30.176754370382973,2.107595545041711,1.0214059566956488,129.50482980263354
2014-11-06,62.724998474121094,61.8849983215332,62.377498626708984,62.522499084472656,13212000.0,62.522499084472656,81.23164579683322,8.952499389648438,33.012864681733284,2.358829313107293,1.2888906279779777,108.90256541846497
2014-11-07,63.10749816894531,62.2599983215332,62.529998779296875,63.10749816894531,9507600.0,63.10749816894531,82.19282754951436,9.737499237060547,35.727506241965486,2.575450234277774,1.546202549237937,99.21878448430435
2014-11-10,63.099998474121094,62.13249969482422,62.994998931884766,62.5525016784668,13145200.0,62.5525016784668,78.10602553000658,9.200000762939453,38.08512095105129,2.6715443956776923,1.7712709185258881,83.4136935635478
2014-11-11,62.470001220703125,62.040000915527344,62.29499816894531,62.432498931884766,8467600.0,62.432498931884766,77.212060657185,8.254997253417969,40.149887000001954,2.706814025016641,1.9583795398240387,70.86315885526041
2014-11-12,63.040000915527344,62.084999084472656,62.212501525878906,62.98749923706055,10897200.0,62.98749923706055,78.44105568266848,9.322498321533203,42.21836719595534,2.747873570637907,2.1162783459868124,71.17813703649351
2014-11-13,63.099998474121094,62.397499084472656,63.099998474121094,62.72999954223633,12473200.0,62.72999954223633,76.38275614966675,3.5675010681152344,44.15502304464911,2.7281866455900996,2.23866000590747,67.7301257473894
2014-11-14,62.790000915527344,62.182498931884766,62.78499984741211,62.209999084472656,8532800.0,62.209999084472656,72.25921731153329,1.8525009155273438,45.62561433345291,2.640190452462207,2.3189660952184172,54.815395479572835
2014-11-17,62.85749816894531,62.040000915527344,62.14500045776367,62.45000076293945,9876800.0,62.45000076293945,72.98413529444375,2.06500244140625,46.76789652999795,2.5603053586646354,2.367233947907661,49.680680031153074
2014-11-18,62.932498931884766,62.26750183105469,62.4474983215332,62.432498931884766,7647200.0,62.432498931884766,72.83466249552663,1.6899986267089844,47.857757711646336,2.467143895705881,2.387215937467305,48.77391822824409
2014-11-19,62.70750045776367,61.79750061035156,62.557498931884766,62.46500015258789,6642800.0,62.46500015258789,72.94547136920761,0.08250045776367188,48.094419605561875,2.368631235544072,2.3834989970826586,27.238174503319307
2014-11-20,62.97249984741211,61.877498626708984,61.88249969482422,62.91749954223633,6704000.0,62.91749954223633,74.50474320428974,0.3950004577636719,48.450511540887895,2.300552820796163,2.3669097618253594,49.56513844638184
2014-11-21,64.13999938964844,63.20500183105469,63.78499984741211,63.55500030517578,11886800.0,63.55500030517578,76.55487512391791,0.44750213623046875,49.30549025379208,2.271852667016809,2.3478983428636493,214.22301929351423
2014-11-24,63.8125,63.400001525878906,63.75,63.654998779296875,10724800.0,63.654998779296875,76.86907982193372,1.1024971008300781,50.09939905863168,2.231453818919938,2.324609438074907,202.16975174256336
2014-11-25,64.5,63.70500183105469,63.84000015258789,64.31500244140625,12966400.0,64.31500244140625,78.8808324413832,1.8825035095214844,51.1095039166279,2.227022491389299,2.3050920487377855,210.60998894535456
2014-11-26,64.73750305175781,63.900001525878906,64.37000274658203,64.31500244140625,7977200.0,64.31500244140625,78.8808324413832,1.3275032043457031,52.13600693926191,2.1981714798893393,2.2837079349680964,161.46262189673175
2014-11-28,64.875,64.4749984741211,64.6449966430664,64.54750061035156,5186800.0,64.54750061035156,79.60549752950227,1.8175010681152344,53.141353412549805,2.169063886295106,2.2607791252334986,145.18997654609385
2014-12-01,65.1624984741211,64.06749725341797,64.06749725341797,64.5374984741211,10925600.0,64.5374984741211,79.47914857255701,2.3274993896484375,53.3239274284651,2.1207422236226066,2.2327717449113202,112.98488582999188
2014-12-02,65.0625,64.55750274658203,64.7925033569336,65.00250244140625,8535200.0,65.00250244140625,80.98979870051693,2.552501678466797,53.493460443243585,2.095809702125621,2.2053793363541803,113.80877167070273
2014-12-03,65.47000122070312,64.67250061035156,64.91000366210938,65.4000015258789,9382000.0,65.4000015258789,82.19633941014305,2.9675025939941406,53.86716182186768,2.0841011327383185,2.181123695631008,116.74895590531246
2014-12-04,65.5625,65.01249694824219,65.5199966430664,65.28500366210938,7362400.0,65.28500366210938,80.60250885716871,2.8200035095214844,54.26261678711461,2.0420036931428527,2.1532996951333767,105.70847885526156
2014-12-05,65.87249755859375,65.25,65.41000366210938,65.8375015258789,7838000.0,65.8375015258789,82.37114794072532,2.920001983642578,54.79217470561683,2.0298245749782566,2.1286046711023525,114.403747565431
2014-12-08,66.40750122070312,65.62999725341797,65.875,65.7750015258789,12342000.0,65.7750015258789,81.4662378851626,2.220001220703125,55.54190763737406,1.9921648718580869,2.1013167112534994,120.89704005486979
2014-12-09,66.18250274658203,64.875,64.875,66.03500366210938,10454000.0,66.03500366210938,82.33561918971462,2.3800048828125,54.75886371684446,1.9606975840204015,2.07319288580688,93.80556305462324
2014-12-10,66.20999908447266,65.25,65.94499969482422,65.43000030517578,8528000.0,65.43000030517578,73.67529504218781,1.1149978637695312,54.05110899132829,1.8654372179645975,2.0316417522384236,80.993457007547
2014-12-11,66.3949966430664,65.62750244140625,65.73750305175781,65.77999877929688,13383600.0,65.77999877929688,75.29425950889836,1.464996337890625,53.528703498044756,1.797464590438068,1.9848063198783525,97.88671168947074
2014-12-12,66.11250305175781,64.19499969482422,65.13249969482422,64.19499969482422,15325600.0,64.19499969482422,57.92173555765101,-0.35250091552734375,50.71677434704062,1.5972870824700323,1.9073024723966885,-21.627028936500494
2014-12-15,64.7125015258789,63.272499084472656,64.5425033569336,64.17500305175781,12825200.0,64.17500305175781,57.740728265214656,-0.36249542236328125,47.17055224959085,1.4206549769801384,1.8099729733133785,-119.36268424272421
2014-12-16,64.61250305175781,63.087501525878906,63.22999954223633,63.352500915527344,12050400.0,63.352500915527344,50.71976981662855,-1.6500015258789062,44.07554135540244,1.2004654934129206,1.688071477333287,-149.78329723824197
2014-12-17,64.88999938964844,63.42499923706055,63.529998779296875,64.7699966430664,9714400.0,64.7699966430664,59.793397062006605,-0.6300048828125,40.97401690486862,1.1273484290723417,1.575926867681098,-74.66767645520476
2014-12-18,66.11250305175781,65.28500366210938,65.45999908447266,66.04000091552734,10318000.0,66.04000091552734,65.85874589218606,0.7549972534179688,39.30298233718475,1.158526586391318,1.492446811423142,77.0648484826255
2014-12-19,66.1449966430664,65.34500122070312,65.83999633789062,65.4175033569336,15563600.0,65.4175033569336,61.001230852088476,-0.4199981689453125,37.779877645044984,1.1200934105409601,1.4179761312467056,51.23464358896409
2014-12-22,66.07749938964844,65.50749969482422,65.6050033569336,66.05249786376953,5680000.0,66.05249786376953,63.92425874814045,0.277496337890625,36.365566145200916,1.127872183163177,1.3599553416299999,69.85278344394374
2014-12-23,66.6050033569336,66.01499938964844,66.25250244140625,66.31500244140625,5537600.0,66.31500244140625,65.08917256983922,0.279998779296875,35.54276309262763,1.1420539549930453,1.3163750643026089,101.96792056067684
2014-12-24,67.2125015258789,66.34500122070312,66.37249755859375,66.90750122070312,5236800.0,66.90750122070312,67.62989870732551,1.4775009155273438,35.28368956689307,1.1874150297894914,1.2905830573999855,132.30932227056078
2014-12-26,67.33000183105469,66.65499877929688,66.90750122070312,66.65499877929688,4768800.0,66.65499877929688,65.44399843709608,0.875,35.13657646420468,1.189279893295165,1.2703224245790214,120.76765531601039
2014-12-29,66.92500305175781,66.26249694824219,66.62000274658203,66.35749816894531,5262400.0,66.35749816894531,62.86581895903953,2.1624984741210938,34.38465871106836,1.1534556790531099,1.246949075473839,81.73022910398713
2014-12-30,66.34500122070312,65.7699966430664,66.2750015258789,66.13749694824219,4781600.0,66.13749694824219,60.953484835577676,1.962493896484375,32.97123717059274,1.094693525741235,1.2164979655273183,41.02207996896086
2014-12-31,66.8125,65.54499816894531,66.37000274658203,65.55000305175781,5904800.0,65.55000305175781,56.05017723161586,2.1975021362304688,32.1218280568123,0.9893140517660299,1.1710611827750605,28.65340998836271
2015-01-02,66.6875,65.62249755859375,65.84500122070312,66.25499725341797,8389600.0,66.25499725341797,60.18885951126989,1.4850006103515625,31.333091022587602,0.9517164053165743,1.1271922272833632,44.82338290550221
2015-01-05,65.875,64.71749877929688,65.87249755859375,64.7925033569336,12751200.0,64.7925033569336,49.72736747653562,-1.24749755859375,29.341411395223087,0.7947476090304519,1.0607033036327809,-45.90144399546207
2015-01-06,65.19499969482422,63.71500015258789,64.94750213623047,64.375,11070000.0,64.375,47.20495726335836,-1.0425033569335938,28.09276139918573,0.6294042944750515,0.974443501801235,-112.91937371917913
2015-01-07,65.28500366210938,64.36250305175781,64.61000061035156,65.23750305175781,9346800.0,65.23750305175781,52.55875186986645,-0.8149948120117188,26.82058520021471,0.561492775297225,0.891853356500433,-87.13512293090751
2015-01-08,66.27999877929688,65.65750122070312,65.80000305175781,66.11250305175781,10443200.0,66.11250305175781,57.29053456632742,-0.2024993896484375,25.303127112431337,0.571687536336853,0.827820192467717,14.95515932039349
2015-01-09,66.11750030517578,64.94249725341797,65.90249633789062,65.13249969482422,10523600.0,65.13249969482422,51.13847348133602,-1.7750015258789062,23.85262625564913,0.494983021084451,0.7612527581910637,-58.17591479224734
2015-01-12,65.5,64.78500366210938,65.26000213623047,65.00499725341797,6425600.0,65.00499725341797,50.38046243484994,-1.6500015258789062,22.663188795956362,0.41907492382485145,0.6928171913178213,-82.76556487850675
2015-01-13,66.45249938964844,64.77749633789062,65.50499725341797,65.19499969482422,10284000.0,65.19499969482422,51.53337381979536,-1.1624984741210938,21.535330956701387,0.36998387515728837,0.6282505280857147,-35.48102270983659
2015-01-14,64.6500015258789,63.529998779296875,64.16000366210938,63.88999938964844,12225200.0,63.88999938964844,43.97564138007027,-2.24749755859375,20.69885001093093,0.2232032984361183,0.5472410821557954,-151.6044193714324
2015-01-15,64.36750030517578,63.09000015258789,64.17749786376953,63.282501220703125,10569200.0,63.282501220703125,40.96386381503282,-2.2675018310546875,20.282952771314317,0.05719925136337167,0.4492327159973106,-162.4997419571257
2015-01-16,63.775001525878906,62.875,62.974998474121094,63.73749923706055,11137200.0,63.73749923706055,44.054346239871435,-2.517498016357422,20.070873235489653,-0.03721660474047894,0.3519428518497527,-145.01708314107148
2015-01-20,64.92250061035156,63.564998626708984,64.05500030517578,64.20999908447266,14933200.0,64.20999908447266,47.14850424711402,-0.5825042724609375,18.689674752050706,-0.07307272520218078,0.266939736439366,-67.4670200893025
2015-01-21,64.90750122070312,63.625,64.04000091552734,64.31999969482422,9784000.0,64.31999969482422,47.87132551438852,-0.05500030517578125,17.407133303143112,-0.09155741220023117,0.1952403067114466,-52.61508802316797
2015-01-22,64.75,63.342498779296875,63.86249923706055,64.4000015258789,11566000.0,64.4000015258789,48.423800339796216,-0.8375015258789062,16.491217775909295,-0.09861441506670587,0.1364693623558161,-53.79256988055164
2015-01-23,65.1624984741211,64.54499816894531,64.62999725341797,64.57250213623047,6166800.0,64.57250213623047,49.66260252230246,-1.5400009155273438,15.415258809495816,-0.08925886246889547,0.09132371739087379,12.540422641789322
2015-01-26,64.32250213623047,63.45000076293945,64.23500061035156,64.13249969482422,8552400.0,64.13249969482422,46.58875140654023,-1.0,15.234736785405316,-0.11601172840936158,0.04985662823082671,-63.66129200131434
2015-01-27,63.4474983215332,62.14500045776367,63.4474983215332,62.747501373291016,11027600.0,62.747501373291016,38.50905474328848,-2.257495880126953,16.021407470618648,-0.24613407662280906,-0.009341512739900443,-153.70161357467734
2015-01-28,63.252498626708984,61.57500076293945,63.13249969482422,61.59000015258789,11430800.0,61.59000015258789,33.30978128436417,-3.604999542236328,17.10635432219535,-0.4376131183091161,-0.09499583385374358,-175.77145468497116
2015-01-29,62.20000076293945,61.29249954223633,61.88249969482422,62.0,15668400.0,62.0,36.57625097167246,-1.8899993896484375,18.28415043134428,-0.5499387258958919,-0.18598441226217324,-166.4639065402714
2015-01-30,65.90499877929688,63.727500915527344,65.0999984741211,63.727500915527344,22151600.0,63.727500915527344,48.10889058712663,0.44499969482421875,17.71512537926281,-0.4938696704771317,-0.24756146390516495,48.34554826263821
2015-02-02,64.07749938964844,62.42499923706055,64.07749938964844,63.834999084472656,13665200.0,63.834999084472656,48.733598645565344,0.09749984741210938,16.58485770436634,-0.43573742645281044,-0.28519665641469405,-27.384195009499827
2015-02-03,65.11250305175781,63.685001373291016,64.17749786376953,64.94750213623047,15075600.0,64.94750213623047,54.798476425782624,0.7375030517578125,15.894777731520772,-0.2964798701516216,-0.28745329916207957,84.24265383106274
2015-02-04,66.68250274658203,64.7750015258789,64.89749908447266,66.22250366210938,22170800.0,66.22250366210938,60.557488139295344,1.9025039672851562,16.07724119450376,-0.08228673571275635,-0.2464199864722149,168.5140519824114
2015-02-05,67.94999694824219,66.4749984741211,66.8125,67.94999694824219,16565600.0,67.94999694824219,66.74051046663023,3.5499954223632812,16.81284108861798,0.22427187091190603,-0.15228161499539072,223.74110046848062
2015-02-06,68.11250305175781,66.51000213623047,67.9375,66.8550033569336,11242000.0,66.8550033569336,60.2890963927709,2.282501220703125,17.56553817658225,0.37454739450591035,-0.0469158130951305,160.84594066429764
2015-02-09,67.08499908447266,66.31999969482422,66.85250091552734,66.36499786376953,7834400.0,66.36499786376953,57.605581482008674,2.2324981689453125,18.115284191534478,0.4489275244253861,0.052252854408972815,103.89432466311712
2015-02-10,66.96749877929688,65.90750122070312,66.6875,66.13749694824219,9396800.0,66.13749694824219,56.35146653384086,3.389995574951172,18.295350848232122,0.48393835062306323,0.1385899536517909,76.44299031166997
2015-02-11,66.57499694824219,66.0625,66.24500274658203,66.49749755859375,8795600.0,66.49749755859375,57.91291064197727,4.907497406005859,18.462555600879938,0.5345715155567206,0.21778626603277684,66.60800824398973
2015-02-12,67.72750091552734,66.76499938964844,66.90499877929688,67.72750091552734,11641600.0,67.72750091552734,62.80833307396495,5.727500915527344,19.223661962224735,0.6662693169489415,0.3074828762160098,92.32603682353248
2015-02-13,68.1875,67.19499969482422,68.1875,67.40750122070312,8476000.0,67.40750122070312,60.82608017180826,3.6800003051757812,20.15276951677372,0.7363315011654379,0.3932526012058954,86.10393352588189
2015-02-17,67.99749755859375,67.46749877929688,67.87000274658203,67.71749877929688,6810400.0,67.71749877929688,62.074794598571515,3.8824996948242188,21.015512245997776,0.8075614336312356,0.47611436769096344,82.70850103164402
2015-02-18,67.75,67.0374984741211,67.71749877929688,67.27999877929688,6429200.0,67.27999877929688,59.20639795127811,2.3324966430664062,21.387345266390536,0.8192650965758901,0.5447445134679487,63.368015293427376
2015-02-19,67.51750183105469,67.0,67.51750183105469,67.2750015258789,5654800.0,67.2750015258789,59.17276354488203,1.0524978637695312,21.69429891532841,0.8186996373957527,0.5995355382535095,54.79237861601708
2015-02-20,68.25,66.76499938964844,67.26000213623047,68.25,9034800.0,68.25,63.52638963902708,0.3000030517578125,22.414995046697722,0.8867043594791539,0.6569693024986384,78.78088400567626
2015-02-23,68.33000183105469,67.5625,68.23999786376953,68.25250244140625,6654800.0,68.25250244140625,63.53713686982284,1.3974990844726562,23.13080032239032,0.9300791443634608,0.7115912708716029,99.6452110395948
2015-02-24,68.45249938964844,67.7925033569336,68.45249938964844,68.11750030517578,9045200.0,68.11750030517578,62.467749409680614,1.75250244140625,23.870382371706494,0.942693644224633,0.7578117455422089,112.12474531294605
2015-02-25,68.55750274658203,67.81500244140625,67.81500244140625,68.25250244140625,6842800.0,68.25250244140625,63.135932351564215,2.1150054931640625,24.624249607027895,0.9526032530547752,0.7967700470447221,118.70382203967898
2015-02-26,68.625,68.00499725341797,68.30000305175781,68.4375,13459600.0,68.4375,64.0796485169575,1.94000244140625,25.369628467509727,0.9642689540710023,0.8302698284499781,115.4466009187098
2015-02-27,68.54750061035156,67.82749938964844,68.36750030517578,67.82749938964844,7965200.0,67.82749938964844,58.73990569295928,0.09999847412109375,25.80425740569502,0.9137589109750905,0.8469676449550005,68.57651731604504
2015-03-02,69.57250213623047,68.61000061035156,69.17749786376953,69.57250213623047,11653600.0,69.57250213623047,67.16828879126028,2.1650009155273438,26.904889808898982,1.0029748067272948,0.8781690773094594,185.38651901363139
2015-03-03,69.6624984741211,68.375,69.6624984741211,68.82499694824219,8807200.0,68.82499694824219,61.38373162526008,1.1074981689453125,27.584387192706057,1.0018133447366182,0.9028979307948911,131.7599569975365
2015-03-04,68.7874984741211,68.0625,68.7874984741211,68.4375,8021200.0,68.4375,58.56791508236508,1.157501220703125,27.76346851655368,0.9585752536335974,0.9140333953626324,58.28654578640921
2015-03-05,68.78500366210938,68.4375,68.75,68.53250122070312,6756000.0,68.53250122070312,59.063713454101915,1.2574996948242188,27.92975831726933,0.9213537667726968,0.9154974696446453,70.77962851834003
2015-03-06,68.62000274658203,67.3125,68.3499984741211,67.33499908447266,11590800.0,67.33499908447266,50.81000146963856,-0.9150009155273438,26.576845398550624,0.7861646392276924,0.8896309035612547,-59.27976168116268
2015-03-09,68.05249786376953,67.2699966430664,67.62999725341797,67.8550033569336,8902000.0,67.8550033569336,53.82737075750745,-0.39749908447265625,25.269525795992962,0.7127699127237577,0.8542587053937554,-63.945866144170786
2015-03-10,67.46499633789062,66.30000305175781,67.41000366210938,66.30000305175781,11125600.0,66.30000305175781,44.94820337026058,-1.8174972534179688,23.946845627213587,0.5230985794348726,0.7880266802019789,-197.71035997121956
2015-03-11,66.84500122070312,65.76249694824219,66.40750122070312,66.1875,12105200.0,66.1875,44.377837253854665,-2.06500244140625,23.228071457803587,0.3595598431915761,0.7023333127998983,-210.20127154254274
2015-03-12,67.5,66.57499694824219,66.5999984741211,67.3949966430664,9530800.0,67.3949966430664,51.492532383698055,-1.0425033569335938,21.81862978252164,0.32365817414935805,0.6265982850697902,-89.14403166060501
2015-03-13,67.20999908447266,66.125,67.20999908447266,66.25749969482422,12578800.0,66.25749969482422,45.57809323976117,-1.5699996948242188,20.945657911938675,0.20110117633173274,0.5414988633221787,-122.92080561630783
2015-03-16,67.51249694824219,66.65750122070312,66.72250366210938,67.25499725341797,9849600.0,67.25499725341797,50.903647675115785,-2.3175048828125,19.792433060152643,0.18236143996549004,0.46967137865084096,-57.50500959563617
2015-03-17,67.08999633789062,66.03500366210938,67.01499938964844,66.125,14290800.0,66.125,45.47475035472604,-2.6999969482421875,19.322797874237327,0.07545888624389363,0.3908288801694515,-100.57564350488566
2015-03-18,66.99500274658203,64.75250244140625,66.02249908447266,66.9175033569336,50658000.0,66.9175033569336,49.53940365740413,-1.5199966430664062,19.9032860000168,0.054063034892692485,0.3234757111140997,-97.64677477496748
2015-03-19,67.19000244140625,65.75,66.83000183105469,66.80999755859375,15407500.0,66.80999755859375,49.00571492206454,-1.722503662109375,20.204243392650557,0.028107839409301505,0.26440213677314006,-61.48014651470194
2015-03-20,67.69999694824219,66.77999877929688,67.25,67.41000366210938,15372000.0,67.41000366210938,52.10683956141124,0.07500457763671875,19.875509149510425,0.05531598978784302,0.22258490737608067,2.6106624209232265
2015-03-23,68.20999908447266,67.06999969482422,68.02999877929688,67.08000183105469,8128000.0,67.08000183105469,50.295208768037966,-0.7750015258789062,19.002171679926754,0.0496776026807737,0.18800344643701927,31.893985587684917
2015-03-24,67.69000244140625,66.83999633789062,67.0999984741211,67.0999984741211,6534800.0,67.0999984741211,50.40772480397428,0.7999954223632812,18.404501711006425,0.04628911020411408,0.15966057919043825,17.034083077138995
2015-03-25,67.43000030517578,65.7300033569336,67.0999984741211,65.7300033569336,13054300.0,65.7300033569336,43.19362095409775,-0.45749664306640625,18.76785680662805,-0.06618056259688387,0.11449235083297382,-84.988462942322
2015-03-26,66.30000305175781,65.0199966430664,65.25,65.58999633789062,9487200.0,65.58999633789062,42.5238393184436,-1.8050003051757812,19.5980125458278,-0.16471228425811546,0.058651423814755965,-152.61459997845773
2015-03-27,65.80999755859375,65.1500015258789,65.5199966430664,65.54000091552734,6521100.0,65.54000091552734,42.27176470056632,-0.717498779296875,20.368871446513282,-0.2440206778363887,-0.0018829965154729678,-153.31261639036788
2015-03-30,66.31999969482422,65.5,66.0199966430664,65.66000366210938,11237100.0,65.66000366210938,43.14298173290139,-1.5949935913085938,20.433956502461633,-0.29380315253264655,-0.060267027718907684,-91.93826096434591
2015-03-31,66.20999908447266,65.38999938964844,65.47000122070312,65.41000366210938,7400500.0,65.41000366210938,41.73005217901469,-0.714996337890625,20.58418632367439,-0.3494013517672272,-0.11809389252857158,-98.75784217018999
2015-04-01,65.5199966430664,64.44999694824219,65.44999694824219,65.18000030517578,7633000.0,65.18000030517578,40.41854732570464,-1.7375030517578125,21.43264857389598,-0.4073272588230168,-0.17594056578746062,-143.3959471547057
2015-04-02,65.62000274658203,64.80999755859375,64.98999786376953,65.29000091552734,5083000.0,65.29000091552734,41.3676299610922,-1.5199966430664062,22.083614816477926,-0.43929392068969264,-0.228611236767907,-102.18538956000313
2015-04-06,65.63999938964844,64.41000366210938,64.7300033569336,65.19999694824219,8351200.0,65.19999694824219,40.795029838628345,-2.2100067138671875,22.979112177916992,-0.46651263127249365,-0.27619151566882433,-100.78006923507236
2015-04-07,66.19000244140625,65.30999755859375,65.37999725341797,65.80000305175781,6660800.0,65.80000305175781,46.146615679783906,-1.279998779296875,23.042098513941692,-0.434657713855799,-0.3078847553062193,-29.06618850258638
2015-04-08,66.83999633789062,65.80000305175781,65.88999938964844,66.5,6604200.0,66.5,51.63881653404133,-0.5999984741210938,22.28372137122695,-0.3489065808193601,-0.31608912040884746,30.082076096251598
2015-04-09,66.81999969482422,65.76000213623047,66.56999969482422,66.44000244140625,5408500.0,66.44000244140625,51.157242949961415,0.7099990844726562,21.61755859383993,-0.28253263133879614,-0.3093778225948372,28.71329008710405
2015-04-10,66.69000244140625,65.93000030517578,66.69000244140625,66.33999633789062,4628500.0,66.33999633789062,50.314954068754716,0.75,20.998978871980558,-0.23528819904800002,-0.29455989788546977,38.29219855087067
2015-04-13,66.80000305175781,65.51000213623047,66.22000122070312,65.61000061035156,5059800.0,65.61000061035156,44.54900924450579,0.06999969482421875,20.853291198490044,-0.2538252608569138,-0.28641297047975856,13.669429433535722
2015-04-14,65.94000244140625,64.87999725341797,65.5199966430664,65.52999877929688,5621800.0,65.52999877929688,43.954523736070456,-0.1300048828125,21.298170178506307,-0.27183791676448266,-0.2834979597367034,-53.51879831960971
2015-04-15,65.91000366210938,65.30000305175781,65.5999984741211,65.68000030517578,5347100.0,65.68000030517578,45.425063903230736,0.26999664306640625,21.71127208852141,-0.27088659477848864,-0.28097568674506046,-14.670524847902016
2015-04-16,66.01000213623047,65.3499984741211,65.52999877929688,65.6500015258789,4121300.0,65.6500015258789,45.16980720123719,0.470001220703125,21.930426888384442,-0.26944729533417444,-0.27867000846288326,-7.332742122397627
2015-04-17,65.5,64.3499984741211,65.0999984741211,64.5199966430664,11212900.0,64.5199966430664,36.78467442568284,-0.7700042724609375,23.011029978704293,-0.35539185428069686,-0.294014377626446,-150.01781312995735
2015-04-20,65.20999908447266,64.58000183105469,65.0,64.72000122070312,5948900.0,64.72000122070312,38.94503860185796,-0.4799957275390625,24.014447134001298,-0.4027225041933633,-0.31575600293982947,-114.07382878512995
2015-04-21,65.83000183105469,64.98999786376953,65.02999877929688,65.3499984741211,9619700.0,65.3499984741211,45.287718800396206,-0.45000457763671875,23.91774499887341,-0.384959300813037,-0.32959666251447095,-26.28213279253915
2015-04-22,69.9800033569336,65.79000091552734,65.81999969482422,68.01000213623047,20912400.0,68.01000213623047,62.840610840674806,1.5100021362304688,24.366305181966357,-0.15446123622071184,-0.29456957725571914,246.2970948493796
2015-04-23,68.22000122070312,67.5199966430664,68.19999694824219,67.72000122070312,7193400.0,67.72000122070312,60.55949205787245,1.279998779296875,24.782825351981238,0.004754681366193836,-0.23470472553133653,173.08249590935765
2015-04-24,68.18000030517578,67.30999755859375,68.12999725341797,67.4800033569336,6219900.0,67.4800033569336,58.66167370173241,1.1400070190429688,24.940204319397395,0.11029718400263278,-0.16570434362454267,126.27659703354081
2015-04-27,68.61000061035156,66.93000030517578,68.38999938964844,67.0999984741211,7122400.0,67.0999984741211,55.68600247379827,1.4899978637695312,25.3553779289335,0.1614164511543663,-0.10028018466876087,97.54190250318754
2015-04-28,67.5,66.41000366210938,67.30999755859375,66.7699966430664,6297500.0,66.7699966430664,53.1639196481511,1.2399978637695312,25.15295539654013,0.17330272292809923,-0.04556360314938885,43.16180911291148
2015-04-29,68.45999908447266,66.77999877929688,66.86000061035156,67.33999633789062,9812400.0,67.33999633789062,56.803140662069815,1.6599960327148438,25.580601000320485,0.226110430338764,0.008771203548241721,75.45851257770396
2015-04-30,67.5,65.41999816894531,67.18000030517578,66.05000305175781,11780600.0,66.05000305175781,47.758766847165404,0.40000152587890625,24.618654604479325,0.16200178590814573,0.039417320020222524,-4.292049032933575
2015-05-01,66.66000366210938,65.1500015258789,65.22000122070312,65.7699966430664,10142800.0,65.7699966430664,46.04499200939311,1.25,23.48448722483831,0.08759134771609922,0.04905212555939786,-34.22658424521648
2015-05-04,66.13999938964844,65.47000122070312,66.05000305175781,65.58000183105469,7426400.0,65.58000183105469,44.86846916529317,0.8600006103515625,22.431331800885943,0.013138098057964953,0.04186932005911128,-44.85889022876692
2015-05-05,66.38999938964844,65.5999984741211,65.7699966430664,65.95999908447266,8099800.0,65.95999908447266,47.74437340198678,0.6100006103515625,21.65741421986177,-0.015030770752616718,0.03048930189676568,-30.24426778629076
2015-05-06,66.6500015258789,65.2300033569336,66.1500015258789,65.66999816894531,7084600.0,65.66999816894531,45.78160534731364,-2.3400039672851562,20.560047715684174,-0.06006308264626625,0.01237882498815929,-40.71006380391279
2015-05-07,66.77999877929688,65.54000091552734,65.58000183105469,66.58000183105469,6660300.0,66.58000183105469,52.395045018089526,-1.1399993896484375,19.6592675452981,-0.022067444187868546,0.005489571152953724,-18.833650320675773
2015-05-08,70.16000366210938,67.01000213623047,67.13999938964844,69.47000122070312,18359000.0,69.47000122070312,66.40859587266874,1.9899978637695312,20.998358070329626,0.23849396111974386,0.05209044914631175,148.97689905223953
2015-05-11,69.69999694824219,68.79000091552734,69.30000305175781,69.0199966430664,10998500.0,69.0199966430664,63.284685773637506,1.9199981689453125,22.241799272144615,0.40402183132283653,0.12247672558161671,141.87099383421483
2015-05-12,69.0,67.97000122070312,68.55000305175781,68.69000244140625,7438200.0,68.69000244140625,61.017924817386174,1.9200057983398438,22.554444652151794,0.5027803479441246,0.1985374500541183,92.18270208610161
2015-05-13,68.87999725341797,68.19000244140625,68.75,68.6500015258789,5129800.0,68.6500015258789,60.733945379051114,1.3100051879882812,22.844758219301315,0.5712346073296146,0.27307688150921755,85.43432274189698
2015-05-14,70.02999877929688,68.8499984741211,68.95999908447266,70.0,6491100.0,70.0,66.4149315239835,3.9499969482421875,23.752070865625196,0.7260492517087869,0.36367135554913144,125.78885517566421
2015-05-15,70.69000244140625,69.30999755859375,70.0999984741211,69.56999969482422,7121000.0,69.56999969482422,63.27473403743742,3.8000030517578125,24.91656504777833,0.8047666923142316,0.4518904229021515,113.84367569685516
2015-05-18,70.23999786376953,69.12999725341797,69.73999786376953,70.0,5553800.0,70.0,65.05412677177618,4.4199981689453125,25.796518410284225,0.891570789015546,0.5398264961248304,92.72439806900638
2015-05-19,70.55999755859375,70.0,70.13999938964844,70.16000366210938,4351000.0,70.16000366210938,65.71970221720147,4.200004577636719,26.77997107413157,0.9621831707131605,0.6242978310424964,95.29037561871297
2015-05-20,70.31999969482422,69.4800033569336,70.25,69.77999877929688,4870100.0,69.77999877929688,62.66700137713733,4.1100006103515625,27.085310826341903,0.9762274315827995,0.694683751150557,71.4449563289806
2015-05-21,69.87000274658203,69.27999877929688,69.55000305175781,69.37000274658203,6483800.0,69.37000274658203,59.45797046327449,2.7900009155273438,27.13823175094012,0.9433994347076009,0.7444268878619658,51.46250029280103
2015-05-22,69.8499984741211,69.30000305175781,69.30000305175781,69.62000274658203,4511700.0,69.62000274658203,60.77690101488198,0.15000152587890625,27.187372609495604,0.9268715233699538,0.7809158149635633,50.529307956911694
2015-05-26,69.5,68.30999755859375,69.30999755859375,68.54000091552734,6228100.0,68.54000091552734,52.78746032411728,-0.4799957275390625,26.101739873745167,0.8172056744216292,0.7881737868551765,-8.335857131653315
2015-05-27,69.73999786376953,68.5,68.8499984741211,69.48999786376953,7064800.0,69.48999786376953,58.015610665996086,0.7999954223632812,25.290627847379845,0.7977554846561219,0.7900901264153656,10.35309809258406
2015-05-28,69.77999877929688,68.80000305175781,69.4800033569336,69.55999755859375,3893900.0,69.55999755859375,58.38132132022432,0.9099960327148438,24.571508765801376,0.7790095226360023,0.787874005659493,3.000543292303883
2015-05-29,69.5999984741211,68.5199966430664,69.33000183105469,68.68000030517578,6678100.0,68.68000030517578,52.22275776435519,-1.3199996948242188,23.57081067283945,0.6852457028588503,0.7673483450993644,-68.66996030206863
2015-06-01,69.44999694824219,68.43000030517578,69.12999725341797,69.11000061035156,6309400.0,69.11000061035156,54.735431076086,-0.45999908447265625,22.53253730746498,0.6382769715049221,0.741534070380476,-54.76832266177576
2015-06-02,69.45999908447266,68.01000213623047,68.7300033569336,69.04000091552734,4457400.0,69.04000091552734,54.23538532081628,-0.9599990844726562,21.062988460268592,0.5886202750279068,0.7109513113099621,-87.17545129047961
2015-06-03,69.5,68.88999938964844,69.26000213623047,68.94999694824219,4906400.0,68.94999694824219,53.55787682701811,-1.2100067138671875,19.744713281188897,0.5358277288305544,0.6759265948140806,-53.63355006348963
2015-06-04,69.1500015258789,68.02999877929688,68.62999725341797,68.20999908447266,6460000.0,68.20999908447266,48.223936317255266,-1.5699996948242188,19.12124205036696,0.4293285798130597,0.6266069918138764,-137.88898027351857
2015-06-05,68.69999694824219,68.0,68.29000091552734,68.37000274658203,4413100.0,68.37000274658203,49.397432043828914,-1.0,18.57384837581647,0.35376026710650876,0.5720376468724029,-131.66474686657554
2015-06-08,68.29000091552734,67.62000274658203,68.19000244140625,67.68000030517578,4864300.0,67.68000030517578,44.693096255371735,-1.94000244140625,18.466574810317336,0.2354799382685968,0.5047261051516416,-169.95001293074344
2015-06-09,68.08999633789062,67.52999877929688,67.66999816894531,67.94999694824219,4439700.0,67.94999694824219,46.82701275327029,-0.5900039672851562,18.46124265071031,0.16166482665140336,0.436113849451594,-148.5582353375651
2015-06-10,69.66999816894531,68.11000061035156,68.22000122070312,69.62999725341797,6807800.0,69.62999725341797,57.75038053514949,0.1399993896484375,17.784890498298985,0.23600725839951053,0.39609253124117727,42.69269549100384
2015-06-11,70.0199966430664,69.41999816894531,69.69999694824219,69.63999938964844,5238700.0,69.63999938964844,57.80595620861079,0.0800018310546875,17.49678416463134,0.29236110316185204,0.3753462456253122,123.68166025276416
2015-06-12,69.73999786376953,69.0199966430664,69.43000030517578,69.33000183105469,4900700.0,69.33000183105469,55.37473870441435,0.6500015258789062,16.73793562149901,0.3084520754022293,0.3619674115806956,78.74351838784851
2015-06-15,68.98999786376953,68.16999816894531,68.72000122070312,68.56999969482422,5995100.0,68.56999969482422,49.840305584593494,-0.5400009155273438,15.979408082751528,0.25691688808041135,0.34095730688063874,-40.09200536106662
2015-06-16,69.16999816894531,68.29000091552734,68.44999694824219,69.01000213623047,5937400.0,69.01000213623047,52.78261500012269,-0.029998779296875,15.070596815255943,0.2487123988882587,0.3225083252821627,1.5055546411913958
2015-06-17,69.41000366210938,68.51000213623047,69.11000061035156,68.75,7818300.0,68.75,50.883223081744966,-0.1999969482421875,14.036574280930122,0.21870913980606588,0.30174848818694333,18.683087468240057
2015-06-18,69.83999633789062,68.87999725341797,68.9000015258789,69.5,7596800.0,69.5,55.821788835278404,1.2900009155273438,13.552970493773504,0.252538960869245,0.29190658272340364,94.08730041298428
2015-06-19,69.33000183105469,68.4800033569336,69.2699966430664,68.69000244140625,8728800.0,68.69000244140625,49.97724738976688,0.31999969482421875,12.621201582955035,0.21155067969621655,0.2758354021179662,5.23267652218876
2015-06-22,69.44000244140625,68.9000015258789,69.31999969482422,69.08999633789062,5511700.0,69.08999633789062,52.61562059746093,1.4099960327148438,11.886156487398326,0.20893486505289616,0.2624552947049522,49.89151396267667
2015-06-23,69.58999633789062,69.08999633789062,69.0999984741211,69.41999816894531,3888700.0,69.41999816894531,54.736726115579835,1.470001220703125,11.386346651661237,0.23082934591445792,0.25613010494685334,78.80057713362766
2015-06-24,69.4000015258789,68.76000213623047,69.11000061035156,68.86000061035156,4670600.0,68.86000061035156,50.59757531084259,-0.7699966430664062,10.661613099486095,0.2006804376883906,0.2450401714951608,19.950048674047817
2015-06-25,69.37999725341797,68.51000213623047,69.37999725341797,68.62000274658203,4705100.0,68.62000274658203,48.89122089819729,-1.0199966430664062,10.309641345018965,0.15562741290642634,0.22715761977741392,-13.284123405277894
2015-06-26,69.20999908447266,68.41000366210938,68.69999694824219,68.75,7025600.0,68.75,49.877241485594446,-0.5800018310546875,10.112253978411525,0.12892607851621563,0.20751131152517427,-39.36912146159944
2015-06-29,68.48999786376953,66.69000244140625,67.98999786376953,66.72000122070312,9706700.0,66.72000122070312,37.65906714824027,-1.8499984741210938,11.663081154394733,-0.05540023798431548,0.15492900162327633,-302.193674378231
2015-06-30,67.4800033569336,66.76000213623047,67.33999633789062,67.1500015258789,6811000.0,67.1500015258789,40.95835358228609,-1.8600006103515625,13.103134960664855,-0.1648820828298625,0.09096678473264856,-229.36947331368813
2015-07-01,68.30000305175781,67.52999877929688,67.94000244140625,67.8499984741211,6260800.0,67.8499984741211,45.971196975502146,-0.9000015258789062,13.24654818046994,-0.1929392465062847,0.03418557848486191,-95.85334092486815
2015-07-02,68.31999969482422,67.62000274658203,68.1500015258789,68.23999786376953,5053000.0,68.23999786376953,48.59013146348151,-1.2600021362304688,13.352432142643897,-0.18161155452575883,-0.008973848117262248,-61.38863881984376
2015-07-06,68.12000274658203,67.36000061035156,67.55000305175781,68.12000274658203,5270600.0,68.12000274658203,47.82204212557446,-0.5699996948242188,13.721208136937236,-0.18023919489185403,-0.043226917472180604,-70.21581133094402
2015-07-07,68.19999694824219,66.52999877929688,68.11000061035156,67.7699966430664,6500700.0,67.7699966430664,45.55978455048349,-1.3199996948242188,14.834470961264827,-0.20503069124384865,-0.07558767222651422,-89.85178901020242
2015-07-08,67.31999969482422,66.6500015258789,67.01000213623047,66.7300033569336,5973500.0,66.7300033569336,39.56989957418057,-2.6899948120117188,15.868215012426163,-0.3050801235616234,-0.12148616249353605,-120.70386953383576
2015-07-09,67.94000244140625,67.0199966430664,67.6500015258789,67.05000305175781,4837800.0,67.05000305175781,42.092649641847174,-1.80999755859375,15.877481281794191,-0.354462693185738,-0.16808146863197643,-73.02484277047796
2015-07-10,68.54000091552734,67.91000366210938,67.9800033569336,68.41999816894531,5110200.0,68.41999816894531,51.43937202290271,-0.20000457763671875,15.083422451920999,-0.2798259199453952,-0.19043035889466017,18.23929604732791
2015-07-13,69.5999984741211,68.83000183105469,69.05000305175781,69.5199966430664,6832300.0,69.5199966430664,57.38678021366861,0.7699966430664062,14.830529867927822,-0.13041175015546003,-0.17842663714682014,114.0037891691902
2015-07-14,70.30000305175781,69.47000122070312,69.97000122070312,70.0999984741211,5635400.0,70.0999984741211,60.157615680183376,3.3799972534179688,15.225325373560793,0.034404759708891675,-0.1358603577756778,159.73028949412463
2015-07-15,70.27999877929688,69.69000244140625,70.12999725341797,70.0199966430664,4506200.0,70.0199966430664,59.58212588297786,2.8699951171875,15.59192120021998,0.15676051442207495,-0.07733618333612724,141.7619452640097
2015-07-16,70.58999633789062,69.97000122070312,70.43000030517578,70.56999969482422,6512500.0,70.56999969482422,62.25544715321946,2.720001220703125,16.209307785237794,0.2947117279196618,-0.0029266010849694213,140.96738951737342
2015-07-17,70.95999908447266,70.27999877929688,70.4000015258789,70.87999725341797,6287600.0,70.87999725341797,63.71229774284717,2.6399993896484375,17.10133312357271,0.4241637747595064,0.08249147408392575,130.50077363513057
2015-07-20,73.0,71.2300033569336,71.29000091552734,72.69999694824219,10198500.0,72.69999694824219,70.83072549914712,4.579994201660156,19.249238524880365,0.6659377042096537,0.19918072010907134,167.79058932294112
2015-07-21,72.87999725341797,71.76000213623047,72.83999633789062,72.0199966430664,10919600.0,72.0199966430664,65.64899114615854,4.25,21.2437221118089,0.7935276507538873,0.31805010623803454,134.21010351729555
2015-07-22,72.1500015258789,71.62000274658203,71.94000244140625,71.97000122070312,6303200.0,71.97000122070312,65.27091526365506,5.239997863769531,22.883338571002813,0.8804599951142222,0.4305320840132721,102.166284261765
2015-07-23,72.25,71.19999694824219,72.19999694824219,71.75,10755700.0,71.75,63.53688617967056,4.6999969482421875,23.774667309372894,0.9209856946553856,0.5286228061416948,82.44639507544657
2015-07-24,76.91999816894531,74.4000015258789,76.77999877929688,74.80000305175781,21196100.0,74.80000305175781,73.8922606708613,6.3800048828125,26.556353176960005,1.185546122132365,0.6600074693398288,187.5981762256098
2015-07-27,74.70999908447266,73.58000183105469,74.27999877929688,73.86000061035156,10293800.0,73.86000061035156,67.52717801056993,4.340003967285156,28.278108070389816,1.3043263634664441,0.7888712481651519,117.53125096252012
2015-07-28,75.18000030517578,73.8499984741211,74.30000305175781,74.73999786376953,10054300.0,74.73999786376953,70.12192340143457,4.6399993896484375,30.031023963679946,1.4527228991037902,0.9216415783528795,117.23256594999732
2015-07-29,76.43000030517578,74.66999816894531,74.94999694824219,76.01000213623047,13746900.0,76.01000213623047,73.42255122138509,5.9900054931640625,32.03391160250937,1.653743626547552,1.068061987991814,137.84097148855832
2015-07-30,76.76000213623047,75.23999786376953,75.88999938964844,76.37999725341797,6507000.0,76.37999725341797,74.31284912402577,5.80999755859375,33.98561983320645,1.8219076972657717,1.2188311298466057,126.28546234309705
2015-07-31,76.51000213623047,75.31999969482422,76.44999694824219,75.33999633789062,8526300.0,75.33999633789062,67.4711698275071,4.459999084472656,35.79792033313946,1.8499346574471929,1.3450518353667231,93.087272391437
2015-08-03,76.04000091552734,75.01000213623047,75.58999633789062,75.7699966430664,5810800.0,75.7699966430664,68.75213940201526,3.0699996948242188,37.11261145474258,1.8851132442421346,1.4530641171418055,76.56915527017385
2015-08-04,76.08000183105469,75.02999877929688,75.52999877929688,75.2699966430664,6957900.0,75.2699966430664,65.52113389708708,3.25,38.34803274700751,1.8513060031926898,1.5327124943519823,63.03712710536504
2015-08-05,76.16999816894531,74.91999816894531,76.05000305175781,74.9800033569336,6976400.0,74.9800033569336,63.65272843785456,3.0100021362304688,39.350973148948746,1.7805879766596746,1.5822875908135208,52.79281700077864
2015-08-06,75.41999816894531,73.55000305175781,75.30000305175781,73.58000183105469,7767800.0,73.58000183105469,55.43422152121317,1.8300018310546875,38.65792559485324,1.5932094811387998,1.5844719688785767,-6.287511485019431
2015-08-07,74.30999755859375,73.31999969482422,73.68000030517578,74.20999908447266,6484600.0,74.20999908447266,58.058527131390626,-0.5900039672851562,37.77108840801701,1.4785029253066284,1.563278160164187,-26.34624854793365
2015-08-10,75.18000030517578,73.8499984741211,74.88999938964844,74.37999725341797,6183500.0,74.37999725341797,58.76415876391818,0.5199966430664062,37.45691199824956,1.385345187914595,1.5276915657142687,-7.634481867938861
2015-08-11,74.2699966430664,73.22000122070312,73.80999755859375,73.36000061035156,6476000.0,73.36000061035156,53.00223234940612,-1.3799972534179688,36.49732132759127,1.2152036934977133,1.4651939912709575,-79.97213185403895
2015-08-12,73.83000183105469,72.38999938964844,72.87000274658203,73.54000091552734,7625100.0,73.54000091552734,53.861984512243545,-2.470001220703125,34.80485213884198,1.0824124764216094,1.3886376883010878,-129.97223672782502
2015-08-13,74.43000030517578,73.37999725341797,73.43000030517578,73.93000030517578,5992000.0,73.93000030517578,55.75074704688567,-2.4499969482421875,33.643063083403355,0.9971496510898135,1.310340080858833,-65.67933321135803
2015-08-14,74.4000015258789,73.44999694824219,73.8499984741211,74.22000122070312,3861500.0,74.22000122070312,57.155292368823815,-1.1199951171875,32.56425896049606,0.9421187395916917,1.2366958126054048,-56.38967579076425
2015-08-17,74.44000244140625,73.5,74.0,74.41000366210938,3473500.0,74.41000366210938,58.093831247601265,-1.3599929809570312,31.591962519017432,0.9034238471102896,1.1700414195063817,-44.40485612929071
2015-08-18,74.7300033569336,74.01000213623047,74.26000213623047,74.47000122070312,6325500.0,74.47000122070312,58.403693684835275,-0.7999954223632812,30.909189265790026,0.8675980374800929,1.109552743101124,-15.924018790406652
2015-08-19,74.95999908447266,73.66999816894531,74.19999694824219,74.4000015258789,5886900.0,74.4000015258789,57.86608984321225,-0.5800018310546875,29.875965307746153,0.8240582048495924,1.0524538354508177,-12.408530502115946
2015-08-20,74.52999877929688,72.80999755859375,73.55999755859375,73.94999694824219,12082300.0,73.94999694824219,54.399350180526476,0.3699951171875,27.99398624090082,0.7446570226085356,0.9908944728823613,-69.43726114515175
2015-08-21,73.62000274658203,70.95999908447266,72.5,71.19000244140625,15752200.0,71.19000244140625,38.97621350260104,-3.0199966430664062,27.25411765310009,0.4537914972577397,0.883473877757437,-252.08299839303956
2015-08-24,69.36000061035156,60.0,64.16000366210938,68.36000061035156,20950600.0,68.36000061035156,29.683259844884812,-6.019996643066406,29.897088182083856,-0.005021142998771211,0.7057748736061954,-385.62602513899805
2015-08-25,71.80000305175781,66.5999984741211,71.69000244140625,66.97000122070312,14485000.0,66.97000122070312,26.358995454596386,-6.3899993896484375,30.94935279282578,-0.47531565698368183,0.46955676748821995,-167.09840111090892
2015-08-26,70.98999786376953,67.9000015258789,69.37000274658203,70.69000244140625,12220000.0,70.69000244140625,44.32831043974169,-2.8499984741210938,31.92645564565757,-0.541611083018509,0.26732319738687416,-89.49029064487081
2015-08-27,72.48999786376953,70.80000305175781,71.94000244140625,72.4000015258789,9122200.0,72.4000015258789,50.32839646032022,-1.529998779296875,32.02276369863659,-0.4509695544209933,0.12366464702530067,-17.50255027057033
2015-08-28,72.66999816894531,71.5999984741211,72.0999984741211,72.45999908447266,6411400.0,72.45999908447266,50.52985636786105,-1.7600021362304688,32.01658381739405,-0.37002872757589955,0.024925972105060618,-0.7849064030882613
2015-08-31,72.08000183105469,70.81999969482422,71.91000366210938,71.30000305175781,8313300.0,71.30000305175781,46.595012611647746,-3.1100006103515625,32.22850549939425,-0.3949319943089904,-0.0590456211777496,-25.006580063119188
2015-09-01,70.38999938964844,68.5,69.41000366210938,68.95999908447266,11491500.0,68.95999908447266,39.8530576224478,-5.510002136230469,33.00774789602621,-0.5966094343612554,-0.16655838381445076,-83.4171318079425
2015-09-02,69.94999694824219,68.69999694824219,69.94000244140625,69.62000274658203,9218000.0,69.62000274658203,42.38523790644598,-4.779998779296875,33.73133012147017,-0.6951699920189895,-0.27228070545535854,-66.07560336075596
2015-09-03,71.08000183105469,69.98999786376953,70.44999694824219,70.4000015258789,9035200.0,70.4000015258789,45.315314981445184,-3.5499954223632812,33.726787891636306,-0.7022455121542777,-0.3582736667951424,-25.205391362641755
2015-09-04,69.91000366210938,68.63999938964844,69.29000091552734,69.16000366210938,9469400.0,69.16000366210938,41.6858267836822,-2.029998779296875,34.09424107606072,-0.7987034214823012,-0.44635961773257415,-56.90455420718397
2015-09-08,71.01000213623047,69.55000305175781,70.75,70.52999877929688,7984900.0,70.52999877929688,46.75952970192185,2.1699981689453125,33.796627034088274,-0.7558864644966263,-0.5082649870853846,-9.822653065402822
2015-09-09,71.37999725341797,69.43000030517578,70.75,69.5999984741211,9022200.0,69.5999984741211,43.963196442830586,2.6299972534179688,33.308706987453036,-0.7879143833452673,-0.5641948663373612,-8.326382907550947
2015-09-10,70.6500015258789,69.45999908447266,69.5,70.2300033569336,7244200.0,70.2300033569336,46.30576319577653,-0.45999908447265625,32.855638372720314,-0.7537716010981086,-0.6021102132895106,3.491184356071001
2015-09-11,70.80999755859375,69.45999908447266,69.86000061035156,70.76000213623047,6452100.0,70.76000213623047,48.26513814773803,-1.6399993896484375,32.332420286225926,-0.6761524633696894,-0.6169186633055463,25.22518014200641
2015-09-14,70.80000305175781,69.61000061035156,70.72000122070312,70.01000213623047,7059300.0,70.01000213623047,45.72246469501444,-2.4499969482421875,31.84657492019542,-0.6674633672762553,-0.6270276040996882,-8.997677522004146
2015-09-15,70.75,69.51000213623047,70.4800033569336,70.51000213623047,6962600.0,70.51000213623047,47.700561254972186,-0.7900009155273438,31.43866164371803,-0.6131632108808134,-0.6242547254559132,-11.677565708111754
2015-09-16,71.11000061035156,70.05000305175781,70.44999694824219,70.98999786376953,8207600.0,70.98999786376953,49.59951394369254,2.029998779296875,30.784680179214142,-0.5253424808997238,-0.6044722765446753,28.98656665273928
2015-09-17,72.31999969482422,70.5,71.30000305175781,70.95999908447266,7663300.0,70.95999908447266,49.47859749271316,1.339996337890625,29.307837562128878,-0.4529433217883678,-0.5741664855934138,97.5766667028888
2015-09-18,70.80999755859375,69.70999908447266,69.81999969482422,69.79000091552734,14508100.0,69.79000091552734,44.882864197295824,-0.6100006103515625,28.356533868962938,-0.48439177389005295,-0.5562115432527416,-18.978276786470072
2015-09-21,71.31999969482422,70.22000122070312,70.62000274658203,70.77999877929688,12756500.0,70.77999877929688,49.183895148509265,1.6199951171875,27.112754679801657,-0.42453655180133865,-0.529876544962461,94.64346037522617
2015-09-22,70.38999938964844,69.30999755859375,70.0,70.25,11394000.0,70.25,47.066401029249896,-0.279998779296875,26.448555939871362,-0.4150825162990799,-0.5069177392297848,-47.01776928951955
2015-09-23,71.1500015258789,69.9000015258789,70.16000366210938,70.94999694824219,10655800.0,70.94999694824219,50.12079316202339,1.3499984741210938,25.285785171726285,-0.34710501094552626,-0.4749551935729331,68.19809635643745
2015-09-24,70.62999725341797,69.63999938964844,70.3499984741211,70.23999786376953,8406700.0,70.23999786376953,47.1490411837474,0.0099945068359375,24.355871391236565,-0.3465287726242252,-0.4492699093831915,-27.340386700548265
2015-09-25,71.45999908447266,70.20999908447266,71.19000244140625,70.69000244140625,7756600.0,70.69000244140625,49.20474979707437,-0.06999969482421875,22.896574252324324,-0.30623045694706263,-0.4206620188959657,81.48649145645591
2015-09-28,70.27999877929688,67.02999877929688,70.19000244140625,67.19999694824219,15261200.0,67.19999694824219,37.13945214968522,-2.8100051879882812,23.151652886116317,-0.5495728933276496,-0.4464441937823025,-325.4055778177209
2015-09-29,68.69999694824219,67.19999694824219,67.5199966430664,68.52999877929688,11326700.0,68.52999877929688,42.886930281379186,-1.9800033569335938,23.388511617494594,-0.6278658482046353,-0.4827285246667691,-226.3404899409141
2015-09-30,69.66000366210938,68.26000213623047,69.31999969482422,69.66000366210938,9309200.0,69.66000366210938,47.29608002373339,-1.3299942016601562,22.922702249554316,-0.591908476351648,-0.5045645150037449,-84.89100532870022
2015-10-01,70.7699966430664,68.9800033569336,70.08999633789062,69.98999786376953,8679900.0,69.98999786376953,48.54534534690859,-0.970001220703125,21.769250520855262,-0.5306670267463431,-0.5097850173522646,-10.577609107493553
2015-10-02,70.7300033569336,68.36000061035156,68.80000305175781,70.66999816894531,7460400.0,70.66999816894531,51.1166875400432,0.8799972534179688,21.027032134575858,-0.4223933079618263,-0.4923066754741769,-8.343368551267506
2015-10-05,72.33999633789062,70.91999816894531,71.05999755859375,72.2300033569336,7286800.0,72.2300033569336,56.48872064025065,1.4500045776367188,19.677732215639274,-0.2083050140550995,-0.4355063431903614,148.40701492070042
2015-10-06,72.54000091552734,71.83000183105469,72.22000122070312,72.08000183105469,5782500.0,72.08000183105469,55.85312653694232,1.8300018310546875,18.536475331348914,-0.050164107627864496,-0.35843789607786203,146.44956600984236
2015-10-07,73.2300033569336,72.44999694824219,72.68000030517578,73.22000122070312,6208900.0,73.22000122070312,59.57578615642942,2.2700042724609375,17.862106355728404,0.1652472559281506,-0.2537008656766595,171.8945316511203
2015-10-08,73.93000030517578,72.83000183105469,73.0,73.9000015258789,5713100.0,73.9000015258789,61.652967033238646,3.660003662109375,17.610420205977853,0.3863787217375858,-0.12568494819381043,160.64475491624768
2015-10-09,74.08999633789062,73.4000015258789,74.04000091552734,73.9800033569336,5947800.0,73.9800033569336,61.90100703877771,3.2900009155273438,17.46236457794099,0.5616086062964882,0.011773762704249319,136.77507648412802
2015-10-12,75.43000030517578,73.66999816894531,73.73999786376953,74.98999786376953,5586300.0,74.98999786376953,64.98065941811649,7.790000915527344,18.001220581213808,0.7730662416808656,0.16403225849957256,136.31874848616943
2015-10-13,75.25,74.1500015258789,74.45999908447266,75.0,7439400.0,75.0,65.01082282327533,6.470001220703125,18.501586869967134,0.9307261977447894,0.3173710463486159,114.04464681077908
2015-10-14,75.26000213623047,73.72000122070312,74.83999633789062,74.19999694824219,7568300.0,74.19999694824219,60.52068376342521,4.5399932861328125,18.608600818557086,0.9798244817259274,0.4498617334240782,86.60673732186206
2015-10-15,75.41000366210938,74.58000183105469,74.95999908447266,75.33999633789062,6856200.0,75.33999633789062,64.30414726105482,5.349998474121094,18.792673553594916,1.098065829526675,0.5795025526445976,94.56101503459978
2015-10-16,76.54000091552734,74.79000091552734,75.33000183105469,76.0,9117400.0,76.0,66.31675990531613,5.3300018310546875,19.56791002079229,1.2308413562109024,0.7097703133578586,103.2894523690147
2015-10-19,77.33000183105469,75.93000030517578,75.93000030517578,76.98999786376953,9952600.0,76.98999786376953,69.12848569324301,4.7599945068359375,20.66354585057752,1.3998152724469861,0.8477793051756841,124.74890580486334
2015-10-20,76.88999938964844,75.93000030517578,76.63999938964844,76.27999877929688,8148800.0,76.27999877929688,64.9416072656885,4.1999969482421875,21.680921978235236,1.4596118294552411,0.9701458100315955,103.23455514202969
2015-10-21,76.94000244140625,75.30999755859375,76.94000244140625,75.45999908447266,7277900.0,75.45999908447266,60.39220071741867,2.2399978637695312,22.01156924042564,1.4244141496956217,1.0609994779644008,77.15415357993118
2015-10-22,76.8499984741211,75.63999938964844,75.88999938964844,76.41999816894531,9093400.0,76.41999816894531,63.60657507701608,2.5199966430664062,22.318598841031015,1.4571861036345268,1.140236803098426,89.2928033552567
2015-10-23,77.62999725341797,74.94999694824219,77.45999908447266,77.06999969482422,11971300.0,77.06999969482422,65.63986295129148,3.089996337890625,23.05145617076562,1.5181080000540987,1.2158110424895605,91.82432871371476
2015-10-26,78.30999755859375,77.08999633789062,78.08000183105469,78.18000030517578,8019400.0,78.18000030517578,68.84132560643607,3.19000244140625,24.088141014224355,1.6370855117492908,1.3000659363415066,145.09962709284665
2015-10-27,78.18000030517578,77.05999755859375,78.02999877929688,77.5199966430664,9527400.0,77.5199966430664,64.96533221840181,2.5199966430664062,25.0163713556247,1.6589954010088945,1.3718518292749842,116.00865172694739
2015-10-28,78.88999938964844,77.44000244140625,77.81999969482422,78.87000274658203,10850200.0,78.87000274658203,68.8310492112468,4.670005798339844,26.24651270881106,1.7649481327490406,1.4504710899697955,144.8848130861179
2015-10-29,78.70999908447266,77.93000030517578,78.58999633789062,78.51000213623047,7648600.0,78.51000213623047,66.71697330339889,3.1700057983398438,27.38878682248411,1.7991281658194112,1.5202025051397186,127.34325120733432
2015-10-30,78.80999755859375,77.55999755859375,78.72000122070312,77.58000183105469,11186500.0,77.58000183105469,61.46493202974257,1.5800018310546875,27.970093731004503,1.731216450395337,1.5624052941908422,87.5390457039867
2015-11-02,76.20999908447266,74.52999877929688,75.19000244140625,75.22000122070312,29966000.0,75.22000122070312,50.58291594253893,-1.7699966430664062,26.279111034348826,1.4700181465974964,1.543927864672173,-83.81891424555269
2015-11-03,78.58000183105469,74.80999755859375,75.12999725341797,77.9000015258789,18899900.0,77.9000015258789,59.37817773946906,1.6200027465820312,25.57323201467648,1.4624124554696465,1.5276247828316678,20.550668975452773
2015-11-04,78.83000183105469,77.9000015258789,78.37000274658203,78.3499984741211,8640800.0,78.3499984741211,60.64476064435124,2.8899993896484375,25.049400898055655,1.4756851040985453,1.5172368470850432,96.58798579477703
2015-11-05,79.70999908447266,78.41999816894531,78.41999816894531,79.26000213623047,9392600.0,79.26000213623047,63.14719678449191,2.8400039672851562,25.013328695001537,1.5418598633453087,1.5221614503370964,128.3631550853708
2015-11-06,79.56999969482422,78.31999969482422,79.56999969482422,78.75,8221600.0,78.75,60.81334704839239,1.6800003051757812,24.89666788590313,1.5354512010234487,1.524819400474367,95.03036090255252
2015-11-09,78.4000015258789,77.29000091552734,78.4000015258789,78.04000091552734,10157300.0,78.04000091552734,57.620582198898,-0.1399993896484375,23.96032169033005,1.4562940463002576,1.511114329639545,25.760531418040845
2015-11-10,79.52999877929688,77.61000061035156,77.6500015258789,79.4800033569336,8440300.0,79.4800033569336,61.98037615970321,1.9600067138671875,23.72041025307012,1.4925523785660602,1.5074019394248481,87.4544591541153
2015-11-11,80.25,79.16999816894531,79.8499984741211,79.18000030517578,8024400.0,79.18000030517578,60.582070174672744,0.30999755859375,23.86151448357054,1.4800188925535593,1.5019253300505904,127.96196635144135
2015-11-12,79.1500015258789,78.13999938964844,78.86000061035156,78.30999755859375,8939800.0,78.30999755859375,56.594555480363795,-0.20000457763671875,23.184900763387297,1.3839309691121002,1.4783264578628923,37.175306371296685
2015-11-13,78.97000122070312,77.7699966430664,78.0199966430664,78.11000061035156,9913200.0,78.11000061035156,55.687151625852536,0.529998779296875,22.281841824290563,1.2769229424065998,1.4380457547716339,11.483511061133882
2015-11-16,78.91000366210938,77.58000183105469,77.79000091552734,78.9000015258789,7805000.0,78.9000015258789,58.5165234317054,3.6800003051757812,21.299128814524813,1.2415529324952814,1.3987471903163633,24.23162368923156
2015-11-17,79.27999877929688,78.47000122070312,78.94000244140625,78.83000183105469,6942600.0,78.83000183105469,58.1621557680248,0.9300003051757812,20.627567014289813,1.19410861366147,1.3578194749853847,59.51591301111697
2015-11-18,80.5,78.73999786376953,78.95999908447266,80.45999908447266,7212400.0,80.45999908447266,63.678096365398886,2.1100006103515625,20.732637332844075,1.2733573343502371,1.3409270468583552,136.49946248292403
2015-11-19,81.01000213623047,79.8499984741211,80.5999984741211,80.1500015258789,6082200.0,80.1500015258789,62.00382876017898,0.8899993896484375,21.105886517119185,1.2962064432145866,1.3319829261296015,145.6890643630465
2015-11-20,81.0,79.9800033569336,80.58999633789062,80.19000244140625,6764300.0,80.19000244140625,62.142149434146354,1.44000244140625,21.452475045374644,1.3025275395097395,1.326091848805629,144.97121102191625
2015-11-23,80.77999877929688,79.55999755859375,80.58999633789062,80.11000061035156,5910600.0,80.11000061035156,61.65869420475868,2.0699996948242188,21.367802877418026,1.2862544342493294,1.318124365894369,101.66975086142483
2015-11-24,80.19999694824219,79.20999908447266,79.2300033569336,79.79000091552734,6040800.0,79.79000091552734,59.65937111005506,0.30999755859375,20.954429605948814,1.2333196389824224,1.3011634205119798,50.96874123750232
2015-11-25,80.08999633789062,79.55999755859375,79.77999877929688,79.55999755859375,4268700.0,79.55999755859375,58.198638324202676,0.37999725341796875,20.570582996727403,1.1594437379896192,1.2728194840075076,44.97136786930638
2015-11-27,80.1500015258789,79.61000061035156,79.63999938964844,79.83999633789062,3139500.0,79.83999633789062,59.4987109055368,1.529998779296875,20.26051525415637,1.1106868094863103,1.2403929491032681,50.06934813093775
2015-11-30,80.12999725341797,78.95999908447266,80.05999755859375,79.01000213623047,8874600.0,79.01000213623047,54.12495064776278,0.9000015258789062,19.28925596801725,0.9936191735237969,1.191038193987374,-7.085173762629557
2015-12-01,79.93000030517578,78.7699966430664,79.52999877929688,79.91000366210938,6702100.0,79.91000366210938,58.50172034083314,1.0100021362304688,18.194951198739837,0.9623712138110392,1.145304797952107,7.068590545970853
2015-12-02,80.1500015258789,78.97000122070312,79.83000183105469,79.04000091552734,7310000.0,79.04000091552734,53.21625178273,0.20999908447265625,17.388239252968592,0.857520072271015,1.0877478528158886,-9.630926707869982
2015-12-03,79.7699966430664,78.08000183105469,79.36000061035156,78.29000091552734,8689600.0,78.29000091552734,49.09807798797264,-2.1699981689453125,16.54973004821713,0.7057703736596466,1.01135235698464,-93.98117508675357
2015-12-04,80.4000015258789,78.44999694824219,78.58000183105469,80.4000015258789,9944600.0,80.4000015258789,58.76579654242264,0.25,15.583990973407552,0.7471543294347924,0.9585127514746705,24.188510898331476
2015-12-07,80.48999786376953,79.06999969482422,80.12999725341797,79.55000305175781,15262400.0,79.55000305175781,54.29228857764026,-0.6399993896484375,14.773670806989509,0.7032569312725059,0.9074615874342375,5.545593195902767
2015-12-08,79.66999816894531,78.36000061035156,78.9800033569336,79.06999969482422,11344000.0,79.06999969482422,51.89003756694631,-1.0400009155273438,14.129338577219263,0.622559192771476,0.8504811085016852,-127.26441248073496
2015-12-09,79.75,77.4000015258789,78.83000183105469,77.87999725341797,15361500.0,77.87999725341797,46.40778163635959,-1.910003662109375,14.35561081124995,0.45731080753432707,0.7718470483082136,-187.2750759496378
2015-12-10,79.11000061035156,77.62999725341797,77.91000366210938,78.12000274658203,8717100.0,78.12000274658203,47.609995601823314,-1.4399948120117188,14.565720742849873,0.3417769176147658,0.685833022169524,-154.8772554898245
2015-12-11,77.13999938964844,75.5199966430664,77.13999938964844,76.11000061035156,15625800.0,76.11000061035156,39.598420349663996,-3.7299957275390625,16.16640847759376,0.0870219682905855,0.5660708113937363,-266.75190699976474
2015-12-14,77.33000183105469,75.58000183105469,76.19999694824219,76.87000274658203,10361000.0,76.87000274658203,43.471781991431335,-2.1399993896484375,17.43209639288082,-0.0529371175295239,0.4422692256090842,-171.99004245794805
2015-12-15,79.44999694824219,78.20999908447266,78.37000274658203,78.62000274658203,11355300.0,78.62000274658203,51.227510432540015,-1.2900009155273438,16.568276018974387,-0.022387260351209193,0.34933792841702554,-3.914628545696713
2015-12-16,79.9800033569336,78.1500015258789,79.44999694824219,79.86000061035156,10497500.0,79.86000061035156,55.84980382927984,0.8199996948242188,15.41198714079878,0.10072014691655795,0.29961437211693204,44.75855313335979
2015-12-17,80.27999877929688,78.62999725341797,79.9800033569336,78.69000244140625,7555300.0,78.69000244140625,50.94385186690108,0.40000152587890625,14.566228337083393,0.10269082406898633,0.2602296625073429,39.84675247992181
2015-12-18,78.19000244140625,76.27999877929688,78.04000091552734,76.31999969482422,16271200.0,76.31999969482422,42.751614768509704,-4.0800018310546875,14.844543809784678,-0.08599551206678768,0.19098462759251678,-119.06412987090557
2015-12-21,77.36000061035156,76.4000015258789,76.9000015258789,77.16999816894531,8442100.0,77.16999816894531,46.099405260299605,-2.3800048828125,15.102979605864439,-0.16504053518268336,0.11977959503747675,-95.06413169433281
2015-12-22,77.48999786376953,76.66000366210938,77.43000030517578,77.37999725341797,5699100.0,77.37999725341797,46.92519105610339,-1.69000244140625,15.22902107676063,-0.20833752905990366,0.05415617021800066,-67.90422934817973
2015-12-23,78.66000366210938,77.55999755859375,78.08000183105469,78.55999755859375,6335900.0,78.55999755859375,51.428244041115825,0.6800003051757812,14.382379837680615,-0.14575437992905904,0.014174060188588716,4.9557206831131175
2015-12-24,78.70999908447266,78.18000030517578,78.3499984741211,78.26000213623047,2188800.0,78.26000213623047,50.26072346066118,0.1399993896484375,13.55719321962022,-0.11899223832072892,-0.012459199513274812,21.17334401579011
2015-12-28,78.6500015258789,77.81999969482422,78.04000091552734,78.52999877929688,3680900.0,78.52999877929688,51.33159742657366,2.4199981689453125,13.064169453824869,-0.07513051780382796,-0.02499346317138544,26.60599574373785
2015-12-29,79.38999938964844,78.9000015258789,79.0,79.20999908447266,4627100.0,79.20999908447266,54.016779314086584,2.339996337890625,12.266310608162696,0.01433530486936263,-0.017127709563235824,89.77951772240839
2015-12-30,79.19000244140625,78.26000213623047,79.06999969482422,78.3499984741211,4230400.0,78.3499984741211,50.24138307450484,-0.2700042724609375,11.760464742156815,0.01566220779187688,-0.010569726092213284,44.10420899072712
2015-12-31,78.80000305175781,77.55000305175781,78.23999786376953,77.55000305175781,6538300.0,77.55000305175781,46.95379088605126,-2.30999755859375,11.809773179499185,-0.04729398124985096,-0.01791457712374082,-2.19587789997812
2016-01-04,76.37999725341797,75.01000213623047,76.05999755859375,75.69999694824219,13476800.0,75.69999694824219,40.37430765781978,-2.9900054931640625,13.281051736686814,-0.24365850250316612,-0.06306336219962588,-164.61410024677875
2016-01-05,76.51000213623047,75.54000091552734,76.25,76.2699966430664,8972700.0,76.2699966430664,43.023439056375565,-0.0500030517578125,14.529880773478313,-0.34925855344212664,-0.12030240044812604,-126.03935266788862
2016-01-06,75.8499984741211,74.8499984741211,75.0,75.2699966430664,16092000.0,75.2699966430664,39.69163739346665,-1.9000015258789062,16.01703268897638,-0.5077855614034945,-0.19779903263919973,-139.9802172158121
2016-01-07,75.08999633789062,73.3499984741211,73.76000213623047,73.79000091552734,12470800.0,73.79000091552734,35.33077549725455,-3.589996337890625,18.017842590033553,-0.7442632403632103,-0.30709187418400186,-170.69540447171545
2016-01-08,74.51000213623047,72.75,74.05999755859375,72.87999725341797,9977600.0,72.87999725341797,32.93473140464072,-5.680000305175781,20.094281639934213,-0.9936490275185577,-0.44440330485091306,-166.23333610267764
2016-01-11,74.08000183105469,72.66000366210938,73.11000061035156,73.91999816894531,13069500.0,73.91999816894531,38.10125859279203,-4.340003967285156,22.05548372103551,-1.094750080860095,-0.5744726600527494,-123.01349443223519
2016-01-12,75.0,74.0199966430664,74.5199966430664,74.76000213623047,10236900.0,74.76000213623047,41.98854976790559,-3.7699966430664062,22.950304430571776,-1.0944756599526784,-0.6784732600327352,-69.72306024449779
2016-01-13,75.38999938964844,72.98999786376953,75.2699966430664,73.0999984741211,12659600.0,73.0999984741211,37.038284122976265,-6.1100006103515625,24.22891261846885,-1.2142099452795065,-0.7856205970820895,-84.38101560794912
2016-01-14,74.5199966430664,72.66000366210938,73.1500015258789,73.80000305175781,10426200.0,73.80000305175781,40.23791506381623,-4.549995422363281,25.55139192925545,-1.238340886903245,-0.8761646550463207,-79.79487177784208
2016-01-15,72.94999694824219,70.66000366210938,71.94000244140625,71.83000183105469,18470500.0,71.83000183105469,34.8676437091836,-5.720001220703125,27.486024249339174,-1.4002858429676337,-0.9809888926305833,-127.50353891660924
2016-01-19,73.0199966430664,70.66000366210938,72.94000244140625,71.38999938964844,16009600.0,71.38999938964844,33.783132725220284,-4.30999755859375,29.21192636529062,-1.5463080307317654,-1.0940527202508197,-116.57332603077865
2016-01-20,71.41000366210938,69.04000091552734,69.95999908447266,70.68000030517578,16586000.0,70.68000030517578,32.05077613710545,-5.589996337890625,31.294145188870694,-1.6997292383598221,-1.2151880238726203,-150.25377704076755
2016-01-21,72.33000183105469,70.0999984741211,70.72000122070312,71.55999755859375,11931200.0,71.55999755859375,36.40366587531965,-3.7099990844726562,32.34216139603097,-1.7303616943386544,-1.318222757965827,-106.40561584016656
2016-01-22,73.18000030517578,72.12999725341797,72.66999816894531,72.69999694824219,8652600.0,72.69999694824219,41.621100932750906,-1.0900039672851562,32.56193442183369,-1.6437021379474004,-1.3833186339621417,-38.19399511917101
2016-01-25,72.91000366210938,71.58000183105469,72.76000213623047,71.73999786376953,9126200.0,71.73999786376953,38.738906897679605,-1.1399993896484375,32.987145480572885,-1.633655949360076,-1.4333860970417285,-56.39290262385954
2016-01-26,72.2699966430664,71.55000305175781,72.18000030517578,71.87999725341797,7500200.0,71.87999725341797,39.39798476004251,-2.0400009155273438,33.394316298735745,-1.5959997995905297,-1.4659088375514888,-55.04333999708707
2016-01-27,72.4800033569336,70.58000183105469,71.9800033569336,70.91000366210938,9020500.0,70.91000366210938,36.47033486812902,-3.8499984741210938,34.1624802934308,-1.6256874923872573,-1.4978645685186425,-77.5663503343018
2016-01-28,71.8499984741211,69.33000183105469,71.41999816894531,69.33000183105469,15295600.0,69.33000183105469,32.264574857082614,-3.7699966430664062,35.3146519555848,-1.7564607596780917,-1.5495838067505323,-127.91527066002683
2016-01-29,74.5,68.76000213623047,70.43000030517578,74.48999786376953,40427800.0,74.48999786376953,51.80977593669518,0.6899948120117188,34.22949529874132,-1.4272781857471841,-1.5251226825498627,20.838716629180986
2016-02-01,74.77999877929688,73.25,74.08000183105469,74.37999725341797,12623500.0,74.37999725341797,51.46881949532314,2.5499954223632812,33.03023670825994,-1.1618813097239808,-1.4524744079846863,111.65385031234287
2016-02-02,74.20999908447266,73.12999725341797,73.5,73.4000015258789,9572700.0,73.4000015258789,48.41210469291169,2.0100021362304688,31.97680356717234,-1.0188847690567826,-1.3657564801991056,88.96849404305503
2016-02-03,74.62999725341797,72.43000030517578,73.76000213623047,74.37999725341797,9941900.0,74.37999725341797,51.51322553793128,3.6999969482421875,31.35017257249144,-0.8170629225302974,-1.256017768665344,104.45258997071038
2016-02-04,74.62999725341797,72.76000213623047,74.0999984741211,73.68000030517578,14735700.0,73.68000030517578,49.236479844991834,2.1200027465820312,30.768300934573464,-0.7054693472193918,-1.1459080843761535,95.97938687935118
2016-02-05,73.61000061035156,70.55000305175781,73.55999755859375,71.54000091552734,12939400.0,71.54000091552734,42.98208312637546,-1.1599960327148438,31.21912847576984,-0.7807111486746123,-1.0728686972358452,-21.83081074580201
2016-02-08,70.04000091552734,66.30000305175781,69.94999694824219,67.7699966430664,30542600.0,67.7699966430664,34.63512762487433,-3.970001220703125,32.86156906294995,-1.1315053664364143,-1.084596031075959,-209.64355624856873
2016-02-09,69.4800033569336,66.12000274658203,66.38999938964844,68.33000183105469,14882800.0,68.33000183105469,36.604526914712636,-3.5499954223632812,34.42681366515259,-1.3487767144565765,-1.1374321677520824,-175.5933423708558
2016-02-10,71.02999877929688,69.06999969482422,69.13999938964844,70.1500015258789,11369500.0,70.1500015258789,42.651970271554696,-0.7600021362304688,34.751020794508214,-1.358447718424216,-1.1816352778865091,-69.26200575038015
2016-02-11,69.06999969482422,67.43000030517578,67.79000091552734,68.47000122070312,13962100.0,68.47000122070312,38.957692736990026,-0.8600006103515625,35.50657647963321,-1.484560948516318,-1.242220412012471,-114.99343079071915
2016-02-12,70.47000122070312,69.12000274658203,69.44000244140625,70.41999816894531,8710200.0,70.41999816894531,44.92098184994105,-4.069999694824219,35.300262819063235,-1.4108942246715372,-1.275955174544284,-45.09745609904483
2016-02-16,71.75,70.4000015258789,71.41000366210938,71.0999984741211,8780700.0,71.0999984741211,46.870167609733926,-3.279998779296875,34.35761708392351,-1.2828545252387045,-1.2773350446831682,-4.041215524093499
2016-02-17,72.12000274658203,71.30000305175781,71.7300033569336,72.02999877929688,8494100.0,72.02999877929688,49.50223994958006,-1.3700027465820312,33.27221839786001,-1.0937310380879808,-1.2406142433641307,21.247738718357184
2016-02-18,72.25,71.0199966430664,71.88999938964844,71.23999786376953,6938100.0,71.23999786376953,47.35606949639964,-3.1399993896484375,32.37551816573382,-0.9961132104981374,-1.191714036790932,6.746250060843568
2016-02-19,71.72000122070312,70.30000305175781,71.02999877929688,71.52999877929688,7750900.0,71.52999877929688,48.24315124627499,-2.1500015258789062,31.829504612221818,-0.8851463128800106,-1.1304004920087478,-1.581253648948593
2016-02-22,73.19000244140625,72.0999984741211,72.27999877929688,73.05999755859375,7481500.0,73.05999755859375,52.76537653034625,1.5199966430664062,30.430253858652975,-0.6660681136867908,-1.0375340163443565,68.68202488191415
2016-02-23,73.12000274658203,71.98999786376953,72.94999694824219,72.1500015258789,6177000.0,72.1500015258789,49.968862949559515,4.3800048828125,29.181134493073724,-0.559427406231336,-0.9419126943217524,59.471806383275464
2016-02-24,72.19000244140625,70.37999725341797,71.25,71.8499984741211,7728600.0,71.8499984741211,49.045989297321626,3.5199966430664062,28.718003613898826,-0.49343362068729846,-0.8522168795948616,27.94173179259514
2016-02-25,73.33999633789062,71.94000244140625,71.95999908447266,73.2699966430664,6840900.0,73.2699966430664,53.43022334413246,3.1199951171875,27.592506796333854,-0.32282970547980483,-0.7463394447718502,98.20499506578305
2016-02-26,73.91000366210938,72.69000244140625,73.73999786376953,72.7300033569336,6714100.0,72.7300033569336,51.61157905950812,4.260002136230469,26.21952587095294,-0.22856308584373153,-0.6427841729862265,102.02568452915725
2016-02-29,73.9000015258789,72.38999938964844,72.86000061035156,72.38999938964844,7786100.0,72.38999938964844,50.44724255701921,1.970001220703125,25.091967144829578,-0.17922558823886447,-0.550072456036754,86.66021446620472
2016-03-01,74.63999938964844,72.9000015258789,72.98999786376953,74.63999938964844,8705300.0,74.63999938964844,57.31057299845727,3.5400009155273438,23.599817756810445,0.0409587826850526,-0.4318662082923927,136.17249634125486
2016-03-02,74.5999984741211,73.66000366210938,74.5,74.30000305175781,5739100.0,74.30000305175781,56.047297242580754,2.2700042724609375,22.214250467935535,0.185878923461118,-0.30831718194169055,121.8654104851671
2016-03-03,74.5,73.36000061035156,74.4800033569336,73.91000366210938,6588300.0,73.91000366210938,54.56161810864051,2.6700057983398438,21.104514320870603,0.2661910035449324,-0.19341554484436596,100.11682129282448
2016-03-04,74.25,73.61000061035156,74.22000122070312,73.9000015258789,9475300.0,73.9000015258789,54.521701533487175,2.3700027465820312,20.074045041453164,0.3252821664919878,-0.0896760025770952,91.11307074655441
2016-03-07,73.44999694824219,71.3499984741211,73.38999938964844,71.94000244140625,16671900.0,71.94000244140625,47.229958132969294,-1.1199951171875,20.345152966566644,0.21151853908240525,-0.029437094245195104,-39.74450451969265
2016-03-08,71.5199966430664,70.51000213623047,71.5,70.62000274658203,12394400.0,70.62000274658203,43.053807224590535,-1.529998779296875,20.970333538070943,0.01467790333015273,-0.020614094730125536,-131.92745750145522
2016-03-09,71.08000183105469,69.9000015258789,71.0,70.68000030517578,9291600.0,70.68000030517578,43.29921714212925,-1.1699981689453125,21.808988062192668,-0.1349231075090671,-0.04347589728591385,-139.30196808449634
2016-03-10,71.4000015258789,69.58000183105469,71.13999938964844,70.22000122070312,10135100.0,70.22000122070312,41.81146404673038,-3.0499954223632812,22.58773869173427,-0.2872893750759715,-0.09223859284392538,-136.99338066678905
2016-03-11,72.01000213623047,70.68000030517578,71.1500015258789,71.62999725341797,9466400.0,71.62999725341797,47.738999309760175,-1.100006103515625,22.78179369383692,-0.2909123869408745,-0.1319733516633152,-60.970402661496884
2016-03-14,71.72000122070312,70.94999694824219,71.5999984741211,71.48999786376953,7916500.0,71.48999786376953,47.22460285672615,-0.9000015258789062,22.96198762436081,-0.30160373060252255,-0.16589942745115666,-56.01189087655377
2016-03-15,71.91000366210938,70.66000366210938,71.18000030517578,71.91000366210938,6442800.0,71.91000366210938,49.00005191220379,-2.7299957275390625,23.28859147802275,-0.2730383238533136,-0.18732720673158804,-50.14090495602545
2016-03-16,72.83000183105469,71.51000213623047,71.68000030517578,72.37000274658203,7561800.0,72.37000274658203,50.9464579454179,-1.9300003051757812,22.748724490035844,-0.2108513879083489,-0.1920320429669402,-5.869083013666158
2016-03-17,73.66999816894531,72.16999816894531,72.27999877929688,73.13999938964844,7411700.0,73.13999938964844,54.10404047008166,-0.7700042724609375,21.557865345271672,-0.09830233109252617,-0.1732861005920574,38.71743567262215
2016-03-18,74.0999984741211,73.12999725341797,73.5,73.77999877929688,15026200.0,73.77999877929688,56.60441625130436,-0.12000274658203125,20.118955101114647,0.04205146622622635,-0.13021858722840066,71.02124994464502
2016-03-21,73.94000244140625,73.1500015258789,73.58000183105469,73.7699966430664,7397400.0,73.7699966430664,56.55256240139083,1.8299942016601562,18.78282416011169,0.150738157346737,-0.07402723831337313,72.14341296723317
2016-03-22,73.6500015258789,72.93000030517578,73.23999786376953,72.95999908447266,6796800.0,72.95999908447266,52.36869359236208,2.339996337890625,17.72116349266296,0.16955854420749006,-0.02531008180920049,55.035866169075646
2016-03-23,74.16999816894531,72.7699966430664,72.94999694824219,73.91000366210938,7287100.0,73.91000366210938,56.43919868254853,3.2300033569335938,16.62656290780582,0.2581554113975386,0.03138301683214733,85.09557852133936
2016-03-24,74.16000366210938,73.41000366210938,73.6500015258789,74.13999938964844,6303900.0,74.13999938964844,57.38862253074408,3.9199981689453125,15.610148079009903,0.3429742068470176,0.0937012548351214,103.28350967312045
2016-03-28,74.2699966430664,73.72000122070312,74.13999938964844,74.08000183105469,7283300.0,74.08000183105469,57.03937165618935,2.4500045776367188,14.768760164698863,0.40073301106522763,0.15510760608114266,92.00108685252884
2016-03-29,75.58999633789062,73.91999816894531,74.0199966430664,75.37999725341797,10541500.0,75.37999725341797,62.38141152967429,3.8899993896484375,15.083631666383402,0.5451222160279627,0.2331105280705067,124.74056317183351
2016-03-30,77.0,75.83999633789062,75.9000015258789,76.77999877929688,9691900.0,76.77999877929688,67.12277284711983,4.8699951171875,16.27139930186463,0.763716475928959,0.3392317176421972,184.72062517669315
2016-03-31,76.91999816894531,75.94999694824219,76.62000274658203,76.4800033569336,7490800.0,76.4800033569336,65.22567411069727,4.1100006103515625,17.37432639195434,0.9023452045411631,0.45185441502199036,160.0961356077313
2016-04-01,78.25,75.80000305175781,76.25,77.58999633789062,10183400.0,77.58999633789062,68.74551244274126,4.4499969482421875,19.106020470789012,1.0892207686921296,0.5793276857560182,161.29733714643504
2016-04-04,78.30999755859375,77.52999877929688,77.97000122070312,77.83000183105469,6905800.0,77.83000183105469,69.46520115750667,4.0500030517578125,20.743203676185804,1.2423662127814197,0.7119353911610985,147.6409724124484
2016-04-05,77.47000122070312,76.58000183105469,77.13999938964844,76.97000122070312,6012000.0,76.97000122070312,63.796405757054664,3.2000045776367188,21.181969807618582,1.2795899027631492,0.8254662934815087,91.48316187298062
2016-04-06,78.27999877929688,77.0,77.08000183105469,78.20999908447266,6220400.0,78.20999908447266,67.8680300588864,5.25,22.05502109899383,1.3930887498271716,0.9389907847506412,104.73045863633982
2016-04-07,77.9800033569336,77.19000244140625,77.70999908447266,77.58000183105469,7542100.0,77.58000183105469,63.93389235670091,3.6699981689453125,22.865711583842277,1.4158805015297133,1.0343687281064557,81.22560844171174
2016-04-08,78.62000274658203,77.80999755859375,78.08000183105469,78.02999877929688,5327500.0,78.02999877929688,65.47344029273606,3.8899993896484375,23.97777920702095,1.4534990891731923,1.118194800319803,90.69478940716888
2016-04-11,78.77999877929688,77.7699966430664,78.36000061035156,77.81999969482422,5957200.0,77.81999969482422,64.09834351702486,3.7399978637695312,25.09805330265421,1.449656185697492,1.1844870773953409,81.11665011368244
2016-04-12,78.55000305175781,77.6500015258789,77.72000122070312,78.5199966430664,5962900.0,78.5199966430664,66.61531779535194,3.1399993896484375,25.980275255947245,1.485965277868928,1.2447827174900583,81.57281092775091
2016-04-13,79.93000030517578,78.91000366210938,79.02999877929688,79.70999908447266,9187300.0,79.70999908447266,70.41286819054193,2.9300003051757812,27.532303431137965,1.5924074647493995,1.3143076669419265,133.7871822812615
2016-04-14,80.66999816894531,79.30999755859375,79.76000213623047,80.33000183105469,11470300.0,80.33000183105469,72.18795527045559,3.8499984741210938,29.296641638935377,1.7071141554543203,1.3928689646444052,153.3429197284617
2016-04-15,80.69000244140625,79.9000015258789,80.25,80.08000183105469,7186700.0,80.08000183105469,70.35503712085327,2.4900054931640625,30.943528283864453,1.7575867575114046,1.4658125232178052,151.35269257989543
2016-04-18,81.55000305175781,79.83000183105469,80.19999694824219,81.44999694824219,7761200.0,81.44999694824219,74.21829469704505,3.6199951171875,32.82742181870989,1.8863887000097037,1.5499277585761848,161.94157316821685
2016-04-19,81.7300033569336,80.37000274658203,81.5,80.75,8324700.0,80.75,69.2523798599503,3.779998779296875,34.64671567912293,1.909964383303759,1.6219350835216997,125.29816493447217
2016-04-20,81.63999938964844,80.55000305175781,80.87999725341797,81.1500015258789,8521300.0,81.1500015258789,70.46835882862229,2.94000244140625,36.3360599780779,1.9385783379968018,1.68526373441672,109.72052482144903
2016-04-21,81.66999816894531,80.68000030517578,81.5,80.79000091552734,9536900.0,80.79000091552734,67.86700450866024,3.2099990844726562,37.91789121008473,1.9101866203294406,1.7302483115992642,90.64843080467989
2016-04-22,79.36000061035156,77.27999877929688,78.0,79.11000061035156,18216000.0,79.11000061035156,57.2465010043272,1.0800018310546875,35.42206871994587,1.7321567702304037,1.730630003325492,-33.557067041646704
2016-04-25,78.83999633789062,77.81999969482422,78.69000244140625,78.13999938964844,11184600.0,78.13999938964844,52.17010237452603,0.31999969482421875,33.10451926481692,1.4955560008918098,1.6836152028387557,-58.20195972097383
2016-04-26,78.69999694824219,78.11000061035156,78.44999694824219,78.52999877929688,6071800.0,78.52999877929688,53.93866178076882,0.01000213623046875,30.952509056482903,1.32425271695584,1.6117427056621725,-52.68693022641939
2016-04-27,79.0,78.16999816894531,78.41000366210938,78.76000213623047,6319400.0,78.76000213623047,54.99555364589275,-0.9499969482421875,29.211761998864485,1.1932973894456609,1.5280536424188702,-48.99248519403788
2016-04-28,79.2699966430664,77.5999984741211,78.3499984741211,77.68000030517578,8322600.0,77.68000030517578,49.27786045374735,-2.6500015258789062,27.193046133248895,0.9909442387544516,1.4206317616859865,-77.07841437434345
2016-04-29,78.01000213623047,76.86000061035156,77.5199966430664,77.23999786376953,8092700.0,77.23999786376953,47.128107533104114,-2.8400039672851562,25.954680517724576,0.7860127237844381,1.2937079541056768,-117.34371144363962
2016-05-02,78.47000122070312,77.16000366210938,77.80999755859375,78.45999908447266,7636800.0,78.45999908447266,53.22167015377681,-2.9899978637695312,24.359259183981685,0.7138184692767453,1.1777300571398905,-77.3614610158637
2016-05-03,78.36000061035156,76.93000030517578,77.43000030517578,77.19000244140625,7666300.0,77.19000244140625,47.13205571303445,-3.55999755859375,23.082022176124987,0.5478110622323413,1.0517462581583807,-91.47315921200742
2016-05-04,77.37999725341797,76.3499984741211,76.55999755859375,77.06999969482422,8854000.0,77.06999969482422,46.58960087877198,-4.0800018310546875,22.39405436912324,0.4019325491541679,0.9217835163575382,-105.70144610224028
2016-05-05,77.69999694824219,77.01000213623047,77.13999938964844,77.36000061035156,6002300.0,77.36000061035156,48.142876377121055,-3.4300003051757812,21.41148300269314,0.3061938150848107,0.7986655761029927,-77.0797052372084
2016-05-06,77.80000305175781,76.77999877929688,77.2300033569336,77.72000122070312,6172600.0,77.72000122070312,50.0835603575303,-1.3899993896484375,20.706554643283148,0.256413444601705,0.6902151498027351,-69.83988011606023
2016-05-09,78.36000061035156,77.58000183105469,77.69000244140625,78.22000122070312,9242300.0,78.22000122070312,52.72954679474699,0.0800018310546875,19.4389595428262,0.25437567918501713,0.6030472556791915,-23.12253538652275
2016-05-10,79.33000183105469,78.41000366210938,78.41999816894531,79.19999694824219,6802600.0,79.19999694824219,57.48631140773619,0.6699981689453125,18.762072737678324,0.32805656854330323,0.5480491182520139,76.36120137763753
2016-05-11,79.33000183105469,77.29000091552734,79.13999938964844,77.30000305175781,8432500.0,77.30000305175781,47.50525983448811,-1.4599990844726562,17.770667241977765,0.23047875999000667,0.48453504659961244,-1.200434353728013
2016-05-12,78.19000244140625,77.06999969482422,77.80000305175781,77.88999938964844,7512800.0,77.88999938964844,50.385961159041756,0.20999908447265625,17.038714141294417,0.198467606339932,0.42732155854767634,-29.4990888962495
2016-05-13,78.27999877929688,76.83000183105469,77.70999908447266,76.83000183105469,7562700.0,76.83000183105469,45.54971559966317,-0.40999603271484375,16.56769751806988,0.08656769374802309,0.3591707855877457,-75.09952787426343
2016-05-16,78.05999755859375,76.95999908447266,77.0199966430664,77.80000305175781,8597900.0,77.80000305175781,50.25514305189128,-0.6599960327148438,16.130324939361383,0.07528931039168185,0.3023944905485329,-27.778692941503625
2016-05-17,77.91999816894531,76.5199966430664,77.56999969482422,76.79000091552734,7169900.0,76.79000091552734,45.81551863247984,-0.40000152587890625,16.126792354452707,-0.01497499866533758,0.2389205927057588,-98.5610695268423
2016-05-18,77.87999725341797,76.4000015258789,76.70999908447266,77.43000030517578,6288500.0,77.43000030517578,48.896294210967746,0.3600006103515625,16.23229991808199,-0.034470161303119085,0.1842424419039832,-65.14510947328466
2016-05-19,77.25,76.22000122070312,76.87000274658203,76.87999725341797,5552200.0,76.87999725341797,46.451966298122954,-0.48000335693359375,16.497908481105387,-0.09322621409343412,0.12874871070449972,-125.0648306005632
2016-05-20,78.04000091552734,77.18000030517578,77.33999633789062,77.66999816894531,6302100.0,77.66999816894531,50.29546480833243,-0.0500030517578125,15.727937851285432,-0.07517773553557561,0.08796342145648466,15.178062168862194
2016-05-23,77.98999786376953,77.13999938964844,77.76000213623047,77.20999908447266,5934300.0,77.20999908447266,48.129226999198096,-1.0100021362304688,15.056256703543538,-0.09687554698767542,0.05099562776765264,-15.71863914869057
2016-05-24,79.5,77.66000366210938,77.66000366210938,79.37999725341797,7582300.0,79.37999725341797,57.44141207614545,0.18000030517578125,15.102582820373495,0.06033400506102282,0.05286330322632667,171.16426731196592
2016-05-25,79.66999816894531,78.94999694824219,79.5,79.05999755859375,5846700.0,79.05999755859375,55.84912941287291,1.7599945068359375,15.293142604900165,0.15728927383045743,0.07374849734715283,163.94277606925627
2016-05-26,79.4000015258789,78.87000274658203,79.4000015258789,79.0,4284000.0,79.0,55.53827563609176,1.1100006103515625,15.366912203272049,0.22667277860438162,0.10433335359859859,117.78817775529153
2016-05-27,79.66000366210938,78.83999633789062,78.83999633789062,79.66000366210938,4374600.0,79.66000366210938,58.28864777549639,2.8300018310546875,15.68144478703141,0.33109977358294884,0.14968663759546863,117.50754831373595
2016-05-31,79.87000274658203,78.76000213623047,79.86000061035156,78.94000244140625,8639600.0,78.94000244140625,54.339593402643104,1.1399993896484375,16.171609929875082,0.35170658368289764,0.19009062681295444,96.8630506911369
2016-06-01,79.31999969482422,78.56999969482422,78.69000244140625,79.22000122070312,4507000.0,79.22000122070312,55.59940474520618,2.4300003051757812,16.341544300889705,0.3861795530933563,0.2293084120690348,70.67612227270564
2016-06-02,79.94999694824219,78.93000030517578,79.2699966430664,79.94999694824219,5627500.0,79.94999694824219,58.79167441491428,2.5199966430664062,17.10570958945333,0.46702066063350856,0.2768508617819295,95.58660326185147
2016-06-03,80.19999694824219,79.16000366210938,79.55000305175781,79.94000244140625,7628000.0,79.94000244140625,58.72941683968638,3.0600051879882812,18.03751806921826,0.5242382553332305,0.32632834049218973,92.66304031536616
2016-06-06,80.9000015258789,80.16999816894531,80.29000091552734,80.54000091552734,7620100.0,80.54000091552734,61.37384236877858,2.8700027465820312,19.47120547867052,0.6109557561779013,0.383253823629332,127.04732687012599
2016-06-07,81.0,80.54000091552734,80.69999694824219,80.5999984741211,5515700.0,80.5999984741211,61.63854237549564,3.3899993896484375,20.878638322317975,0.6767204893636602,0.44194715677619767,130.28084843700242
2016-06-08,81.70999908447266,80.47000122070312,80.5999984741211,81.6500015258789,8860900.0,81.6500015258789,66.02642820193357,2.2700042724609375,22.69118536644923,0.8042945780184994,0.514416641024658,156.31346974669728
2016-06-09,81.54000091552734,80.9800033569336,81.2300033569336,81.26000213623047,6670900.0,81.26000213623047,63.13769781729054,2.2000045776367188,24.37426476457111,0.8639689744796044,0.5843271077156473,133.32573423328796
2016-06-10,80.75,79.83999633789062,80.75,80.18000030517578,7859900.0,80.18000030517578,55.85048575517683,1.1800003051757812,24.076321888544165,0.8147226265005543,0.6304062114726288,46.67828972595503
2016-06-13,80.18000030517578,78.37999725341797,79.0,78.4000015258789,10424600.0,78.4000015258789,46.354420000404204,-1.2600021362304688,22.606810574413203,0.624860512481888,0.6292970716744806,-75.06016807451432
2016-06-14,78.75,77.95999908447266,78.12000274658203,78.56999969482422,7891700.0,78.56999969482422,47.27641989958849,-0.37000274658203125,21.639141409374698,0.4825483339217982,0.5999473241239441,-120.46530601635197
2016-06-15,78.83999633789062,78.05000305175781,78.56999969482422,78.16999816894531,7424000.0,78.16999816894531,45.303407193690205,-1.0500030517578125,20.638442084396765,0.3336421083824206,0.5466862809756394,-113.33626249878289
2016-06-16,78.5199966430664,77.13999938964844,77.88999938964844,78.3499984741211,9650800.0,78.3499984741211,46.387698629931094,-1.5999984741210938,20.533629522893957,0.2275344960977037,0.4828559240000523,-125.64820844893052
2016-06-17,78.33000183105469,76.83000183105469,78.31999969482422,76.98999786376953,14602200.0,76.98999786376953,39.944605159185635,-2.9500045776367188,20.689355772426154,0.033318688540632024,0.39294847690816825,-139.75937702700998
2016-06-20,78.37999725341797,77.31999969482422,78.30000305175781,77.33999633789062,9957500.0,77.33999633789062,42.170737552089776,-3.2000045776367188,20.767737104516335,-0.09130428740513707,0.29609792404550717,-101.90790400082768
2016-06-21,78.01000213623047,77.1500015258789,77.80999755859375,77.33000183105469,9201000.0,77.33000183105469,42.12272052398711,-3.2699966430664062,20.990915000093345,-0.18870014902016408,0.19913830943237293,-96.7295991123887
2016-06-22,77.76000213623047,76.52999877929688,77.58000183105469,76.52999877929688,9626700.0,76.52999877929688,38.3578243501203,-5.120002746582031,21.717986884617893,-0.3266749262203632,0.0939756623018257,-106.69924035031285
2016-06-23,78.23999786376953,76.87000274658203,77.76000213623047,78.2300033569336,13566200.0,78.2300033569336,48.825161294567614,-3.029998779296875,21.70131580470601,-0.2954391309250468,0.0160927036564512,-57.23908331817656
2016-06-24,76.04000091552734,74.44999694824219,74.80000305175781,75.05000305175781,18375000.0,75.05000305175781,36.38038080553664,-5.129997253417969,23.290784945971986,-0.5212750520504272,-0.09138084748492449,-161.7523150275615
2016-06-27,74.58000183105469,73.25,74.18000030517578,73.33999633789062,16318400.0,73.33999633789062,31.701155250726494,-5.060005187988281,25.297407686345817,-0.8286823628469051,-0.23884115055732064,-197.3307468229899
2016-06-28,75.5,74.48999786376953,75.04000091552734,75.16000366210938,14815200.0,75.16000366210938,40.47634179105506,-3.4099960327148438,26.093967419279533,-0.9148991034153369,-0.37405274112892384,-120.87351295908864
2016-06-29,76.76000213623047,75.70999908447266,75.9800033569336,76.73999786376953,12178100.0,76.73999786376953,46.85950089255395,-1.4300003051757812,25.59562978969701,-0.8459822076779346,-0.468438634438726,-44.44856283658135
2016-06-30,77.13999938964844,73.80000305175781,76.98999786376953,74.16999816894531,24877300.0,74.16999816894531,39.44904665830496,-4.180000305175781,26.12512350633335,-0.987360886585563,-0.5722230848680934,-95.49889901656957
2016-07-01,75.94000244140625,74.0999984741211,74.5,74.4800033569336,13821400.0,74.4800033569336,40.667916533508595,-2.5099945068359375,26.61679624320995,-1.0621459233080373,-0.6702076525560822,-87.73384859522392
2016-07-05,74.97000122070312,73.83000183105469,74.25,74.66999816894531,11081000.0,74.66999816894531,41.44586599454279,-2.6699981689453125,27.204392643932277,-1.0934776802001096,-0.7548616580848877,-89.01855243483665
2016-07-06,74.75,73.83000183105469,74.12000274658203,74.05999755859375,11263800.0,74.05999755859375,39.64840008254516,-3.2700042724609375,27.75001787317444,-1.1542250862239314,-0.8347343437126964,-87.82924175013511
2016-07-07,75.29000091552734,74.2699966430664,74.31999969482422,74.51000213623047,8806700.0,74.51000213623047,41.658548032423525,-2.0199966430664062,27.681385575444835,-1.1527678444513612,-0.8983410438604293,-56.412442630498866
2016-07-08,76.55000305175781,74.79000091552734,75.30000305175781,76.41999816894531,10975000.0,76.41999816894531,49.3670915318627,-1.8100051879882812,26.435794174769562,-0.9861248194334706,-0.9158977989750376,14.016614088907444
2016-07-11,77.19000244140625,76.38999938964844,76.80999755859375,76.5199966430664,8185900.0,76.5199966430664,49.741503889570495,1.4699935913085938,24.754507067673305,-0.8363490689119857,-0.8999880529624272,67.1524179336701
2016-07-12,77.56999969482422,76.55000305175781,76.68000030517578,77.4800033569336,10245500.0,77.4800033569336,53.310927764069895,4.140007019042969,23.07967793857717,-0.6328906197457798,-0.8465685663190977,101.35850322209346
2016-07-13,77.77999877929688,77.19999694824219,77.68000030517578,77.45999908447266,6559200.0,77.45999908447266,53.226098355053054,2.2999954223632812,21.69184708273845,-0.4678692055839946,-0.7708286941720771,111.85769311649939
2016-07-14,78.54000091552734,77.69000244140625,78.05999755859375,78.13999938964844,6607400.0,78.13999938964844,55.80073685917314,1.4000015258789062,20.98603330580537,-0.2790020424451143,-0.6724633638266846,145.42971709043934
2016-07-15,78.75,78.05000305175781,78.6500015258789,78.30000305175781,8153400.0,78.30000305175781,56.40875623748363,4.1300048828125,20.485490414887717,-0.11508585847920472,-0.5609878627571886,128.17883355324744
2016-07-18,78.69999694824219,78.2300033569336,78.3499984741211,78.30999755859375,4864200.0,78.30999755859375,56.44905726159178,3.8299942016601562,20.020700587607042,0.01544730452918941,-0.445700829299913,111.5286859187341
2016-07-19,78.88999938964844,77.62999725341797,77.75,78.72000122070312,9395500.0,78.72000122070312,58.158048375364565,4.0500030517578125,18.97587123422581,0.1502476838689546,-0.32651112666613946,95.95761441385488
2016-07-20,79.75,78.75,78.75,79.36000061035156,7922100.0,79.36000061035156,60.74737846601921,5.3000030517578125,18.70953668462883,0.30520237473253076,-0.20016842638640542,114.32371767542583
2016-07-21,79.7300033569336,78.4000015258789,79.44000244140625,78.79000091552734,9018000.0,78.79000091552734,57.34375610289648,4.279998779296875,18.102839485685077,0.37765747169399333,-0.08460324677032566,88.29866988054972
2016-07-22,80.08000183105469,78.33000183105469,79.9800033569336,79.91000366210938,12532400.0,79.91000366210938,61.865081816944155,3.4900054931640625,17.827458209868656,0.5194654451467784,0.03621049161309517,97.81569511076988
2016-07-25,80.16999816894531,78.7300033569336,80.16999816894531,78.94000244140625,7979900.0,78.94000244140625,56.29932475399527,2.4200057983398438,17.646976157481042,0.5472697093611316,0.13842233516270247,82.70192349226836
2016-07-26,79.05999755859375,77.94000244140625,78.9800033569336,78.48999786376953,9673200.0,78.48999786376953,53.87764562909931,1.0099945068359375,16.622637404265003,0.5269191841408372,0.2161217049583294,35.94924992548541
2016-07-27,78.79000091552734,77.52999877929688,78.45999908447266,78.52999877929688,10194400.0,78.52999877929688,54.066783264731576,1.0699996948242188,15.604607004974891,0.5081612196468797,0.2745296078960395,9.768641032326492
2016-07-28,80.0,78.55000305175781,78.69000244140625,79.19000244140625,8709700.0,79.19000244140625,57.18645416845237,1.0500030517578125,15.407803806435993,0.5403236624521099,0.3276884188072536,91.2774421979619
2016-07-29,79.3499984741211,78.0,79.23999786376953,78.05000305175781,7777700.0,78.05000305175781,50.77213842317634,-0.25,14.67822425432024,0.4684245006614276,0.35583563517808836,-8.773225866895531
2016-08-01,78.52999877929688,77.7300033569336,78.30999755859375,78.26000213623047,8908800.0,78.26000213623047,51.84367733562208,-0.04999542236328125,13.740609245811504,0.4235071413171454,0.36936993640589977,-62.45498921324934
2016-08-02,78.47000122070312,77.75,78.06999969482422,78.27999877929688,7910000.0,78.27999877929688,51.95092956860484,-0.44000244140625,12.869966737910534,0.3850843596103317,0.3725128210467862,-76.38543718016575
2016-08-03,78.70999908447266,78.20999908447266,78.27999877929688,78.70999908447266,7272700.0,78.70999908447266,54.30757160264507,-0.6500015258789062,12.303854258506314,0.3848946335052261,0.37498918353847416,-23.004069863554943
2016-08-04,79.6500015258789,78.75,78.83000183105469,79.4800033569336,5954400.0,79.4800033569336,58.25589600286337,0.69000244140625,12.639885687382986,0.44178456631429697,0.3883482600936387,83.938391992707
2016-08-05,80.23999786376953,79.66000366210938,79.7300033569336,80.13999938964844,6662500.0,80.13999938964844,61.33956791377031,0.2299957275390625,13.420272508071445,0.5339711252124459,0.41747283311740013,153.64779343351557
2016-08-08,80.33999633789062,79.80000305175781,80.2300033569336,79.94999694824219,5119700.0,79.94999694824219,59.96621486043344,1.0099945068359375,14.222532102038747,0.5849550307302991,0.45096927263997993,131.13652655787234
2016-08-09,80.4800033569336,79.94999694824219,79.95999908447266,80.05999755859375,4455700.0,80.05999755859375,60.5173628586986,1.5699996948242188,15.080429584855183,0.627008509318145,0.48617711997561297,125.28212123626432
2016-08-10,80.22000122070312,79.51000213623047,79.97000122070312,79.68000030517578,5945500.0,79.68000030517578,57.5688748362742,1.1500015258789062,15.279131603381888,0.6224978240722123,0.5134412607949328,73.42781844789648
2016-08-11,80.27999877929688,79.83999633789062,80.0,80.12000274658203,6577700.0,80.12000274658203,59.999110205692716,0.9300003051757812,15.520221867688667,0.6469697289738008,0.5401469544307064,91.89990311445783
2016-08-12,80.08000183105469,79.6500015258789,79.80000305175781,80.0199966430664,4420400.0,80.0199966430664,59.16960604212076,1.9699935913085938,15.47422253472608,0.6507923045681139,0.5622760244581879,67.47972271859061
2016-08-15,81.1500015258789,80.0199966430664,80.12999725341797,80.91000366210938,6290300.0,80.91000366210938,63.946764184166426,2.6500015258789062,16.41566240523429,0.7173684743782758,0.5932945144422055,119.27388491125144
2016-08-16,80.91000366210938,80.22000122070312,80.41999816894531,80.80999755859375,6182600.0,80.80999755859375,63.05404116764911,2.529998779296875,17.2898565707062,0.7533764570046202,0.6253109029546884,101.16663423847186
2016-08-17,80.86000061035156,80.4000015258789,80.70999908447266,80.83999633789062,4655400.0,80.83999633789062,63.2199130108362,2.1299972534179688,18.101608295787255,0.7753954177297828,0.6553278059097073,92.24259138187702
2016-08-18,80.58999633789062,79.91000366210938,80.01000213623047,80.2699966430664,7453900.0,80.2699966430664,57.900723732760106,0.7899932861328125,18.076715734488886,0.7383402640928267,0.6719302975463312,49.21739414157486
2016-08-19,80.47000122070312,79.73999786376953,80.01000213623047,80.47000122070312,8480900.0,80.47000122070312,59.19797256991269,0.3300018310546875,17.79548542080452,0.7168490956235729,0.6809140571617796,40.97909590309391
2016-08-22,81.08000183105469,79.95999908447266,80.33999633789062,81.05999755859375,7954500.0,81.05999755859375,62.83599394120171,1.1100006103515625,18.18450074419019,0.7389073000378232,0.6925127057369883,101.88886950456569
2016-08-23,81.76000213623047,80.80000305175781,81.37000274658203,80.80000305175781,10007800.0,80.80000305175781,60.28509647493026,0.7400054931640625,19.16472441419631,0.7270284704718932,0.6994158586839693,156.80067848333377
2016-08-24,80.9800033569336,80.19000244140625,80.80000305175781,80.29000091552734,5028000.0,80.29000091552734,55.52348721379072,0.6100006103515625,19.14835908601774,0.6687525393409146,0.6932831948153584,28.977673048876365
2016-08-25,80.5199966430664,80.0,80.29000091552734,80.31999969482422,5773700.0,80.31999969482422,55.74491049817441,0.1999969482421875,18.86186876731727,0.6178667119960011,0.678199898251487,-18.265594774088346
2016-08-26,81.13999938964844,80.16999816894531,80.62000274658203,80.56999969482422,7932200.0,80.56999969482422,57.63766196004482,0.5500030517578125,19.207448335255823,0.5909007024010151,0.6607400590813926,48.24667936234428
2016-08-29,80.98999786376953,80.54000091552734,80.54000091552734,80.87000274658203,4766700.0,80.87000274658203,59.85645326109312,-0.04000091552734375,19.52834364834162,0.5869714431445914,0.6459863358940323,75.31705967837742
2016-08-30,81.19000244140625,80.72000122070312,81.0,81.16999816894531,4128700.0,81.16999816894531,61.99981690986591,0.3600006103515625,20.02456380788767,0.6011350891789959,0.637016086551025,113.93533319518085
2016-08-31,81.19999694824219,80.70999908447266,80.94999694824219,80.9000015258789,7386100.0,80.9000015258789,58.94920812876479,0.06000518798828125,20.46767630879962,0.5838432267769633,0.6263815145962127,85.11728900273707
2016-09-01,81.55000305175781,80.97000122070312,81.13999938964844,81.30000305175781,6240600.0,81.30000305175781,61.93723443094673,1.0300064086914062,21.24075564788364,0.5955509408993009,0.6202153998568304,160.74556811637535
2016-09-02,82.1500015258789,81.5,81.56999969482422,82.0,6408900.0,82.0,66.52873074835185,1.529998779296875,22.51047423161223,0.6537769584800088,0.6269277115814661,219.2864937598742
2016-09-06,82.52999877929688,81.80999755859375,82.0,82.52999877929688,8140400.0,82.52999877929688,69.52613202502276,1.470001220703125,23.999773406107415,0.7342242884546266,0.6483870269560982,207.35957662997666
2016-09-07,83.26000213623047,82.36000061035156,82.4800033569336,83.23999786376953,9304700.0,83.23999786376953,73.01271144236557,2.4399948120117188,25.902309609116827,0.8455236985812178,0.687814361281122,209.56994016775243
2016-09-08,83.62999725341797,82.58999633789062,83.0199966430664,82.97000122070312,7961100.0,82.97000122070312,69.744808670481,2.6800003051757812,27.89994939380312,0.9015502996770266,0.730561548960303,163.11544932517987
2016-09-09,82.80999755859375,81.33000183105469,82.4000015258789,81.33000183105469,11563000.0,81.33000183105469,53.9495010740662,1.0100021362304688,27.625828038155824,0.8043455452396557,0.7453183482161736,40.669153631709364
2016-09-12,83.12999725341797,81.18000030517578,81.33999633789062,82.97000122070312,9882700.0,82.97000122070312,62.97875561691093,2.4000015258789062,27.644210171501584,0.8498478052365783,0.7662242396202545,79.49211761016274
2016-09-13,82.44000244140625,81.62000274658203,82.41000366210938,81.88999938964844,8834300.0,81.88999938964844,55.29041065931344,1.0199966430664062,27.661279295322647,0.7896588565433404,0.7709111630048717,35.860249243941226
2016-09-14,82.22000122070312,81.44999694824219,81.45999908447266,81.48999786376953,10999500.0,81.48999786376953,52.723195042636576,0.31999969482421875,27.402453433174426,0.7015943578498423,0.7570478019738658,6.687716179691298
2016-09-15,82.12999725341797,81.19000244140625,81.41999816894531,82.01000213623047,10580300.0,82.01000213623047,55.60881551844048,1.1100006103515625,26.74404106884666,0.6660844007466977,0.7388551217284322,2.3280505310967223
2016-09-16,82.26000213623047,81.41999816894531,81.73999786376953,82.06999969482422,11702000.0,82.06999969482422,55.94294737388993,0.7699966430664062,26.277474191539245,0.6354586338927533,0.7181758241612963,8.938543914330667
2016-09-19,83.04000091552734,82.2300033569336,82.43000030517578,82.51000213623047,8361700.0,82.51000213623047,58.415034030557486,0.5100021362304688,26.630803450285633,0.6393223032345503,0.7024051199759471,83.40947297994812
2016-09-20,83.2300033569336,82.31999969482422,82.97000122070312,82.4800033569336,6473300.0,82.4800033569336,58.17536025796238,-0.04999542236328125,27.13054365006601,0.6326706053306879,0.6884582170468952,79.05962983164056
2016-09-21,83.25,82.2699966430664,82.91999816894531,83.22000122070312,7536200.0,83.22000122070312,62.28600532956544,-0.01999664306640625,27.500995528200924,0.6792804082955399,0.6866226552966241,96.77191893652889
2016-09-22,83.79000091552734,83.19999694824219,83.41999816894531,83.36000061035156,6599400.0,83.36000061035156,63.02637757943707,0.3899993896484375,28.339876945028642,0.7192250153961339,0.693143127316526,147.93006884084724
2016-09-23,83.44999694824219,82.5199966430664,83.33000183105469,82.54000091552734,8283700.0,82.54000091552734,56.081857777272084,1.2099990844726562,27.906418584683372,0.6769112701995539,0.6898967558931316,53.84198548020961
2016-09-26,82.26000213623047,81.69000244140625,82.1500015258789,81.80999755859375,8486800.0,81.80999755859375,50.72357556520861,-1.160003662109375,26.29776694868914,0.577811500957381,0.6674797049059815,-69.10719155150922
2016-09-27,82.37999725341797,81.5,81.79000091552734,82.16000366210938,7969500.0,82.16000366210938,53.040246979019315,0.2700042724609375,24.556170351353323,0.5215051999688143,0.638284803918548,-48.25333985431467
2016-09-28,83.01000213623047,81.94000244140625,82.37999725341797,82.97000122070312,7974300.0,82.97000122070312,57.965452976696916,1.4800033569335938,23.67603071526482,0.5360626873445824,0.6178403806037549,44.59552724955154
2016-09-29,83.05999755859375,81.79000091552734,82.72000122070312,81.91999816894531,5885400.0,81.91999816894531,50.562296612303356,-0.09000396728515625,22.64818543474302,0.4575982224720434,0.5857919489774126,-17.14306555948752
2016-09-30,83.04000091552734,81.68000030517578,82.16000366210938,82.69999694824219,9776800.0,82.69999694824219,55.145237875804575,0.6299972534179688,21.535118819710327,0.45313054466713254,0.5592596681153565,16.19404582271862
2016-10-03,83.11000061035156,82.30000305175781,82.41999816894531,82.86000061035156,8155400.0,82.86000061035156,56.04538026529755,0.34999847412109375,20.592737346601268,0.45723017134531574,0.5388537687613484,52.653014478684135
2016-10-04,83.52999877929688,82.58000183105469,83.27999877929688,82.7300033569336,5772000.0,82.7300033569336,55.07827899230007,0.25,20.25137343607324,0.4448613780559043,0.5200552906202596,74.65529766692686
2016-10-05,83.44999694824219,82.9000015258789,82.95999908447266,83.3499984741211,6163400.0,83.3499984741211,58.73547131772564,0.12999725341796875,19.9343926620115,0.4795593826554523,0.5119561090272982,114.11294793956334
2016-10-06,83.4800033569336,82.87999725341797,83.12000274658203,83.36000061035156,7687100.0,83.36000061035156,58.79375455124334,0.0,19.680397807521928,0.5020772560135924,0.509980338424557,102.84539910540325
2016-10-07,83.69999694824219,82.63999938964844,83.48999786376953,82.87999725341797,8238100.0,82.87999725341797,54.793977632950416,0.339996337890625,18.990401643302395,0.4757069202736801,0.5031256547943816,61.534704281909384
2016-10-10,83.54000091552734,82.94000244140625,83.12999725341797,83.12000274658203,7371500.0,83.12000274658203,56.39146581629814,1.3100051879882812,18.349690919384262,0.4687709766811565,0.49625471917173664,73.98211200381333
2016-10-11,82.79000091552734,81.56999969482422,82.68000030517578,82.04000091552734,6227400.0,82.04000091552734,48.14641547941174,-0.12000274658203125,18.410627298001085,0.37184072122759915,0.47137191958290914,-94.71680900378918
2016-10-12,82.54000091552734,81.81999969482422,81.83999633789062,82.25,3923600.0,82.25,49.68683549959266,-0.720001220703125,18.46721107814528,0.308412776015615,0.4387800908694503,-71.72224675781618
2016-10-13,82.12999725341797,81.11000061035156,81.6500015258789,81.87000274658203,6810900.0,81.87000274658203,46.9678387599529,-0.04999542236328125,19.31427033323489,0.22489067022341658,0.39600220674024356,-124.70418526728523
2016-10-14,83.19000244140625,82.04000091552734,82.04000091552734,82.44999694824219,6698100.0,82.44999694824219,51.34435422640965,-0.25,18.413749251602038,0.2031576100317949,0.35743328739855385,-6.883236866997224
2016-10-17,82.69000244140625,82.04000091552734,82.58000183105469,82.1500015258789,8473700.0,82.1500015258789,49.08783678612318,-0.7099990844726562,17.57755110437153,0.15988383846769239,0.31792339761238153,-56.178612089853544
2016-10-18,82.37000274658203,81.3499984741211,81.5,81.58000183105469,11680400.0,81.58000183105469,45.03772404416393,-1.1500015258789062,17.603080117486847,0.07868778721676506,0.27007627553325825,-119.81289310708775
2016-10-19,82.87000274658203,81.6500015258789,81.6500015258789,82.80999755859375,8440900.0,82.80999755859375,53.88054870196603,-0.5400009155273438,16.903540228188454,0.1122952377245241,0.23852006797151143,-20.155009941590407
2016-10-20,83.0999984741211,82.16999816894531,83.05000305175781,82.5,6945200.0,82.5,51.62612676007393,-0.8600006103515625,15.939811215876857,0.1126169935595982,0.21333945308912877,1.309891958975052
2016-10-21,82.54000091552734,81.58000183105469,82.0199966430664,82.3499984741211,8043200.0,82.3499984741211,50.52451780656655,-0.529998779296875,15.743715656572391,0.09961976323423016,0.19059551511814904,-58.05754546903239
2016-10-24,83.58999633789062,82.70999908447266,83.2699966430664,83.16999816894531,16267000.0,83.16999816894531,56.04603771122076,0.04999542236328125,14.991089343823493,0.15371456113355464,0.18321932432123017,88.56223081764654
2016-10-25,83.16999816894531,81.69999694824219,83.16999816894531,82.02999877929688,15085900.0,82.02999877929688,48.02213455705975,-0.01000213623046875,14.631476080509618,0.10340467015812749,0.16725639348860963,-30.144994162367507
2016-10-26,82.26000213623047,81.41000366210938,81.62000274658203,81.75,8748400.0,81.75,46.26996497422729,-0.5,14.571954706672047,0.04047360315189508,0.14189983542126672,-99.37417747376091
2016-10-27,82.2699966430664,81.61000061035156,81.95999908447266,81.91999816894531,7039200.0,81.91999816894531,47.521910637996825,0.04999542236328125,14.503833582954899,0.004268505975687731,0.11437356953215091,-70.95925572906528
2016-10-28,83.36000061035156,82.11000061035156,82.5199966430664,82.22000122070312,10919600.0,82.22000122070312,49.74724044119867,-0.2299957275390625,13.766093625619586,-0.00021408746631834674,0.09145603813245706,67.83001455294279
2016-10-31,82.9000015258789,82.36000061035156,82.44000244140625,82.51000213623047,10024000.0,82.51000213623047,51.871825573227625,0.3600006103515625,13.08104937952251,0.019410325035323694,0.07704689551303039,64.3293526580242
2016-11-01,82.69000244140625,81.33000183105469,82.63999938964844,81.62000274658203,10881500.0,81.62000274658203,45.51238593823175,0.04000091552734375,12.938482876570207,-0.036432725598132265,0.054350971290797856,-76.67779204556221
2016-11-02,81.37999725341797,80.5199966430664,80.88999938964844,80.58000183105469,9170900.0,80.58000183105469,39.429164967665095,-2.2299957275390625,13.507066603866054,-0.16273225168524164,0.010934326695589955,-224.97680444788423
2016-11-03,81.12999725341797,80.54000091552734,80.75,80.6500015258789,7563100.0,80.6500015258789,40.01036723589936,-1.8499984741210938,14.035037207783628,-0.25424635200471357,-0.04210180904447076,-175.03206785662815
2016-11-04,81.23999786376953,80.33000183105469,80.6500015258789,80.36000061035156,7588100.0,80.36000061035156,38.36781673020833,-1.9899978637695312,14.706775111319846,-0.34618201529417547,-0.1029178502944117,-150.33326869148144
2016-11-07,82.52999877929688,81.44999694824219,81.63999938964844,82.51000213623047,7277900.0,82.51000213623047,53.58221260398523,-0.6599960327148438,13.785355007281382,-0.24275619369537083,-0.13088551897460352,20.185146381865877
2016-11-08,83.16000366210938,82.1500015258789,82.38999938964844,82.87999725341797,7152000.0,82.87999725341797,55.6129123678942,0.8499984741210938,13.285314119298407,-0.12944283473323992,-0.1305969821263308,80.49469355078035
2016-11-09,83.30000305175781,81.22000122070312,81.80999755859375,83.23999786376953,12158500.0,83.23999786376953,57.55847061031687,1.4899978637695312,12.753995153054259,-0.010471432615403842,-0.10657187222414541,64.56113501846097
2016-11-10,83.95999908447266,81.41999816894531,83.30000305175781,81.87000274658203,17171600.0,81.87000274658203,48.793507549736056,-0.04999542236328125,12.052201005652995,-0.02642824734014937,-0.0905431472473462,42.398384597888665
2016-11-11,82.62999725341797,81.5199966430664,81.58999633789062,81.87999725341797,7368000.0,81.87999725341797,48.85469658939614,-0.34000396728515625,11.400535011637535,-0.03783156605392435,-0.08000083100866183,8.032529429005718
2016-11-14,82.22000122070312,77.30000305175781,82.0199966430664,78.37999725341797,21773500.0,78.37999725341797,33.67778300390194,-4.1300048828125,13.176187852082053,-0.3255369403618289,-0.12910805287929525,-210.89456478695303
2016-11-15,79.54000091552734,77.80000305175781,78.2300033569336,78.56999969482422,18523400.0,78.56999969482422,34.86081176582786,-3.0500030517578125,14.825008346780537,-0.5320804213129691,-0.20970252656603,-182.3124084535792
2016-11-16,80.19000244140625,78.76000213623047,78.79000091552734,80.08000183105469,9997700.0,80.08000183105469,43.48818501604453,-0.5,15.736248804672543,-0.5673826314607169,-0.28123854754496735,-94.8212133275338
2016-11-17,81.19999694824219,80.18000030517578,80.31999969482422,81.06999969482422,8081800.0,81.06999969482422,48.320914079415886,0.4199981689453125,15.704807817571373,-0.5096009707178126,-0.32691103217953643,-23.8449751101331
2016-11-18,81.5,80.52999877929688,81.1500015258789,80.81999969482422,7920800.0,80.81999969482422,47.222681627694364,0.45999908447265625,15.429501219127145,-0.47846604027003536,-0.35722203379763623,-9.79252021880587
2016-11-21,81.77999877929688,80.9000015258789,81.2300033569336,81.69000244140625,8942100.0,81.69000244140625,51.36526259109993,-0.8199996948242188,14.940880041953093,-0.37921804329420183,-0.3616212356969494,25.966905295320398
2016-11-22,81.69000244140625,79.26000213623047,81.69000244140625,79.93000030517578,18133900.0,79.93000030517578,43.864371630159944,-2.9499969482421875,15.501587366649114,-0.4375370987726086,-0.37680440831208123,-48.10797118022038
2016-11-23,79.98999786376953,78.94999694824219,79.9800033569336,79.56999969482422,12802600.0,79.56999969482422,42.49733619030763,-3.6699981689453125,16.19131853658683,-0.5069604860983077,-0.40283562386932653,-86.92725730570099
2016-11-25,80.37000274658203,79.73999786376953,79.98999786376953,80.12999725341797,6495700.0,80.12999725341797,45.35046832834575,-1.7400054931640625,16.484053613348767,-0.5109025314816336,-0.4244490053917879,-47.89676303029472
2016-11-28,80.01000213623047,79.05000305175781,79.66000366210938,79.08000183105469,11793100.0,79.08000183105469,41.22061745113943,-2.7999954223632812,17.158321366351018,-0.5919290960988945,-0.45794502353320926,-76.68935842487377
2016-11-29,79.58000183105469,78.94999694824219,79.12000274658203,79.1500015258789,8575200.0,79.1500015258789,41.602421786272785,0.7700042724609375,17.842165910536856,-0.6430817953304313,-0.4949723778926537,-76.03979915158838
2016-11-30,79.44999694824219,77.27999877929688,79.44999694824219,77.31999969482422,15353900.0,77.31999969482422,35.17057907344746,-1.25,19.335698653593454,-0.8218131810195644,-0.5603405385180358,-136.94859614348906
2016-12-01,77.62000274658203,75.25,77.56999969482422,75.43000030517578,21053000.0,75.43000030517578,30.010211051077295,-4.650001525878906,21.495970954930915,-1.1032486831580002,-0.6689221674460286,-220.66429229197186
2016-12-02,76.25,75.16999816894531,75.4000015258789,75.72000122070312,13629600.0,75.72000122070312,31.666950998458905,-5.349998474121094,23.52875882246398,-1.2880399729604903,-0.792745728548921,-194.321487898679
2016-12-05,77.5999984741211,76.55000305175781,76.62999725341797,77.30999755859375,12119200.0,77.30999755859375,40.046415278852706,-3.5100021362304688,24.139560205573023,-1.2913036406040987,-0.8924573109599565,-91.92767944287121
2016-12-06,77.97000122070312,76.70999908447266,77.94000244140625,77.11000061035156,13896600.0,77.11000061035156,39.39207116699287,-4.5800018310546875,24.38608124008305,-1.2950991066734758,-0.9729856701026603,-75.14326498302825
2016-12-07,79.48999786376953,77.25,77.2699966430664,79.30999755859375,13919800.0,79.30999755859375,49.221073922043786,-0.6200027465820312,23.42374405670473,-1.1078154661937134,-0.999951629320871,-9.759371868329543
2016-12-08,79.87000274658203,78.97000122070312,79.68000030517578,79.27999877929688,13320100.0,79.27999877929688,49.104133608378305,-0.29000091552734375,22.260819758748063,-0.9508516565743577,-0.9901316347715683,27.138364238000474
2016-12-09,79.93000030517578,78.83000183105469,79.1500015258789,79.13999938964844,10728300.0,79.13999938964844,48.524726909476946,-0.9899978637695312,21.26923130313737,-0.8282064390203345,-0.9577465956213216,31.495983037138384
2016-12-12,79.02999877929688,77.91999816894531,78.98999786376953,78.5,11942300.0,78.5,45.86066734799825,-0.5800018310546875,20.906185053751805,-0.7737327134554164,-0.9209438191881405,0.8092942236084197
2016-12-13,79.5,78.25,78.80999755859375,79.19999694824219,12995100.0,79.19999694824219,49.14904162958125,0.04999542236328125,20.19349401279293,-0.666396189424205,-0.8700342932353534,37.153921688826394
2016-12-14,79.9800033569336,79.12000274658203,79.27999877929688,79.12999725341797,20146200.0,79.12999725341797,48.82964042158681,1.80999755859375,19.15602776429601,-0.5802903848338872,-0.8120855115550601,63.93020833069345
2016-12-15,80.38999938964844,79.12999725341797,79.37000274658203,79.5,14070900.0,79.5,50.6550393535983,4.069999694824219,17.877235128337155,-0.4766996876658851,-0.7450083467772252,83.48233447431436
2016-12-16,79.45999908447266,78.16999816894531,79.22000122070312,78.3499984741211,19141700.0,78.3499984741211,45.25180969233849,2.6299972534179688,17.362212024906466,-0.48184442342868294,-0.6923755621075167,24.086747988825625
2016-12-19,78.5999984741211,78.0199966430664,78.04000091552734,78.0999984741211,8699100.0,78.0999984741211,44.14930383471947,0.7900009155273438,16.98472309188105,-0.5003271147137553,-0.6539658726287645,1.4935309431189145
2016-12-20,78.58000183105469,77.69000244140625,78.41000366210938,78.36000061035156,6917400.0,78.36000061035156,45.63285680493859,1.25,16.86064443247437,-0.48836521109576836,-0.6208457403221652,-1.5211434528076226
2016-12-21,78.55000305175781,77.9800033569336,78.4800033569336,78.13999938964844,9343600.0,78.13999938964844,44.554411713820954,-1.1699981689453125,16.74542853445388,-0.49097788870361114,-0.5948721699984544,-13.600497049594665
2016-12-22,78.05999755859375,77.19000244140625,78.0199966430664,77.9000015258789,12074000.0,77.9000015258789,43.35080523336436,-1.3799972534179688,17.18934045750117,-0.5065747974582848,-0.5772126954904204,-85.9741903863428
2016-12-23,78.4800033569336,77.9000015258789,78.08000183105469,78.1500015258789,6192900.0,78.1500015258789,45.01705133543062,-0.9899978637695312,17.16659552494861,-0.49307864565686543,-0.5603858855237094,-50.822039791582625
2016-12-27,78.8499984741211,78.2300033569336,78.2699966430664,78.3499984741211,3776000.0,78.3499984741211,46.37590724228022,-0.15000152587890625,16.77087636538031,-0.460931435175965,-0.5404949954541605,-29.5928306284032
2016-12-28,78.6500015258789,77.97000122070312,78.4000015258789,78.30000305175781,7587100.0,78.30000305175781,46.06939386433761,-0.899993896484375,16.61074432882599,-0.4344803331908338,-0.5192920630014951,-47.828308164754574
2016-12-29,78.83999633789062,78.30000305175781,78.48999786376953,78.33000183105469,6241100.0,78.33000183105469,46.2987442535486,-0.7999954223632812,16.255937427686067,-0.4064121274957131,-0.4967160759003387,-16.31343712192878
2016-12-30,78.54000091552734,77.94000244140625,78.43000030517578,78.0199966430664,7127300.0,78.0199966430664,44.20655524276787,-1.4800033569335938,16.235077895294683,-0.40451964939751406,-0.4782767905997738,-61.08541315031453
2017-01-03,79.91000366210938,78.48999786376953,78.76000213623047,79.5,13785200.0,79.5,54.72533520132622,1.1500015258789062,15.317962829092584,-0.28036408225011655,-0.4386942489298423,107.32433249385745
2017-01-04,80.26000213623047,79.36000061035156,79.44000244140625,80.1500015258789,8033100.0,80.1500015258789,58.43195587412856,2.0500030517578125,14.769371311656588,-0.12804419615568463,-0.3765642383750108,159.08036774666772
2017-01-05,81.52999877929688,80.22000122070312,80.33999633789062,81.08999633789062,7805100.0,81.08999633789062,63.13263649544291,2.7299957275390625,15.226246739768397,0.06773928018881747,-0.28770353466224513,211.7100427736596
2017-01-06,82.48999786376953,80.94000244140625,81.30000305175781,82.20999908447266,8898300.0,82.20999908447266,67.80435436652556,4.069999694824219,16.25035901051083,0.30970388354573686,-0.16822205102064872,216.12120497007186
2017-01-09,82.44999694824219,81.6500015258789,82.27999877929688,81.75,7305300.0,81.75,64.20577424274204,3.8499984741210938,17.201320404771657,0.45905281808629184,-0.042767077199260595,158.1220552590245
2017-01-10,81.9000015258789,81.12999725341797,81.69999694824219,81.30999755859375,6017500.0,81.30999755859375,60.87754287492353,3.1599960327148438,17.50386134231625,0.5357328105846761,0.07293290035752675,104.25680804015516
2017-01-11,81.80000305175781,80.91000366210938,81.25,81.80000305175781,7499200.0,81.80000305175781,63.16737001246822,3.4500045776367188,17.543792936776295,0.6287932678590522,0.18410497385783187,88.42891111118361
2017-01-12,81.47000122070312,80.51000213623047,81.05000305175781,81.37000274658203,6884000.0,81.37000274658203,59.85651255804826,3.0699996948242188,17.145753443650417,0.6602361286399514,0.2793312048142558,60.37534603854981
2017-01-13,81.8499984741211,80.79000091552734,81.0199966430664,81.16999816894531,7291200.0,81.16999816894531,58.325213964195854,2.839996337890625,17.09141489809853,0.6613920090569394,0.3557433656627925,58.20356959524021
2017-01-17,81.48999786376953,80.76000213623047,80.76000213623047,81.26000213623047,6326500.0,81.26000213623047,58.835574324316696,3.2400054931640625,17.00567065977639,0.6619401861578638,0.4169827297618068,45.90609944964542
2017-01-18,81.83000183105469,80.9800033569336,81.2699966430664,81.58999633789062,8512300.0,81.58999633789062,60.734233344983515,2.089996337890625,17.221980536226052,0.6811505155157249,0.4698162869125904,54.66625881316615
2017-01-19,81.8499984741211,81.41000366210938,81.79000091552734,81.7300033569336,6479400.0,81.7300033569336,61.54465276056149,1.5800018310546875,17.44060433474655,0.6996075954147472,0.5157745486130217,61.33900135431847
2017-01-20,82.27999877929688,81.61000061035156,82.08999633789062,81.83999633789062,9048500.0,81.83999633789062,62.20463783416137,0.75,18.026168370928758,0.7148699032704968,0.5555936195445168,77.79752731099677
2017-01-23,82.30000305175781,81.5,81.69999694824219,82.1500015258789,7414200.0,82.1500015258789,64.07597088929899,-0.05999755859375,18.406822284352963,0.7434106448970397,0.5931570246150214,89.69993537989404
2017-01-24,83.48999786376953,81.8499984741211,82.4000015258789,83.2300033569336,8397500.0,83.2300033569336,69.70380053103698,1.4800033569335938,19.71683095968953,0.8434537008436109,0.6432163598607393,196.56419500467186
2017-01-25,84.2699966430664,83.44999694824219,83.79000091552734,83.9000015258789,9360900.0,83.9000015258789,72.5742399312712,2.5900039672851562,21.429321691724844,0.9656701518760826,0.7077071182638079,261.32499586118627
2017-01-26,83.91999816894531,83.08000183105469,83.91999816894531,83.23999786376953,8428200.0,83.23999786376953,65.94589069776997,1.4399948120117188,22.474404097604513,0.9977691287631671,0.7657195203636797,158.39279579669426
2017-01-27,83.80000305175781,82.91999816894531,83.31999969482422,83.7699966430664,5445900.0,83.7699966430664,68.43871021592972,2.399993896484375,23.210266742617144,1.053826416367741,0.823340899564492,124.26901816817544
2017-01-30,83.73999786376953,82.66000366210938,83.47000122070312,83.69999694824219,8792800.0,83.69999694824219,67.73348040309811,2.529998779296875,23.509227297623788,1.080152504603376,0.8747032205722688,90.6815642298419
2017-01-31,83.27999877929688,82.0999984741211,82.12999725341797,82.70999908447266,7479400.0,82.70999908447266,58.545040996678665,1.4499969482421875,23.004945863510567,1.0094947383949489,0.9016615241368048,32.709350330528515
2017-02-01,83.08999633789062,82.05000305175781,82.9000015258789,82.44000244140625,7534400.0,82.44000244140625,56.30183228465961,0.850006103515625,22.468532906385512,0.921093682364301,0.9055479557823041,14.668633356495963
2017-02-02,82.69999694824219,81.56999969482422,82.13999938964844,82.30000305175781,11142300.0,82.30000305175781,55.12243420199256,0.5699996948242188,21.326138617111507,0.8301687591504958,0.8904721164559424,-20.317268875450225
2017-02-03,86.81999969482422,85.11000061035156,85.73999786376953,86.08000183105469,28079600.0,86.08000183105469,72.11013252518713,4.2400054931640625,23.066098610872597,1.051009035218641,0.9225795002084821,234.41707786829835
2017-02-06,86.0999984741211,85.51000213623047,86.06999969482422,85.83000183105469,9665300.0,85.83000183105469,70.21700198015894,3.6800003051757812,24.681775747936467,1.1921117126484546,0.9764859426964766,171.12517062923104
2017-02-07,86.3499984741211,85.66999816894531,85.95999908447266,85.77999877929688,8600300.0,85.77999877929688,69.82216414671481,2.5499954223632812,26.293232380322088,1.285088077301964,1.038206369617574,145.80922371813122
2017-02-08,85.83999633789062,85.08000183105469,85.80000305175781,85.08999633789062,7587700.0,85.08999633789062,64.43755332679277,1.1899948120117188,27.075543482368012,1.2882449992710008,1.0882140955482593,90.33168430952091
2017-02-09,85.7699966430664,84.87999725341797,85.37000274658203,85.58000183105469,6554700.0,85.58000183105469,66.41816976997862,2.3400039672851562,27.56487495600358,1.315126273780976,1.1335965311948026,78.14437583292398
2017-02-10,86.13999938964844,85.2300033569336,85.80000305175781,85.9000015258789,10432000.0,85.9000015258789,67.68395563686015,2.1300048828125,28.23621175362798,1.3467269485678628,1.1762226146694146,80.22595892942665
2017-02-13,86.69999694824219,86.0,86.19999694824219,86.44000244140625,6046300.0,86.44000244140625,69.75566815577875,2.7400054931640625,29.173447071871674,1.3992149924621202,1.2208210902279557,94.820253833033
2017-02-14,86.97000122070312,86.26000213623047,86.5199966430664,86.8499984741211,5952000.0,86.8499984741211,71.26205609225065,4.1399993896484375,30.190046684671795,1.4570988700036906,1.2680766461831028,93.99516545576901
2017-02-15,87.54000091552734,86.69999694824219,87.0199966430664,87.54000091552734,8049700.0,87.54000091552734,73.64146839941559,5.099998474121094,31.43142747299435,1.5408873007822876,1.3226387771029398,105.89464844300223
2017-02-16,87.68000030517578,86.79000091552734,87.55000305175781,87.41000366210938,8680600.0,87.41000366210938,72.42480738456639,5.1100006103515625,32.655623056335145,1.5786033867232732,1.3738316990270065,98.35233291950095
2017-02-17,87.68000030517578,86.9800033569336,87.2699966430664,87.45999908447266,5887200.0,87.45999908447266,72.61221396117348,1.3799972534179688,33.79237609800874,1.5941514833416477,1.4178956558899347,96.01322543389377
2017-02-21,88.04000091552734,87.16999816894531,87.51000213623047,87.91999816894531,9301300.0,87.91999816894531,74.34016540426543,2.089996337890625,35.04578720581192,1.624861155711784,1.4592887558543046,109.7956596577593
2017-02-22,88.1500015258789,87.51000213623047,87.61000061035156,87.80000305175781,8389900.0,87.80000305175781,73.04549466511547,2.0200042724609375,36.270195952826576,1.6208322440242995,1.4915974534883036,106.51531850963916
2017-02-23,88.48999786376953,87.87000274658203,88.2300033569336,88.18000030517578,6040500.0,88.18000030517578,74.5566584076262,3.0900039672851562,37.59426335484524,1.6295178377722976,1.5191815303451024,122.86495747160264
2017-02-24,88.43000030517578,87.30000305175781,87.36000061035156,88.43000030517578,5151300.0,88.43000030517578,75.52869265129647,2.8499984741210938,37.82839365483857,1.6376958062327134,1.5428843855226246,95.59750600514556
2017-02-27,88.37999725341797,87.91000366210938,88.31999969482422,88.0,6131600.0,88.0,70.5371073141453,2.0999984741210938,38.04580036197524,1.5911378277619548,1.5525350739704906,86.4855404788946
2017-02-28,88.37999725341797,87.76000213623047,88.16000366210938,87.94000244140625,8521900.0,87.94000244140625,69.843518404814,1.5,37.97862710361865,1.5317420242544557,1.5483764640272837,73.10728022396108
2017-03-01,89.13999938964844,88.41999816894531,88.73999786376953,88.98999786376953,11131400.0,88.98999786376953,74.55836917529854,2.1399993896484375,38.48823336403966,1.5515114195951867,1.5490034551408642,131.8529397988774
2017-03-02,89.12999725341797,88.0999984741211,89.0,88.52999877929688,10544200.0,88.52999877929688,69.43649048246665,0.9899978637695312,38.395696567004244,1.5126241366182143,1.5417275914363342,100.10438860857744
2017-03-03,88.91000366210938,88.18000030517578,88.30999755859375,88.79000091552734,5700600.0,88.79000091552734,70.66322311593397,1.3799972534179688,38.309769541185645,1.4856599213740935,1.530514057423886,98.95200125490292
2017-03-06,89.2699966430664,88.2699966430664,88.52999877929688,88.94000244140625,7347600.0,88.94000244140625,71.37700451003745,1.4800033569335938,38.52821650619202,1.4595694480036627,1.5163251355398413,113.01586585446755
2017-03-07,89.30000305175781,88.8499984741211,88.98999786376953,89.05999755859375,5688400.0,89.05999755859375,71.96464467332099,1.1399993896484375,38.75590322039188,1.43206718393634,1.499473545219141,130.24335663393657
2017-03-08,89.30000305175781,88.87000274658203,89.16999816894531,88.95999908447266,5866800.0,88.95999908447266,70.66267477458577,1.1599960327148438,38.967326597863185,1.3862228858461663,1.4768234133445461,105.87217565378926
2017-03-09,89.5,88.70999908447266,89.0199966430664,89.11000061035156,5953900.0,89.11000061035156,71.495739086624,0.9300003051757812,39.34617633875451,1.3464735103658967,1.4507534327488163,98.52397989699021
2017-03-10,89.86000061035156,89.0999984741211,89.5,89.7300033569336,12246700.0,89.7300033569336,74.69432853295544,1.3000030517578125,40.009780380878716,1.349445318359514,1.4304918098709558,142.41239217458906
2017-03-13,90.30999755859375,89.61000061035156,89.80000305175781,90.11000061035156,8944100.0,90.11000061035156,76.43937520185189,2.1100006103515625,40.97594851276762,1.3667085349421626,1.417735154885197,172.1281178979477
2017-03-14,90.02999877929688,89.23999786376953,89.93000030517578,89.55000305175781,6009400.0,89.55000305175781,68.89900779170948,1.6100006103515625,41.01893259778451,1.319986651124026,1.3981854541329628,105.51231241928964
2017-03-15,90.0999984741211,89.41000366210938,89.75,89.91999816894531,6350700.0,89.91999816894531,70.93878918792129,0.9300003051757812,41.12403197376989,1.2978538836789113,1.3781191400421524,112.58357144772798
2017-03-16,90.33000183105469,89.47000122070312,90.30999755859375,90.04000091552734,9174400.0,90.04000091552734,71.58961735712191,1.5100021362304688,41.43678910585819,1.2752959073888093,1.3575544935114838,113.71797037666366
2017-03-17,90.62999725341797,90.16999816894531,90.25,90.23999786376953,8613400.0,90.23999786376953,72.68743933753674,1.4499969482421875,41.99397776834346,1.2590431650567666,1.3378522278205405,134.7550443027308
2017-03-20,92.05000305175781,88.97000122070312,90.29000091552734,89.18000030517578,9438000.0,89.18000030517578,59.55267481902789,0.23999786376953125,43.450106724631645,1.147403254965127,1.2997624332494577,87.23159991827426
2017-03-21,89.70999908447266,88.0,89.48999786376953,88.05999755859375,11092100.0,88.05999755859375,49.39596001242759,-1.0,42.94661662247364,0.9575153199242123,1.2313130105844086,-97.24454619981196
2017-03-22,89.04000091552734,87.8499984741211,87.8499984741211,88.5199966430664,7828600.0,88.5199966430664,52.945527649244085,-0.44000244140625,42.226240961856824,0.8345259494093682,1.1519555983494005,-109.43849897183955
2017-03-23,89.38999938964844,88.41999816894531,88.47000122070312,88.86000061035156,7710700.0,88.86000061035156,55.43385240719818,-0.25,41.85090639139686,0.7557793123574044,1.0727203411510013,-62.43580210620961
2017-03-24,89.61000061035156,88.97000122070312,89.05999755859375,89.19000244140625,7597600.0,89.19000244140625,57.768186089863214,-0.5400009155273438,41.681527674955476,0.7117952919323756,1.0005353313072762,-21.02372225728176
2017-03-27,88.98999786376953,88.06999969482422,88.30999755859375,88.94999694824219,5230000.0,88.94999694824219,55.491647699835134,-1.160003662109375,40.03819909827483,0.6500775124645486,0.9304437675387307,-91.0030710876174
2017-03-28,89.41999816894531,88.48999786376953,89.12000274658203,89.12000274658203,7045500.0,89.12000274658203,56.79059568928295,-0.43000030517578125,38.926292075028066,0.607876552208154,0.8659303244726153,-47.15299097759343
2017-03-29,89.38999938964844,88.55999755859375,88.98999786376953,89.18000030517578,4738000.0,89.18000030517578,57.2646110699797,-0.7399978637695312,37.89380698201321,0.5726718837217817,0.8072786363224486,-41.98866787882252
2017-03-30,89.0999984741211,88.5999984741211,89.08000183105469,89.01000213623047,6227100.0,89.01000213623047,55.40981485040195,-1.029998779296875,36.93507082421371,0.5250025956901396,0.7508234281959868,-52.30585919458628
2017-03-31,89.3499984741211,88.87000274658203,88.9800033569336,88.87000274658203,6429800.0,88.87000274658203,53.862554435455976,-1.3699951171875,36.31030047097218,0.47050388485931194,0.6947595195286518,-30.8722600588743
2017-04-03,89.45999908447266,88.4000015258789,89.13999938964844,89.36000061035156,9125800.0,89.36000061035156,58.25616709376019,0.18000030517578125,34.900548316626285,0.46153174573575484,0.6481139647700724,-20.901418442512174
2017-04-04,89.33000183105469,88.66000366210938,89.01000213623047,88.77999877929688,4859900.0,88.77999877929688,51.94989433536472,0.720001220703125,33.59149274473367,0.4029747186376085,0.5990861155435796,-36.808503692145024
2017-04-05,90.19999694824219,88.94999694824219,89.12999725341797,89.02999877929688,7251600.0,89.02999877929688,54.248837853092134,0.5100021362304688,33.34628367823031,0.37244742141099607,0.5537583767170629,49.47505837430679
2017-04-06,89.26000213623047,88.77999877929688,89.0,89.08999633789062,8473900.0,89.08999633789062,54.80766435596266,0.2299957275390625,32.810572253403556,0.3490717382704389,0.5128210490277381,4.701912211215645
2017-04-07,89.23999786376953,88.5199966430664,88.97000122070312,88.73999786376953,5439500.0,88.73999786376953,50.90173231273782,-0.45000457763671875,31.847984373814047,0.2988593249025513,0.4700287042027007,-37.96000990862938
2017-04-10,89.25,88.5199966430664,88.62000274658203,88.86000061035156,5999400.0,88.86000061035156,52.160596454352316,-0.089996337890625,30.966478250220423,0.2656861793997507,0.4291601992421107,-33.38207968338811
2017-04-11,88.8499984741211,88.12999725341797,88.5999984741211,88.8499984741211,7058500.0,88.8499984741211,52.04082780487992,-0.2700042724609375,29.444367308720025,0.23587016929911897,0.3905021932535123,-156.03960630996082
2017-04-12,89.20999908447266,88.55999755859375,88.69999694824219,88.68000030517578,5912500.0,88.68000030517578,49.94187994013882,-0.5,28.51966694363123,0.19626096079387878,0.3516539467615856,-61.65414798999705
2017-04-13,89.77999877929688,88.43000030517578,88.47000122070312,88.87000274658203,7242700.0,88.87000274658203,52.25950915252295,-0.1399993896484375,28.34311006410443,0.17814840289433675,0.31695283798813584,37.58440637437157
2017-04-17,89.9000015258789,88.75,89.08999633789062,89.80999755859375,6122800.0,89.80999755859375,61.70566159788924,0.9399948120117188,28.312665452363092,0.23691281230281902,0.3009448328510725,210.7289078836291
2017-04-18,89.91999816894531,89.23999786376953,89.63999938964844,89.7300033569336,6823500.0,89.7300033569336,60.60664053243533,0.37000274658203125,28.30764170763905,0.2738721390596197,0.2955302940927819,195.4999927925564
2017-04-19,90.62000274658203,89.5999984741211,90.08999633789062,89.75,7301300.0,89.75,60.79461979568643,0.970001220703125,29.04848719844429,0.3013030003352384,0.2966848353412732,200.4766824015486
2017-04-20,91.5,89.9000015258789,90.13999938964844,91.1500015258789,12178300.0,91.1500015258789,71.1679560017117,2.1200027465820312,30.45701320762934,0.4310417968425355,0.3235562276415257,242.29048029937954
2017-04-21,92.80000305175781,91.0199966430664,92.7699966430664,91.1500015258789,19442600.0,91.1500015258789,71.1679560017117,2.0600051879882812,32.52404797516589,0.5277768448543156,0.3644003510840837,234.96370099690185
2017-04-24,92.5,91.01000213623047,92.1500015258789,91.8499984741211,11705400.0,91.8499984741211,75.00320922401328,3.1100006103515625,34.42391653716571,0.6533920738418004,0.42219869563562706,174.92726809226323
2017-04-25,92.3499984741211,91.58000183105469,91.98999786376953,92.11000061035156,7769200.0,92.11000061035156,76.26606516046206,3.25,36.18808020187983,0.7651034114219755,0.49077963879289677,143.555539399919
2017-04-26,92.4800033569336,91.75,92.0199966430664,91.81999969482422,11295200.0,91.81999969482422,71.90269687266284,2.970001220703125,37.89985080514894,0.8207734357926171,0.5567783981928408,113.6233215213849
2017-04-27,92.0,91.27999877929688,91.94999694824219,91.5999984741211,5856800.0,91.5999984741211,68.69194496652254,2.9199981689453125,38.466784992039756,0.8374860533968018,0.612919929233633,76.05334873483766
2017-04-28,91.55000305175781,90.9800033569336,91.38999938964844,91.22000122070312,6888500.0,91.22000122070312,63.42384299275315,2.3499984741210938,38.39020974353232,0.8107228127468176,0.6524805059362699,47.179805532707014
2017-05-01,91.66999816894531,91.13999938964844,91.29000091552734,91.26000213623047,9042100.0,91.26000213623047,63.73909737150159,1.4500045776367188,38.42789888875872,0.7837064116215657,0.6787256870733291,45.78544145679787
2017-05-02,92.75,91.52999877929688,91.62000274658203,92.54000091552734,11627700.0,92.54000091552734,72.04293632077461,2.80999755859375,39.295432945590385,0.8557167531155301,0.7141239002817693,92.0778170005094
2017-05-03,92.55000305175781,91.9800033569336,92.4000015258789,92.44000244140625,4909000.0,92.44000244140625,70.68113939388681,2.69000244140625,40.101000284076925,0.8944062677109486,0.7501803737676052,88.73544895467145
2017-05-04,92.8499984741211,92.25,92.69999694824219,92.62000274658203,5257000.0,92.62000274658203,71.71748249478654,1.470001220703125,41.05348373935319,0.9288849001548698,0.785921279045058,103.83343611943342
2017-05-05,92.9800033569336,91.76000213623047,92.9000015258789,92.08999633789062,8844500.0,92.08999633789062,64.48918642456502,0.9399948120117188,40.924716661795635,0.9030327773004387,0.8093435786961342,73.54072610669397
2017-05-08,92.16000366210938,91.5199966430664,92.05000305175781,91.91999816894531,5223600.0,91.91999816894531,62.31956907811116,0.06999969482421875,40.342653210126706,0.8589261857772499,0.8192601001123573,21.677189777807826
2017-05-09,92.13999938964844,91.83000183105469,91.9000015258789,92.0,3969500.0,92.0,62.95126775162616,-0.1100006103515625,39.802165719291274,0.82096331927454,0.8196007439447939,26.080439882093774
2017-05-10,92.41000366210938,91.68000030517578,91.69999694824219,92.25,6747600.0,92.25,64.92986028181959,0.43000030517578125,39.574930715212126,0.8018076452992062,0.8160421242156763,39.45854979027393
2017-05-11,92.30999755859375,91.62000274658203,92.12000274658203,92.0999984741211,7052200.0,92.0999984741211,62.76398292654669,0.5,39.23215913399095,0.7656962958717912,0.8059729585468993,11.477532137848247
2017-05-12,92.77999877929688,91.9800033569336,92.19000244140625,92.7300033569336,5898800.0,92.7300033569336,67.64552143100472,1.5100021362304688,39.39029945353427,0.7789348441416593,0.8005653356658513,113.9170281203904
2017-05-15,93.41999816894531,92.72000122070312,92.7300033569336,93.2300033569336,7040100.0,93.2300033569336,70.90550286081476,1.970001220703125,40.08256011056407,0.8203162156449366,0.8045155116616683,189.99323283370938
2017-05-16,93.72000122070312,92.97000122070312,93.3499984741211,93.1500015258789,5497400.0,93.1500015258789,69.69546256781318,0.6100006103515625,40.950013253834854,0.837007272714132,0.8110138638721611,166.95645900219984
2017-05-17,92.76000213623047,91.70999908447266,92.4800033569336,91.76000213623047,8240200.0,91.76000213623047,52.8270087448349,-0.6800003051757812,39.381172023990054,0.7296626251158784,0.7947436161209046,-22.717443947104503
2017-05-18,92.4800033569336,91.36000061035156,91.36000061035156,91.70999908447266,8239800.0,91.70999908447266,52.336281445505904,-0.910003662109375,37.40326124293135,0.6332566022121711,0.7624462133391579,-74.88512561389489
2017-05-19,92.80999755859375,91.70999908447266,91.9800033569336,92.4800033569336,9361300.0,92.4800033569336,58.69878875788993,0.39000701904296875,35.93633137461903,0.6119330606780977,0.7323435828069458,1.2295205441713417
2017-05-22,93.5999984741211,92.43000030517578,92.52999877929688,93.30999755859375,9186200.0,93.30999755859375,64.23999760671481,1.3899993896484375,35.35367498827013,0.6544633498003236,0.7167675362056214,127.86734673722293
2017-05-23,94.06999969482422,93.47000122070312,93.55999755859375,93.86000061035156,7616100.0,93.86000061035156,67.36466982267915,1.8600006103515625,35.212841715226006,0.7242014169189304,0.7182543123482832,177.90893443021184
2017-05-24,94.98999786376953,94.0199966430664,94.0199966430664,94.80999755859375,6825300.0,94.80999755859375,71.9274593877979,2.55999755859375,35.750878388208,0.8463697284309575,0.743877395564818,194.1292058438139
2017-05-25,95.37999725341797,94.88999938964844,95.08999633789062,95.04000091552734,7262400.0,95.04000091552734,72.91480904213894,2.94000244140625,36.49707345326299,0.9507882490754724,0.7852595662669489,176.45266170346187
2017-05-26,95.12000274658203,94.38999938964844,95.0,94.66999816894531,4133900.0,94.66999816894531,68.72713421498486,1.9399948120117188,36.38742931807907,0.992246549008911,0.8266569628153413,121.86292875477425
2017-05-30,94.87999725341797,94.33999633789062,94.66000366210938,94.72000122070312,6292700.0,94.72000122070312,68.98636473432359,1.4899978637695312,36.206481789577246,1.0174093174843506,0.8648074337491432,97.53592621068735
2017-05-31,95.52999877929688,94.45999908447266,95.08000183105469,95.2300033569336,9866000.0,95.2300033569336,71.57449868318805,2.0800018310546875,36.525448686686595,1.0662132601489134,0.9050885990290972,104.3005289128022
2017-06-01,95.44999694824219,94.61000061035156,95.4000015258789,95.4000015258789,8911900.0,95.4000015258789,72.40126020883639,3.6399993896484375,36.82163223400242,1.105860496395735,0.9452429785024248,93.29742436207297
2017-06-02,96.19000244140625,95.41000366210938,95.41000366210938,96.1500015258789,8570200.0,96.1500015258789,75.75206133858867,4.44000244140625,37.60429635781686,1.1841498068865803,0.9930243441792559,119.40381390791772
2017-06-05,96.58999633789062,96.11000061035156,96.31999969482422,96.55000305175781,14510500.0,96.55000305175781,77.33273967672045,4.069999694824219,38.57420221451765,1.2639019546986816,1.047199866283141,125.26458040052273
2017-06-06,96.5999984741211,95.55999755859375,96.2699966430664,95.79000091552734,7030300.0,95.79000091552734,68.23166839209401,2.4800033569335938,38.52421964411986,1.2513554390721282,1.0880309808409385,89.63348667558175
2017-06-07,96.22000122070312,95.76000213623047,96.02999877929688,96.08999633789062,6720300.0,96.08999633789062,69.7452544635544,2.2299957275390625,38.47780725732191,1.251196345831616,1.120664053839074,87.95481683605388
2017-06-08,96.12000274658203,95.29000091552734,95.87000274658203,96.08999633789062,7720300.0,96.08999633789062,69.7452544635544,1.279998779296875,37.64446888307395,1.2368130523146164,1.1438938535341825,69.2276207699617
2017-06-09,96.25,93.70999908447266,96.08999633789062,94.55999755859375,16887100.0,94.55999755859375,54.411479830703726,-0.48000335693359375,35.079505798669615,1.0893981698452535,1.1329947167963967,-24.085034794720485
2017-06-12,94.04000091552734,92.80000305175781,93.69000244140625,93.5,15610000.0,93.5,46.74390735968635,-1.1699981689453125,33.55768889665513,0.8769291755458823,1.081781608546294,-167.00750544790102
2017-06-13,95.33999633789062,93.97000122070312,94.0,95.08000183105469,8700100.0,95.08000183105469,56.568408444430894,0.3600006103515625,31.465698850227074,0.8265114010017811,1.0307275670373914,-42.39098819913994
2017-06-14,96.0,94.94999694824219,95.31999969482422,95.31999969482422,6347000.0,95.31999969482422,57.84065001189713,0.089996337890625,30.06874731327506,0.7967364909787449,0.9839293518256621,20.44468633586136
2017-06-15,94.52999877929688,93.52999877929688,94.44000244140625,94.16999816894531,12793900.0,94.16999816894531,50.2454942761187,-1.2300033569335938,28.31761724176783,0.6725909384292805,0.9216616691463858,-111.07082727286932
2017-06-16,94.44000244140625,93.73999786376953,94.30999755859375,94.16999816894531,14705100.0,94.16999816894531,50.245494276118706,-1.9800033569335938,26.691567889653975,0.5676610503813606,0.8508615453933808,-96.4684380623393
2017-06-19,94.8499984741211,94.25,94.75,94.79000091552734,5984300.0,94.79000091552734,54.020618177934345,-1.7600021362304688,24.807296542928803,0.5284408608930278,0.7863774084933102,-47.1511422441474
2017-06-20,94.95999908447266,94.33000183105469,94.79000091552734,94.37999725341797,5626700.0,94.37999725341797,51.25124174682297,-1.410003662109375,23.11442072329006,0.45898382929209447,0.720898692653067,-48.08816472565349
2017-06-21,94.7699966430664,94.06999969482422,94.61000061035156,94.54000091552734,5611400.0,94.54000091552734,52.27938897327837,-1.5499954223632812,21.635291143870383,0.4120991669890657,0.6591387875202668,-50.1196702425975
2017-06-22,94.51000213623047,93.87000274658203,94.48999786376953,93.94999694824219,5846500.0,93.94999694824219,48.239201193085094,-2.1399993896484375,20.45687620319206,0.3236040391107906,0.5920318378383715,-72.46663744880894
2017-06-23,95.6500015258789,93.88999938964844,94.16000366210938,95.58000183105469,11637300.0,95.58000183105469,57.91554719530863,1.0200042724609375,19.729573976083852,0.380611333685664,0.5497477370078301,25.076079860899117
2017-06-26,96.2699966430664,95.0999984741211,95.80000305175781,95.22000122070312,6970800.0,95.22000122070312,55.45001269380503,1.720001220703125,19.560965239912743,0.39221971996346383,0.5182421335989569,86.82864121837393
2017-06-27,95.33999633789062,94.62999725341797,95.1500015258789,94.9000015258789,6283600.0,94.9000015258789,53.27880482319367,-0.18000030517578125,18.896058227591706,0.37131782791635715,0.48885727246243693,33.95017874347031
2017-06-28,96.4000015258789,94.66000366210938,95.1500015258789,96.2300033569336,5571300.0,96.2300033569336,60.246136084765965,0.910003662109375,19.101554862247188,0.45680717163405404,0.48244725229676033,143.2410613075118
2017-06-29,95.79000091552734,94.01000213623047,95.79000091552734,94.41999816894531,8872500.0,94.41999816894531,49.44055519445782,0.25,18.61264856228345,0.37419234420428893,0.46079627067826606,6.9391106933600915
2017-06-30,94.62000274658203,93.77999877929688,94.37999725341797,93.77999877929688,9036600.0,93.77999877929688,46.27977304250263,-0.3899993896484375,17.926788468767835,0.2541472449730833,0.4194664655372295,-100.64093132909656
2017-07-03,94.41000366210938,93.3499984741211,94.37999725341797,93.3499984741211,6197700.0,93.3499984741211,44.23362233429259,-1.44000244140625,16.861514517260613,0.12289653325399286,0.3601524790805822,-125.96585793946146
2017-07-05,94.4000015258789,93.72000122070312,93.75,94.01000213623047,9339600.0,94.01000213623047,48.031564159524784,-0.3699951171875,15.872331562289618,0.07131411354828288,0.3023848059741223,-72.0158128173811
2017-07-06,93.97000122070312,93.19000244140625,93.44999694824219,93.25,8215700.0,93.25,44.29094121737992,-1.2900009155273438,15.059885655755721,-0.030539110633242217,0.2358000226526494,-134.1910794497415
2017-07-07,94.41000366210938,93.5,93.5,93.91999816894531,6175800.0,93.91999816894531,48.126315779687005,-0.029998779296875,14.119688383436877,-0.05654347381533853,0.1773313233590518,-70.0179400421156
2017-07-10,95.37000274658203,94.1500015258789,94.1500015258789,95.08999633789062,8851800.0,95.08999633789062,54.07265344277666,-0.4900054931640625,14.127599887294165,0.017060294705046886,0.14527711762825082,42.898551686122005
2017-07-11,95.62999725341797,94.93000030517578,95.08000183105469,95.41000366210938,5554100.0,95.41000366210938,55.57272363797481,0.19000244140625,14.35163798476454,0.10006029539566441,0.13623375318173353,83.10937186349051
2017-07-12,96.44999694824219,95.62999725341797,95.9800033569336,96.18000030517578,5974800.0,96.18000030517578,59.03945029867609,1.279998779296875,15.193494330703118,0.2253727313335503,0.15406154881209688,135.88534428350854
2017-07-13,96.6500015258789,95.7699966430664,96.41999816894531,95.94000244140625,6721700.0,95.94000244140625,57.532542415103514,-0.29000091552734375,16.119775823255203,0.30183851131086215,0.18361694131184994,119.41532057368305
2017-07-14,97.37000274658203,96.12000274658203,96.13999938964844,96.93000030517578,6195800.0,96.93000030517578,61.85735033360283,2.5100021362304688,17.47262606074881,0.43728203163583146,0.23434995937664627,146.6932422666546
2017-07-17,97.29000091552734,96.58999633789062,97.11000061035156,96.83000183105469,5914900.0,96.83000183105469,61.17961349908649,3.0500030517578125,18.72884413842144,0.5304383925686977,0.2935676460150566,129.3202173465054
2017-07-18,97.75,96.61000061035156,96.8499984741211,97.58000183105469,7435000.0,97.58000183105469,64.33574778378201,4.230003356933594,20.203445453216364,0.6572083232987893,0.36629578147180314,125.87173278617118
2017-07-19,98.33000183105469,97.55000305175781,97.63999938964844,98.25,6390400.0,98.25,66.92288949497596,4.239997863769531,21.93099017800196,0.8024870879370951,0.45353404276486153,138.50991376753313
2017-07-20,99.13999938964844,97.93000030517578,99.11000061035156,98.11000061035156,8572900.0,98.11000061035156,65.84799251024255,4.8600006103515625,23.974697204487263,0.8959962874061347,0.5420264916931161,126.4867170755886
2017-07-21,100.48999786376953,99.08999633789062,99.5999984741211,99.5999984741211,17400200.0,99.5999984741211,71.15765498897875,5.680000305175781,26.457806105517033,1.0779079252691162,0.6492027784083161,156.3119737294347
2017-07-24,100.41999816894531,99.13999938964844,99.55000305175781,100.37000274658203,9186000.0,100.37000274658203,73.45451007598294,5.280006408691406,28.763550085044674,1.2695722795145628,0.7732766786295654,139.16856910512612
2017-07-25,100.8499984741211,99.80000305175781,100.6500015258789,99.98999786376953,6774900.0,99.98999786376953,70.4718785626215,4.579994201660156,31.074602450240402,1.3749548196304744,0.8936123068297472,127.06673176051628
2017-07-26,100.98999786376953,99.86000061035156,100.01000213623047,100.8499984741211,7205400.0,100.8499984741211,73.13093723011491,4.6699981689453125,33.27563554295085,1.5104545243119532,1.0169807503261885,119.00234224885551
2017-07-27,101.18000030517578,98.55000305175781,100.97000122070312,99.56999969482422,10543900.0,99.56999969482422,63.906634871728855,3.6299972534179688,33.39410319771521,1.4972939398955702,1.1130433882400648,76.2955997297911
2017-07-28,99.58999633789062,98.51000213623047,99.12000274658203,99.1500015258789,6558800.0,99.1500015258789,61.179775179219355,2.220001220703125,33.45162491358409,1.4364156344694834,1.1777178374859485,40.52164739438589
2017-07-31,100.0,99.13999938964844,99.5,99.55999755859375,7576600.0,99.55999755859375,62.846388391237696,2.7299957275390625,33.77153145992296,1.4050557837172306,1.2231854267322049,53.263980307957226
2017-08-01,101.06999969482422,99.95999908447266,100.36000061035156,100.87000274658203,6018100.0,100.87000274658203,67.62848018628577,3.2900009155273438,34.67798490763784,1.468975906714192,1.2723435227286024,93.48343116955755
2017-08-02,101.27999877929688,100.23999786376953,101.02999877929688,101.27999877929688,5955600.0,101.27999877929688,68.97442731506722,3.029998779296875,35.62765233630032,1.535021545213695,1.3248791272256208,101.17860382635469
2017-08-03,101.0999984741211,100.33000183105469,100.94000244140625,100.58999633789062,5697500.0,100.58999633789062,64.14098859825292,2.4799957275390625,36.50948637720119,1.5142306507610783,1.3627494319327123,80.16190826848612
2017-08-04,101.33999633789062,100.61000061035156,100.95999908447266,100.88999938964844,4618000.0,100.88999938964844,65.28020186341534,1.2900009155273438,37.46237203925575,1.5046171660650884,1.3911229787591874,94.96914449418891
2017-08-07,101.54000091552734,100.58999633789062,100.91999816894531,101.48999786376953,7047100.0,101.48999786376953,67.50376240736927,1.1199951171875,38.45951547570445,1.5278017253805558,1.418458728083461,107.7759899993006
2017-08-08,101.72000122070312,100.93000030517578,101.5,101.27999877929688,6283700.0,101.27999877929688,65.91267998930569,1.2900009155273438,39.48777348865337,1.5118033565628934,1.4371276537793476,107.18371400375095
2017-08-09,101.30000305175781,100.5999984741211,100.76000213623047,100.97000122070312,6902100.0,100.97000122070312,63.53209638130943,0.12000274658203125,39.84178116632468,1.457311343765923,1.4411643917766628,64.47963899010011
2017-08-10,100.87999725341797,99.43000030517578,100.54000091552734,99.48999786376953,8560800.0,99.48999786376953,53.58209252936679,-0.0800018310546875,38.37914466281336,1.2799476888132943,1.4089210511839891,-56.807313033185224
2017-08-11,100.30000305175781,99.52999877929688,99.55000305175781,100.08999633789062,5268200.0,100.08999633789062,56.55282622729837,0.9399948120117188,37.02098219526714,1.1742643879818644,1.361989718543564,-52.00567063022764
2017-08-14,102.11000061035156,100.75,100.9800033569336,101.87000274658203,5657600.0,101.87000274658203,63.92845446243213,2.3100051879882812,37.12786799176941,1.220076963944237,1.3336071676236987,118.00904412260039
2017-08-15,102.77999877929688,101.97000122070312,102.36000061035156,102.62999725341797,5386000.0,102.62999725341797,66.5402197323661,1.7599945068359375,37.606973240950325,1.3026923392299352,1.327424201944946,172.60644508435942
2017-08-16,103.93000030517578,102.63999938964844,102.76000213623047,103.31999969482422,13408300.0,103.31999969482422,68.75235434199158,2.0400009155273438,38.60485396216398,1.4076169181644644,1.3434627451888497,203.0938809106253
2017-08-17,103.52999877929688,102.16000366210938,103.33000183105469,102.16000366210938,7381600.0,102.16000366210938,61.40270635275578,1.57000732421875,38.89975946673889,1.3812462703534152,1.3510194502217627,122.89633968485805
2017-08-18,103.08999633789062,101.94000244140625,102.08000183105469,102.51000213623047,5670900.0,102.51000213623047,62.69839546199131,1.6200027465820312,38.88820732645011,1.3727649143589389,1.355368543049198,95.03520810011418
2017-08-21,103.3499984741211,102.33000183105469,102.62000274658203,103.22000122070312,5395000.0,103.22000122070312,65.24705535139069,1.7300033569335938,39.028016651715625,1.4071140363228096,1.3657176417039203,107.15693366575465
2017-08-22,104.19999694824219,103.13999938964844,103.44000244140625,104.06999969482422,5481000.0,104.06999969482422,68.06061401167015,2.7900009155273438,39.61431027776283,1.485796400055463,1.3897333933742289,133.01013469866024
2017-08-23,103.97000122070312,102.98999786376953,103.7699966430664,103.18000030517578,5057200.0,103.18000030517578,62.36715083658183,2.2099990844726562,39.94714527446439,1.4595128716113237,1.403689289021648,89.77971668176288
2017-08-24,103.5,102.63999938964844,103.31999969482422,103.22000122070312,4082300.0,103.22000122070312,62.518910991072914,3.7300033569335938,39.76031484526742,1.4254786944779312,1.4080471701129045,64.56447804411356
2017-08-25,103.87999725341797,103.16000366210938,103.6500015258789,103.3499984741211,4467400.0,103.3499984741211,63.04054411055026,3.2600021362304688,39.82526693176629,1.3929391207061599,1.4050255602315556,76.54792789415959
2017-08-28,103.83000183105469,103.26000213623047,103.6500015258789,103.77999877929688,3919900.0,103.77999877929688,64.78630142350646,1.9099960327148438,39.885579583515245,1.385873221204335,1.4011950924261114,79.08220165588787
2017-08-29,104.06999969482422,102.63999938964844,102.91999816894531,103.7699966430664,7135300.0,103.7699966430664,64.70973530886369,1.1399993896484375,39.021553933013635,1.3637459418246465,1.3937052623058184,65.27011650824379
2017-08-30,104.0,103.5199966430664,103.69999694824219,103.7300033569336,8712700.0,103.7300033569336,64.38209484369271,0.410003662109375,38.219244400404996,1.3276781423704307,1.3804998383187408,80.53109647541422
2017-08-31,104.19000244140625,103.02999877929688,104.05999755859375,103.5199966430664,13766000.0,103.5199966430664,62.5899893930153,1.3599929809570312,36.76749238982783,1.2675369873628028,1.3579072681275532,62.511734927235274
2017-09-01,104.08000183105469,103.44000244140625,104.04000091552734,103.9000015258789,4466800.0,103.9000015258789,64.51479324192739,1.3899993896484375,35.41943695143474,1.2362867626967216,1.333583167041387,91.37969339003457
2017-09-05,103.45999908447266,102.26000213623047,103.4000015258789,103.01000213623047,6337500.0,103.01000213623047,57.10421604213579,-0.20999908447265625,33.10855407759374,1.1267171280980932,1.292209959252728,-76.60385693089624
2017-09-06,103.75,103.0999984741211,103.33999633789062,103.18000030517578,6372200.0,103.18000030517578,58.09437354281665,-0.8899993896484375,30.85545021750085,1.041592999048106,1.2420865672118038,5.979871994468753
2017-09-07,105.44000244140625,103.61000061035156,103.70999908447266,104.55999755859375,6508600.0,104.55999755859375,65.1307752585909,1.3799972534179688,30.310143528672747,1.0731155506457242,1.2082923638985879,206.07889367089024
2017-09-08,104.7699966430664,104.05999755859375,104.33000183105469,104.43000030517578,5787200.0,104.43000030517578,64.03991363411305,1.2099990844726562,29.80378731761808,1.0752133181416212,1.1816765547471946,160.45349859644094
2017-09-11,106.1500015258789,105.1500015258789,105.4800033569336,106.1500015258789,6956000.0,106.1500015258789,70.96833924624767,2.8000030517578125,30.27921323195662,1.2018117995333455,1.1857036037044248,275.21715239766064
2017-09-12,106.63999938964844,105.76000213623047,106.63999938964844,106.20999908447266,5212400.0,106.20999908447266,71.17695313892136,2.4300003051757812,31.001410763650654,1.2920889129954816,1.2069806655626363,203.83939766341004
2017-09-13,106.26000213623047,105.23999786376953,106.26000213623047,105.83000183105469,6215700.0,105.83000183105469,67.85141583800188,2.0600051879882812,31.009943359473787,1.3177810140051776,1.2291407352511445,125.95026853090769
2017-09-14,106.83999633789062,105.5,105.5,106.08000183105469,8154000.0,106.08000183105469,68.88152894996749,2.3499984741210938,31.379375107837557,1.3428357254628622,1.2518797332934881,122.85936750346237
2017-09-15,106.13999938964844,104.94999694824219,105.73999786376953,105.30000305175781,12622900.0,105.30000305175781,62.18642600200586,1.7800064086914062,31.043445565381862,1.2849403890773914,1.2584918644502687,64.91714655498453
2017-09-18,105.5199966430664,104.62000274658203,105.3499984741211,104.83000183105469,7330300.0,104.83000183105469,58.496848029001455,0.9300003051757812,30.34103331483144,1.1874446248551607,1.2442824165312472,27.345285236961978
2017-09-19,105.93000030517578,104.83000183105469,105.12999725341797,105.41000366210938,9754400.0,105.41000366210938,61.53015649309603,2.4000015258789062,29.996020612096086,1.143794874453448,1.2241849081156873,46.319373438191455
2017-09-20,105.7699966430664,104.45999908447266,105.5,104.97000122070312,8198600.0,104.97000122070312,58.063211474828144,1.7900009155273438,29.22398355117746,1.0614617427792012,1.19164027504839,18.443208653480728
2017-09-21,105.61000061035156,104.6500015258789,105.0,105.30999755859375,4777600.0,105.30999755859375,59.94147995852224,0.75,28.507091994610164,1.0119815128059884,1.1557085225999097,21.29618632514169
2017-09-22,105.68000030517578,105.05999755859375,105.20999908447266,105.55999755859375,4959400.0,105.55999755859375,61.313536428555295,1.1299972534179688,27.904517651690703,0.9816254179517045,1.1208919016702688,35.6057699492403
2017-09-25,105.6500015258789,102.75,105.5,103.0199966430664,9395300.0,103.0199966430664,44.59938020633695,-3.1300048828125,26.877626989935635,0.7440343826482803,1.0455203978658711,-135.06047716698237
2017-09-26,104.0199966430664,102.87999725341797,103.11000061035156,102.94000244140625,6263600.0,102.94000244140625,44.19080750373455,-3.2699966430664062,25.924085661163065,0.5430272319772911,0.9450217646881551,-187.55581533533748
2017-09-27,104.12000274658203,102.9000015258789,103.06999969482422,103.88999938964844,8337400.0,103.88999938964844,50.04380406886858,-1.94000244140625,24.926300183222903,0.45513788493555296,0.8470449887376347,-129.1196895894673
2017-09-28,104.9800033569336,103.73999786376953,103.75,104.58000183105469,5947800.0,104.58000183105469,53.83114768934967,-1.5,23.201320422453886,0.4361348831781555,0.7648629676257388,-56.19950707802604
2017-09-29,105.43000030517578,104.69000244140625,104.75,105.23999786376953,7676300.0,105.23999786376953,57.1755072119068,-0.06000518798828125,22.02637677539206,0.46892554955996957,0.705675484012585,12.081482903597724
2017-10-02,105.98999786376953,105.0999984741211,105.54000091552734,105.44000244140625,4885600.0,105.44000244140625,58.16449780434132,0.6100006103515625,21.432780053656867,0.5052271428095025,0.6655858157719685,56.9579959880658
2017-10-03,105.9000015258789,105.29000091552734,105.6500015258789,105.58999633789062,4411100.0,105.58999633789062,58.9305132780227,0.17999267578125,20.881583097759904,0.539876312820752,0.6404439151817252,67.45112342979502
2017-10-04,105.73999786376953,104.9000015258789,105.70999908447266,105.30999755859375,4146800.0,105.30999755859375,56.8383236223591,0.339996337890625,19.907676298051918,0.5385345768706031,0.6200620475195008,47.67071552048581
2017-10-05,106.25,105.1500015258789,105.5999984741211,106.23999786376953,4396100.0,106.23999786376953,61.701839897809585,0.9300003051757812,19.494748229805634,0.6055342716032186,0.6171564923362444,102.26877321365386
2017-10-06,106.95999908447266,105.87000274658203,106.29000091552734,106.7300033569336,4587000.0,106.7300033569336,64.00336897889207,1.1700057983398438,19.725153641104843,0.6902149917560791,0.6317681922202113,143.74187160443503
2017-10-09,107.6500015258789,106.54000091552734,106.5999984741211,107.01000213623047,4787000.0,107.01000213623047,65.28708657529997,3.9900054931640625,20.462435812035267,0.7710306723695197,0.659620688250073,165.59810711215655
2017-10-10,107.5999984741211,106.81999969482422,107.58000183105469,107.30999755859375,4015600.0,107.30999755859375,66.65900827348362,4.3699951171875,21.147054970756376,0.8494923854902936,0.6975950276981171,145.76448408611958
2017-10-11,108.58999633789062,107.5999984741211,107.69999694824219,108.44000244140625,6473100.0,108.44000244140625,71.2657009710537,4.5500030517578125,22.463628035099124,0.9914272523991343,0.7563614726383205,168.43736203979583
2017-10-12,108.70999908447266,107.9000015258789,108.5,108.11000061035156,6496100.0,108.11000061035156,68.29787367751882,3.529998779296875,23.76158613361485,1.0650065347945912,0.8180904850695747,132.4398303158899
2017-10-13,109.26000213623047,108.4000015258789,108.5,108.66000366210938,5154600.0,108.66000366210938,70.50269705385499,3.4200057983398438,25.30356748005779,1.1543921814293157,0.8853508243415229,130.58930999670244
2017-10-16,109.05000305175781,107.16000366210938,108.79000091552734,108.30000305175781,5552200.0,108.30000305175781,67.2079007927315,2.8600006103515625,25.057220380410275,1.182550207095943,0.9447907008924069,87.78183668060346
2017-10-17,108.41999816894531,107.30000305175781,108.25,107.54000091552734,5979400.0,107.54000091552734,60.753036957772665,1.9500045776367188,24.82846950216615,1.1305080316414973,0.981934167042225,57.43088911920193
2017-10-18,108.0,107.45999908447266,107.62000274658203,107.80000305175781,4817300.0,107.80000305175781,62.09431224265294,2.4900054931640625,24.616057972368033,1.0975918761939596,1.0050657088725719,49.363690201537835
2017-10-19,107.77999877929688,106.9000015258789,107.2699966430664,107.0199966430664,10840200.0,107.0199966430664,55.92004637256143,0.779998779296875,23.691550551537382,0.9970719625295459,1.0034669596039667,10.034485585542024
2017-10-20,107.69999694824219,106.97000122070312,107.69999694824219,107.55000305175781,7848900.0,107.55000305175781,58.90982562136915,0.8199996948242188,22.833079375051778,0.9492341144826213,0.9926203905796976,14.68112257506158
2017-10-23,108.2300033569336,107.0999984741211,108.05000305175781,107.52999877929688,6316700.0,107.52999877929688,58.74786240720364,0.5199966430664062,22.565957840275534,0.8993410537995885,0.9739645232236758,23.463144468489556
2017-10-24,108.63999938964844,107.18000030517578,107.55999755859375,108.41000366210938,10511200.0,108.41000366210938,63.50173825159443,1.100006103515625,22.69591980853051,0.9202019678044877,0.9632120121398382,58.57306444297423
2017-10-25,110.61000061035156,108.0,109.41000366210938,109.48999786376953,13261300.0,109.48999786376953,68.32594651855949,1.0499954223632812,24.182383654329403,1.0122127402449763,0.9730121577608658,183.74235984267514
2017-10-26,110.73999786376953,109.66999816894531,110.37999725341797,109.80000305175781,7380100.0,109.80000305175781,69.5693093970679,1.69000244140625,25.633906466432762,1.09749552293394,0.9979088307954807,211.37517488220783
2017-10-27,110.12999725341797,108.69000244140625,110.06999969482422,109.70999908447266,7862700.0,109.70999908447266,68.72579711287179,1.0499954223632812,25.687907399684324,1.1446256427736756,1.0272521931911196,124.54124522103045
2017-10-30,110.23999786376953,108.91999816894531,109.66999816894531,110.04000091552734,5148600.0,110.04000091552734,70.15465709241624,1.7399978637695312,25.816531980623918,1.1948317158630317,1.060768097725502,114.53912658163689
2017-10-31,110.69000244140625,108.66000366210938,110.58000183105469,109.9800033569336,8002500.0,109.9800033569336,69.53265173178322,2.44000244140625,26.255549082692905,1.2157645124313916,1.0917673806666799,96.24466825531957
2017-11-01,111.4000015258789,110.41999816894531,110.5,111.06999969482422,6167300.0,111.06999969482422,74.03644035672986,3.2699966430664062,27.124362212686172,1.3052612602020872,1.1344661565737613,147.06155873779826
2017-11-02,111.37000274658203,110.19999694824219,111.0199966430664,110.9800033569336,5506600.0,110.9800033569336,73.0759297293733,3.9600067138671875,27.62765233010092,1.3533258275388107,1.178238090766771,113.2527373737705
2017-11-03,111.41999816894531,110.51000213623047,110.94000244140625,111.36000061035156,3757600.0,111.36000061035156,74.57576917296139,3.80999755859375,28.130050082058336,1.4058739067500596,1.2237652539634287,108.13664615521739
2017-11-06,112.1500015258789,111.19999694824219,111.36000061035156,111.91999816894531,4094700.0,111.91999816894531,76.64091289268951,4.3899993896484375,29.08629406126608,1.475694869133875,1.274151176997518,126.76171629215267
2017-11-07,112.47000122070312,111.55999755859375,112.25,112.08999633789062,3697900.0,112.08999633789062,77.245166041538,3.67999267578125,30.171397858929904,1.5271419742890942,1.3247493364558331,124.40588924825171
2017-11-08,112.91000366210938,111.81999969482422,112.01000213623047,112.47000122070312,4417800.0,112.47000122070312,78.57908860193274,2.9800033569335938,31.438997467900943,1.5803599877913115,1.3758714667229288,124.13629251136804
2017-11-09,112.22000122070312,110.93000030517578,111.80000305175781,112.13999938964844,4334700.0,112.13999938964844,74.49499311667095,2.339996337890625,31.299888609820638,1.5777202797924872,1.4162412293368405,78.41809594224647
2017-11-10,111.9800033569336,111.27999877929688,111.70999908447266,111.87999725341797,4198900.0,111.87999725341797,71.3485540478572,2.1699981689453125,31.170716098746063,1.536931503059435,1.4403792840813594,67.21987874163138
2017-11-13,111.86000061035156,111.33999633789062,111.55000305175781,111.4000015258789,7185600.0,111.4000015258789,65.82136563637143,1.3600006103515625,31.050770195605388,1.4491693378602264,1.4421372948371327,48.74201271394842
2017-11-14,112.04000091552734,110.80999755859375,111.08000183105469,111.9800033569336,5679600.0,111.9800033569336,68.95132592692165,2.0,30.155080631062173,1.4101630087670856,1.4357424376231234,47.26647857093048
2017-11-15,111.87000274658203,110.13999938964844,111.33999633789062,110.25,6895100.0,110.25,53.2787491414106,-0.8199996948242188,28.447289804468586,1.2255262950069152,1.3936992090998817,-32.58768516452763
2017-11-16,111.44000244140625,110.56999969482422,110.75,111.0199966430664,5655100.0,111.0199966430664,57.8689018362199,0.0399932861328125,26.861484036917396,1.128326023046185,1.3406245718891423,-22.085017422425697
2017-11-17,110.91000366210938,109.69999694824219,110.69000244140625,109.81999969482422,8812400.0,109.81999969482422,49.677659236073254,-1.5400009155273438,25.519976839243423,0.9435872953192188,1.2612171165751576,-124.87512153847364
2017-11-20,110.68000030517578,109.69000244140625,109.94999694824219,109.94999694824219,6873200.0,109.94999694824219,50.49516511122073,-1.970001220703125,24.285226260377772,0.798465995574233,1.1686668923749726,-137.2185263751184
2017-11-21,111.48999786376953,110.30000305175781,110.44999694824219,111.44999694824219,6456500.0,111.44999694824219,58.81015892235234,-0.6399993896484375,22.943590734872675,0.7953257636307285,1.0939986666261237,-23.460584776504447
2017-11-22,111.66000366210938,110.69999694824219,111.5,110.81999969482422,4067600.0,110.81999969482422,54.6577675175721,-1.6500015258789062,21.88600711905396,0.7335457353267714,1.0219080803662532,-28.428763515848757
2017-11-24,112.16000366210938,111.13999938964844,111.30999755859375,111.97000122070312,3045600.0,111.97000122070312,60.1842106377871,-0.1699981689453125,21.436464402907202,0.7685210971493177,0.9712306837228661,50.500248183593804
2017-11-27,112.54000091552734,111.91000366210938,112.0,112.37999725341797,6620500.0,112.37999725341797,61.96413686426327,0.5,21.394547844210702,0.8198716072023586,0.9409588684187646,102.77522109343727
2017-11-28,113.62000274658203,112.55999755859375,112.5999984741211,113.36000061035156,6671300.0,113.36000061035156,65.88939876363425,1.9599990844726562,22.260836161852406,0.9289371280853231,0.9385545203520763,175.49684832533353
2017-11-29,113.62000274658203,106.9000015258789,113.62000274658203,109.86000061035156,14505400.0,109.86000061035156,47.167700810109885,-2.1200027465820312,22.803617052259455,0.7245988652091739,0.8957633893234959,-114.02637118783305
2017-11-30,112.58999633789062,110.02999877929688,110.5,112.58999633789062,18533300.0,112.58999633789062,57.34775691835373,2.339996337890625,23.307627879066,0.774024684637439,0.8714156483862845,43.573319395048465
2017-12-01,112.44000244140625,109.76000213623047,112.37999725341797,110.7300033569336,13101800.0,110.7300033569336,50.24427519175906,-0.2899932861328125,23.90384330009923,0.6555523146585784,0.8282429816407433,-26.312691006325007
2017-12-04,111.44999694824219,106.97000122070312,111.33000183105469,107.43000030517578,18909100.0,107.43000030517578,40.62869624905661,-2.3899993896484375,25.53953486759227,0.29201329342770066,0.7209970439981348,-205.4712753175989
2017-12-05,109.23999786376953,106.5999984741211,108.88999938964844,108.58000183105469,12081500.0,108.58000183105469,44.60712442137708,-1.3699951171875,27.174985463862225,0.09559950058554989,0.5959175353156179,-181.07194534384254
2017-12-06,110.16999816894531,108.26000213623047,108.48999786376953,109.73999786376953,7532100.0,109.73999786376953,48.36564121115894,-1.7099990844726562,27.880518989393643,0.033159893412005204,0.48336600693489534,-79.65626870386413
2017-12-07,111.41000366210938,109.44999694824219,109.7699966430664,111.4000015258789,7384900.0,111.4000015258789,53.25380832308658,0.5800018310546875,27.56459373231044,0.11628402729431286,0.40994961100677885,5.361799502129263
2017-12-08,112.61000061035156,111.81999969482422,112.12999725341797,112.5999984741211,7594900.0,112.5999984741211,56.462489919585124,0.6299972534179688,26.445015435008425,0.2758108513947093,0.3831218590843649,90.70831767026921
2017-12-11,113.3499984741211,112.16000366210938,112.5,112.37000274658203,7538600.0,112.37000274658203,55.673711763817344,-0.0099945068359375,24.93725094774133,0.3793058737620498,0.3823586620199019,94.3443157247312
2017-12-12,113.7300033569336,112.0,112.37000274658203,113.45999908447266,8754400.0,113.45999908447266,58.6238025309992,0.09999847412109375,23.301096229432485,0.5430204182546561,0.4144910132668527,99.85122489922792
2017-12-13,114.37000274658203,113.19000244140625,113.75,113.30999755859375,8088900.0,113.30999755859375,58.05121661734087,3.4499969482421875,21.884086598002764,0.6531325987043459,0.46221933035435137,107.35208426050337
2017-12-14,114.08999633789062,112.91999816894531,113.55000305175781,112.91999816894531,9815600.0,112.91999816894531,56.50591409474899,0.3300018310546875,20.391811920791987,0.700848656592342,0.5099451956019495,82.02169075390648
2017-12-15,114.19999694824219,112.38999938964844,113.97000122070312,113.81999969482422,16388000.0,113.81999969482422,59.204745971763515,3.089996337890625,19.211036086301256,0.8020411466705326,0.5683643858156662,81.38859692034627
2017-12-18,114.75,113.25,114.69000244140625,113.55000305175781,8961800.0,113.55000305175781,58.041204566756356,6.120002746582031,17.941148274260904,0.8506447483199935,0.6248204583165317,92.8981501241514
2017-12-19,113.27999877929688,112.08000183105469,113.27999877929688,112.13999938964844,7899400.0,112.13999938964844,52.264517696824555,3.55999755859375,17.31481997521986,0.766551611343516,0.6531666889219285,32.583875703105335
2017-12-20,113.0999984741211,111.98999786376953,112.72000122070312,112.12000274658203,6201900.0,112.12000274658203,52.1851924856454,2.3800048828125,16.788940842314677,0.6903358702615634,0.6606005251898555,25.82224742356176
2017-12-21,113.0999984741211,112.31999969482422,112.5999984741211,112.41000366210938,8866400.0,112.41000366210938,53.292374536669364,1.0100021362304688,16.30062450461701,0.6458895835270368,0.6576583368572917,30.57259555118843
2017-12-22,113.11000061035156,112.25,112.38999938964844,112.69000244140625,6190100.0,112.69000244140625,54.390503521902254,0.09000396728515625,15.896624860947773,0.6260425141088319,0.6513351723075997,27.27798762618746
2017-12-26,113.44000244140625,112.06999969482422,112.06999969482422,112.98999786376953,3948900.0,112.98999786376953,55.59509472457565,0.6199951171875,15.224664175741102,0.6272896869855487,0.6465260752431895,26.585995504196347
2017-12-27,114.06999969482422,112.6500015258789,112.69000244140625,114.0199966430664,7073100.0,114.0199966430664,59.54563557789216,0.55999755859375,14.21889423589344,0.703283361098002,0.657877532414152,89.37255814988636
2017-12-28,114.91999816894531,113.98999786376953,114.30000305175781,114.3499984741211,6937100.0,114.3499984741211,60.75046199535707,1.0400009155273438,13.951012203432649,0.7811328716565811,0.6825286002626378,167.7337030217365
2017-12-29,114.88999938964844,114.0199966430664,114.75,114.0199966430664,5249000.0,114.0199966430664,58.86254532916485,1.0999984741210938,13.702264601861913,0.8068993464356424,0.7074027494972388,127.97837524696611
2018-01-02,115.08000183105469,113.94999694824219,114.56999969482422,114.51000213623047,6080900.0,114.51000213623047,60.810044528530895,0.69000244140625,13.623934149990687,0.8569800785926134,0.7373182153163137,127.67383436797128
2018-01-03,115.79000091552734,114.66000366210938,114.94999694824219,115.6500015258789,6946100.0,115.6500015258789,64.96554717768024,2.0999984741210938,14.098281502909682,0.9773910869656959,0.7853327896461901,173.61317410717533
2018-01-04,117.36000061035156,116.02999877929688,116.25,116.08000183105469,7805300.0,116.08000183105469,66.41224746147995,3.94000244140625,15.522140506765966,1.0948938547709872,0.8472450026711495,196.9756896991412
2018-01-05,119.0,116.41999816894531,116.98999786376953,118.86000061035156,8590500.0,118.86000061035156,73.91250439887315,6.739997863769531,17.61067941728697,1.3962432893797683,0.9570446600128732,214.96767456285886
2018-01-08,120.4800033569336,118.06999969482422,118.61000061035156,119.33999633789062,6660700.0,119.33999633789062,74.95251271313093,6.92999267578125,20.088585519719693,1.6547219267900033,1.0965801133682993,198.62909632097845
2018-01-09,119.97000122070312,118.66000366210938,119.97000122070312,119.11000061035156,6562400.0,119.11000061035156,73.44168775228741,6.4199981689453125,22.389498329121512,1.8200292122873236,1.2412699331521042,144.6262970179178
2018-01-10,119.05000305175781,117.45999908447266,118.69000244140625,118.9800033569336,7490300.0,118.9800033569336,72.55151654876232,5.9900054931640625,23.288594254809357,1.918432242392484,1.3767023950001802,98.29086244959962
2018-01-11,119.9800033569336,118.68000030517578,118.80000305175781,119.83999633789062,5982100.0,119.83999633789062,74.73336097932976,5.819999694824219,24.526179285992225,2.0422695864840676,1.5098158332969578,105.95658903602717
2018-01-12,120.3499984741211,119.70999908447266,120.12000274658203,120.08999633789062,5585800.0,120.08999633789062,75.34685115197118,5.739997863769531,25.827300889889756,2.1359624391315037,1.635045154463867,103.22702588649298
2018-01-16,121.94000244140625,119.91000366210938,121.18000030517578,120.38999938964844,8803800.0,120.38999938964844,76.09689189844892,6.370002746582031,27.617043807254777,2.2089589353444268,1.7498279106399788,105.17939459432554
2018-01-17,122.16000366210938,120.7300033569336,121.19999694824219,121.9800033569336,7991500.0,121.9800033569336,79.63349404927214,7.470001220703125,29.351740632622043,2.3678145245215205,1.873425233416287,114.20861911704947
2018-01-18,123.19999694824219,122.02999877929688,122.5199966430664,123.11000061035156,8661000.0,123.11000061035156,81.7051796335096,7.459999084472656,31.290748931011674,2.555432621448361,2.009826711022702,132.77596065614907
2018-01-19,123.6500015258789,121.91999816894531,123.05000305175781,122.69999694824219,8250700.0,122.69999694824219,78.58180314461625,6.6199951171875,33.22369342289264,2.64059827281595,2.1359810233813517,118.51609475899703
2018-01-22,124.33000183105469,122.4000015258789,122.87000274658203,124.33000183105469,9355000.0,124.33000183105469,81.59421855972937,5.470001220703125,35.21152088143734,2.8072600897776994,2.2702368366606214,132.62862957200667
2018-01-23,125.51000213623047,124.20999908447266,124.5999984741211,124.6500015258789,5683300.0,124.6500015258789,82.12572167425552,5.310005187988281,37.3581019866805,2.931371060605187,2.4024636814495346,141.29685973798084
2018-01-24,125.44999694824219,123.70999908447266,125.05000305175781,124.55000305175781,6425200.0,124.55000305175781,81.33529949938159,5.44000244140625,38.796398684365826,2.9872259764449325,2.519416140448614,115.15648552406321
2018-01-25,125.47000122070312,124.62999725341797,125.0,125.22000122070312,7166400.0,125.22000122070312,82.54731217887793,6.239997863769531,40.13809735951121,3.050391636503676,2.6256112396596265,113.21805132586813
2018-01-26,126.37999725341797,124.76000213623047,125.7699966430664,126.31999969482422,5604900.0,126.31999969482422,84.34473299521092,6.480003356933594,41.656984613988584,3.1528672696818205,2.7310624456640653,115.67921827920703
2018-01-29,126.87999725341797,124.69000244140625,126.73999786376953,124.83999633789062,6257900.0,124.83999633789062,73.39268092766204,4.75,43.20693539750431,3.079161389485577,2.8006822344283675,92.06441432048453
2018-01-30,124.29000091552734,122.83999633789062,123.81999969482422,123.55000305175781,8154400.0,123.55000305175781,65.41913070800754,3.160003662109375,42.68770990261011,2.8834190116404983,2.8172295898707937,26.822753216004212
2018-01-31,124.4800033569336,123.04000091552734,123.77999877929688,124.2300033569336,7338200.0,124.2300033569336,67.42799158586496,2.25,42.28897160594547,2.7514451614723043,2.8040727041910958,30.14698565828952
2018-02-01,126.26000213623047,124.0999984741211,124.73999786376953,125.72000122070312,11169700.0,125.72000122070312,71.35469919001652,2.6100006103515625,42.6164860741681,2.7355515738466636,2.7903684781222093,82.56769154928564
2018-02-02,123.72000122070312,120.69999694824219,123.72000122070312,120.91000366210938,13937700.0,120.91000366210938,50.28130607502405,-1.7899932861328125,40.3803384589732,2.3082214469718423,2.693939071892136,-99.76064777893659
2018-02-05,121.12999725341797,115.01000213623047,118.69999694824219,116.2699966430664,16623900.0,116.2699966430664,38.47635321736624,-8.060005187988281,39.10367769887413,1.5769711130354693,2.4705454801208027,-255.29975550937533
2018-02-06,120.30000305175781,113.25,115.19999694824219,119.97000122070312,19053300.0,119.97000122070312,48.799264874602684,-4.680000305175781,38.42690318758877,1.2812400642867061,2.2326843969539834,-186.734513468563
2018-02-07,122.45999908447266,119.20999908447266,120.08999633789062,119.6500015258789,9294000.0,119.6500015258789,48.04838422181795,-4.900001525878906,36.795617179345335,1.0094138816139662,1.98803029388598,-81.34174052614928
2018-02-08,119.81999969482422,113.54000091552734,119.52999877929688,113.86000061035156,12673400.0,113.86000061035156,36.96520206949032,-11.360000610351562,36.69419056540204,0.3230609431631706,1.6550364237414181,-163.31045001246375
2018-02-09,117.20999908447266,111.0199966430664,114.55000305175781,116.31999969482422,17695500.0,116.31999969482422,42.98291780241666,-10.0,37.06566412459774,-0.02212232601456776,1.319604673790221,-141.1744550701006
2018-02-12,118.83999633789062,116.87999725341797,117.79000091552734,118.47000122070312,11526300.0,118.47000122070312,47.68376655902296,-6.3699951171875,36.74515893951928,-0.12080285876444918,1.0315231672792868,-64.97630890135926
2018-02-13,118.80000305175781,117.12999725341797,117.8499984741211,118.3499984741211,7803900.0,118.3499984741211,47.448623583357794,-5.200004577636719,36.44754698194642,-0.2063128643925296,0.7839559609449236,-55.242545156087054
2018-02-14,120.94999694824219,117.5,117.62000274658203,120.83000183105469,9206400.0,120.83000183105469,52.645781317568705,-3.4000015258789062,35.3068750458741,-0.07312171366891107,0.6125404260221566,-17.13812501990318
2018-02-15,122.30999755859375,119.97000122070312,121.69999694824219,122.27999877929688,6921300.0,122.27999877929688,55.42168837555524,-3.44000244140625,33.74394836883768,0.14773289560302771,0.5195789199383308,28.869718748615178
2018-02-16,122.98999786376953,121.56999969482422,121.62999725341797,121.8499984741211,6371400.0,121.8499984741211,54.403197758222596,0.9399948120117188,32.045099378840355,0.28478154922824217,0.4726194457963131,53.10199846957183
2018-02-20,123.05000305175781,121.0199966430664,121.3499984741211,122.01000213623047,6182800.0,122.01000213623047,54.73652515770906,5.7400054931640625,30.634335326554293,0.40167430161879736,0.45843041696080994,55.3921667342727
2018-02-21,122.83000183105469,120.41000366210938,122.05000305175781,120.43000030517578,7676100.0,120.43000030517578,50.78820937269569,0.45999908447265625,29.5125007221345,0.3626394253549563,0.4392722186396392,42.44035107751284
2018-02-22,121.37999725341797,119.62000274658203,120.66999816894531,120.37999725341797,4994000.0,120.37999725341797,50.66365620180444,0.7299957275390625,28.715112075104543,0.3239350546336084,0.41620478583843307,35.16246056664478
2018-02-23,122.95999908447266,121.22000122070312,121.56999969482422,122.93000030517578,5036900.0,122.93000030517578,56.51980666212073,9.069999694824219,27.300963346760476,0.49333859674845826,0.4316315480204381,94.60432666279394
2018-02-26,124.5999984741211,123.31999969482422,123.58000183105469,124.58999633789062,6270500.0,124.58999633789062,59.860014630558126,8.269996643066406,25.351445166806705,0.7528614133028952,0.49587752107692956,131.81679382404195
2018-02-27,125.30000305175781,123.3499984741211,124.69999694824219,123.37000274658203,7287200.0,123.37000274658203,56.42902228369471,4.900001525878906,23.798937695039715,0.8502902119998055,0.5667600592615047,112.13953773682674
2018-02-28,124.9800033569336,122.87999725341797,123.6500015258789,122.94000244140625,6780900.0,122.94000244140625,55.227493547177666,4.590003967285156,22.168345919007148,0.8826313807996087,0.6299343235691255,85.7696503560999
2018-03-01,124.0,119.62000274658203,123.26000213623047,120.4000015258789,8819600.0,120.4000015258789,48.639267987928186,-0.43000030517578125,21.670788304472374,0.6952902704348816,0.6430055129422767,12.56333845409323
2018-03-02,120.9800033569336,117.86000061035156,119.08999633789062,120.7699966430664,7581900.0,120.7699966430664,49.582761639165376,-1.5100021362304688,21.724789020495997,0.5701047913728132,0.628425368628384,-64.83768452395219
2018-03-05,122.30999755859375,119.44000244140625,120.44999694824219,121.87999725341797,5810200.0,121.87999725341797,52.40737706114792,0.029998779296875,21.20795256550822,0.5540751366214778,0.6135553222270028,-18.004966171816157
2018-03-06,123.23999786376953,120.66999816894531,122.83000183105469,121.05999755859375,7464400.0,121.05999755859375,50.17118161465053,-0.9500045776367188,20.3473438343003,0.46978896266654147,0.5848020503149105,-9.655195576812238
2018-03-07,122.23999786376953,119.69999694824219,120.02999877929688,121.8499984741211,7254100.0,121.8499984741211,52.28361701806609,1.4199981689453125,19.87062958503056,0.4614190821722133,0.560125456686371,-44.92532938112582
2018-03-08,122.81999969482422,121.16999816894531,121.95999908447266,122.22000122070312,6948900.0,122.22000122070312,53.28256725566608,1.8400039672851562,19.176217684627666,0.47911903499178266,0.5439241723474534,7.869553053763715
2018-03-09,124.79000091552734,122.87000274658203,123.25,124.51000213623047,6397700.0,124.51000213623047,59.0031725108346,1.5800018310546875,17.88297867025872,0.6702046091233456,0.5691802597026319,118.4453613364212
2018-03-12,124.9800033569336,123.4800033569336,124.75,124.23999786376953,8636000.0,124.23999786376953,58.09981957738587,-0.34999847412109375,16.756092357074273,0.7907390673022121,0.6134920212225479,103.60551030959074
2018-03-13,125.0,122.9000015258789,124.25,123.19999694824219,9479500.0,123.19999694824219,54.63034426523491,-0.17000579833984375,15.651417222764694,0.793200588941005,0.6494337347662393,64.52198330971963
2018-03-14,124.04000091552734,121.9000015258789,124.04000091552734,122.58000183105469,7855000.0,122.58000183105469,52.61326259724818,-0.3600006103515625,15.035871642047265,0.7366315086380126,0.666873289540594,13.365096263622956
2018-03-15,124.41999816894531,122.69999694824219,123.12999725341797,123.41000366210938,5861900.0,123.41000366210938,55.00822205102958,3.0100021362304688,14.286494469900655,0.7501273153378918,0.6835240947000536,44.63473867357099
2018-03-16,125.05000305175781,123.33000183105469,123.8499984741211,124.52999877929688,9447100.0,124.52999877929688,58.0865608546212,3.7600021362304688,13.292936739493845,0.8414968334642907,0.715118642452901,86.24156460265007
2018-03-19,124.30999755859375,122.27999877929688,123.94000244140625,123.20999908447266,17387800.0,123.20999908447266,53.44530799075794,1.3300018310546875,12.845535505928177,0.7981938098056673,0.7317336759234543,34.91999065028651
2018-03-20,125.16999816894531,123.30000305175781,123.37999725341797,124.91000366210938,7779700.0,124.91000366210938,58.08981947690622,3.850006103515625,12.004841141240387,0.8907836144452261,0.7635436636278087,93.60667052804314
2018-03-21,125.44000244140625,123.06999969482422,124.9000015258789,123.22000122070312,7359500.0,123.22000122070312,52.48415945987627,1.3700027465820312,11.203785136005887,0.8183590943846042,0.7745067497791678,57.219978203102954
2018-03-22,122.68000030517578,119.69999694824219,122.19999694824219,119.98999786376953,10501500.0,119.98999786376953,43.787086696618594,-2.2300033569335938,11.778309742499404,0.49462612176822063,0.7185306241769783,-128.16364068905932
2018-03-23,120.33000183105469,116.76000213623047,119.88999938964844,117.0,10024300.0,117.0,37.579185356966654,-7.510002136230469,13.21957849649316,-0.0031659356167494934,0.5741913122182327,-223.51378335328712
2018-03-26,120.73999786376953,117.80000305175781,119.08999633789062,120.63999938964844,8735400.0,120.63999938964844,47.3629389071443,-3.5999984741210938,14.340266291666827,-0.1027675570647375,0.43879953836163865,-120.79517498811559
2018-03-27,121.5999984741211,116.73999786376953,121.5199966430664,117.4000015258789,9008600.0,117.4000015258789,41.176340627452255,-5.799995422363281,15.687639399350454,-0.43809324326269916,0.2634209820367711,-139.3930406595847
2018-03-28,118.06999969482422,116.02999877929688,116.93000030517578,116.98999786376953,9420400.0,116.98999786376953,40.456185754627796,-5.590003967285156,17.137983273691372,-0.7285271272240976,0.06503136018459735,-145.87457893030313
2018-03-29,120.58999633789062,117.04000091552734,117.68000030517578,119.62000274658203,12918100.0,119.62000274658203,46.8746808034824,-3.7900009155273438,17.147837498545535,-0.7379717792518363,-0.09556926770268939,-71.94988690185747
2018-04-02,119.83000183105469,116.76000213623047,119.2699966430664,118.38999938964844,9877100.0,118.38999938964844,44.46083987376577,-6.1399993896484375,17.252720673378267,-0.8350814265018727,-0.24347169946252606,-79.37119178290074
2018-04-03,119.98999786376953,117.48999786376953,118.88999938964844,119.19999694824219,7084800.0,119.19999694824219,46.417673864639596,-4.010002136230469,17.266474442855344,-0.8370326961518089,-0.3621838988003826,-55.95277408490963
2018-04-04,120.12000274658203,116.70999908447266,116.9000015258789,119.80999755859375,8425700.0,119.80999755859375,47.906251626233725,-5.100006103515625,17.56979879994801,-0.7803616171754015,-0.4458194424753864,-49.515797144088204
2018-04-05,122.01000213623047,120.37000274658203,121.0,121.19000244140625,6816000.0,121.19000244140625,51.20863841259231,-2.029998779296875,16.862614047876505,-0.6169823296940251,-0.48005201991911417,22.424539547691058
2018-04-06,120.55999755859375,117.12000274658203,120.18000030517578,117.69999694824219,8383800.0,117.69999694824219,43.669070628031875,-2.2900009155273438,17.354944880943894,-0.7603524733762015,-0.5361121106105317,-55.22016803391466
2018-04-09,120.66999816894531,118.62999725341797,118.62999725341797,118.79000091552734,7024800.0,118.79000091552734,46.32701345323511,1.7900009155273438,17.756328364697243,-0.7770626401428871,-0.5843022165170028,-16.647723288583336
2018-04-10,121.16000366210938,119.63999938964844,120.55999755859375,120.72000122070312,8947200.0,120.72000122070312,50.7575128411758,0.0800018310546875,17.870949521950553,-0.6273390981353231,-0.5929095928406668,54.84420611833315
2018-04-11,121.66000366210938,119.62000274658203,119.98999786376953,119.77999877929688,5874900.0,119.77999877929688,48.65108894943246,2.3799972534179688,17.71071254759534,-0.5778711149864648,-0.5899018972698264,80.03303168011418
2018-04-12,121.9800033569336,120.38999938964844,120.4000015258789,121.06999969482422,5666000.0,121.06999969482422,51.61845350909439,4.0800018310546875,17.387629651145982,-0.42962266638063795,-0.5578460510919887,130.65281457570424
2018-04-13,122.47000122070312,120.6500015258789,121.7300033569336,120.75,9174300.0,120.75,50.83369581527949,1.1299972534179688,16.815738518630447,-0.3341046533406171,-0.5130977715417144,115.42377356260843
2018-04-16,122.87000274658203,121.51000213623047,122.11000061035156,121.87999725341797,6903200.0,121.87999725341797,53.52090083801178,3.4899978637695312,16.06034540450682,-0.16531891175921487,-0.4435419995852145,131.34241064913832
2018-04-17,124.26000213623047,122.5199966430664,122.91000366210938,123.80000305175781,5979600.0,123.80000305175781,57.74665449070121,4.600006103515625,15.20379684838397,0.1219674612762276,-0.33044010741292607,163.60404800012756
2018-04-18,124.87000274658203,123.37999725341797,124.05999755859375,124.4800033569336,5171000.0,124.4800033569336,59.16275525450394,4.670005798339844,14.708887813242828,0.3999044734829482,-0.1843711912337512,167.92469708473502
2018-04-19,124.72000122070312,123.1500015258789,124.30999755859375,123.95999908447266,7294100.0,123.95999908447266,57.57369755914984,2.7699966430664062,14.114040913068902,0.5716222536368321,-0.03317250225963453,126.59106084899605
2018-04-20,124.81999969482422,123.30999755859375,124.05999755859375,124.19999694824219,7479400.0,124.19999694824219,58.132620837403614,6.5,13.616009600508091,0.7187898909967032,0.11721997639163304,114.74195490930765
2018-04-23,124.97000122070312,123.9000015258789,124.30000305175781,124.45999908447266,8004300.0,124.45999908447266,58.7663777733343,5.6699981689453125,13.239471834431882,0.8466417443426622,0.26310432998183886,105.09197821116784
2018-04-24,125.04000091552734,120.55000305175781,124.87000274658203,121.2699966430664,9434400.0,121.2699966430664,48.97168572309448,0.5499954223632812,13.536103840668913,0.6826891071158627,0.34702128540864363,15.116673530351068
2018-04-25,121.3499984741211,119.37000274658203,121.13999938964844,121.20999908447266,8001200.0,121.20999908447266,48.806918622405064,1.4300003051757812,14.299292231700223,0.541670123336786,0.3859510529942721,-50.69698592399071
2018-04-26,127.58999633789062,123.77999877929688,125.13999938964844,127.08000183105469,14345800.0,127.08000183105469,62.20515017964258,6.010002136230469,14.387840840147499,0.8932746129997469,0.4874157649953671,146.84627326997534
2018-04-27,127.05999755859375,125.38999938964844,126.44000244140625,126.01000213623047,6842700.0,126.01000213623047,59.16542560939041,5.260002136230469,14.470064547991399,1.073212347330923,0.6045750814624783,124.40108573605492
2018-04-30,127.9000015258789,126.66000366210938,126.73999786376953,126.87999725341797,8449200.0,126.87999725341797,60.84097637462865,5.0,14.833537182373272,1.2713601844619689,0.7379321020623764,139.40558568275623
2018-05-01,127.56999969482422,125.51000213623047,126.86000061035156,127.51000213623047,6407300.0,127.51000213623047,62.05518626472222,3.7099990844726562,14.611108062630729,1.4623725810202046,0.8828201978539421,115.11554223882192
2018-05-02,128.10000610351562,126.0,127.87999725341797,126.37999725341797,8515300.0,126.37999725341797,58.54848582995449,1.899993896484375,14.603306093652384,1.5052181138141663,1.007299781045987,99.67838067351859
2018-05-03,127.45999908447266,125.31999969482422,125.80999755859375,127.18000030517578,6778600.0,127.18000030517578,60.2606195575232,3.220001220703125,14.254764428942378,1.5854509756725719,1.122930019971304,78.6054100485941
2018-05-04,128.36000061035156,126.06999969482422,126.33000183105469,128.16000366210938,5798400.0,128.16000366210938,62.31412783067755,3.9600067138671875,14.293127928858935,1.70842056855723,1.2400281296884892,96.43551226071801
2018-05-07,129.52000427246094,128.25,128.39999389648438,129.25999450683594,5737300.0,129.25999450683594,64.52970247747346,4.799995422363281,14.768737961151146,1.8730436438318634,1.3666312325171641,129.5233929089269
2018-05-08,129.97000122070312,128.30999755859375,129.13999938964844,129.89999389648438,5044700.0,129.89999389648438,65.78989639255715,8.629997253417969,15.375901055653873,2.0317306923656275,1.499651124486857,123.80943779764121
2018-05-09,131.0,129.58999633789062,130.00999450683594,130.83999633789062,6119400.0,130.83999633789062,67.61008527217372,9.629997253417969,16.309058019338387,2.20789047566106,1.6412989947216974,142.5486515003464
2018-05-10,131.75,130.72000122070312,131.2899932861328,131.0,6585800.0,131.0,67.92293966179,3.9199981689453125,17.432125081284457,2.333510079771216,1.7797412117316012,143.5646006182494
2018-05-11,132.08999633789062,130.22999572753906,131.0,131.82000732421875,5437100.0,131.82000732421875,69.54640672994528,5.810005187988281,18.153268921923484,2.4707509797408136,1.9179431653334436,124.9961502487584
2018-05-14,132.5,130.6699981689453,132.42999267578125,131.2100067138672,5017000.0,131.2100067138672,66.83646702053287,4.330009460449219,18.977275018461587,2.5014581776976,2.034646167806275,107.54504156920363
2018-05-15,131.39999389648438,129.89999389648438,130.55999755859375,131.10000610351562,5532300.0,131.10000610351562,66.33450147217195,3.5900039672851562,19.215484359732706,2.488234900311511,2.1253639143073224,76.39763150938964
2018-05-16,131.39999389648438,130.5399932861328,131.08999633789062,130.88999938964844,5124200.0,130.88999938964844,65.3257879320675,4.510002136230469,19.43667874805589,2.4327661570901284,2.1868443628638836,71.73571410114207
2018-05-17,130.8000030517578,129.61000061035156,130.5800018310547,129.92999267578125,4911700.0,129.92999267578125,60.77604761938108,2.7499923706054688,18.9973294705966,2.285002177025987,2.2064759256963042,34.06675343964187
2018-05-18,130.33999633789062,129.07000732421875,129.6199951171875,129.92999267578125,6082700.0,129.92999267578125,60.77604761938108,1.769989013671875,18.232423300578123,2.1431927661264325,2.19381929378233,14.445891499662931
2018-05-21,131.50999450683594,129.99000549316406,130.9499969482422,130.66000366210938,5591800.0,130.66000366210938,63.04585795187961,1.4000091552734375,18.13348442736237,2.065899172266896,2.168235269479243,49.88893666362938
2018-05-22,131.77999877929688,130.5,131.0,130.7100067138672,6645500.0,130.7100067138672,63.20293156513439,0.8100128173828125,18.176242839199407,1.985787350183628,2.1317456856201202,58.00504097219756
2018-05-23,131.91000366210938,129.8000030517578,130.05999755859375,131.8800048828125,6569100.0,131.8800048828125,66.76282922872787,1.040008544921875,17.711175897361716,1.993724809604828,2.1041415104170618,66.15954834133652
2018-05-24,132.2100067138672,130.5,131.82000732421875,131.88999938964844,6035200.0,131.88999938964844,66.7923836776802,0.8899993896484375,17.44802313431932,1.9780203887895027,2.07891728609155,94.17680915322381
2018-05-25,132.10000610351562,130.92999267578125,131.8800048828125,131.27999877929688,7509600.0,131.27999877929688,63.1042150423005,-0.540008544921875,17.203666997208526,1.8945137951450022,2.0420365879022406,80.87714006673232
2018-05-29,131.0500030517578,129.05999755859375,130.38999938964844,129.69000244140625,10401900.0,129.69000244140625,54.635638990759375,-1.5200042724609375,16.29213509812033,1.6806611857610676,1.969761507474006,-130.3689704938974
2018-05-30,131.10000610351562,129.8699951171875,130.1999969482422,130.63999938964844,10631300.0,130.63999938964844,58.24149006596143,-0.4600067138671875,15.411078079882225,1.5697432433883023,1.8897578546568652,-45.826577274169544
2018-05-31,131.5800018310547,129.97999572753906,130.64999389648438,130.72000122070312,11086000.0,130.72000122070312,58.54035910318275,-0.1699981689453125,14.367679619441505,1.4713348221446267,1.8060732481544175,-10.047659124427515
2018-06-01,132.50999450683594,130.36000061035156,131.83999633789062,130.85000610351562,8323400.0,130.85000610351562,59.05322060558539,0.920013427734375,14.0168103025851,1.3878376186920889,1.7224261222619517,63.92641459296379
2018-06-04,133.57000732421875,131.42999267578125,131.94000244140625,133.07000732421875,7178000.0,133.07000732421875,66.64172772284522,3.1400146484375,14.316462030320153,1.483697882952697,1.6746804744001007,225.24801812524007
2018-06-05,133.6199951171875,132.6999969482422,133.3800048828125,133.55999755859375,6198200.0,133.55999755859375,68.0491918645454,2.899993896484375,14.623262060117883,1.580981380680214,1.6559406556561234,210.98393563847748
2018-06-06,136.30999755859375,133.61000061035156,134.0,136.27999877929688,8065800.0,136.27999877929688,74.48491280640846,5.5699920654296875,16.191292675771788,1.8561639178085159,1.6959853080866019,254.08735860583224
2018-06-07,136.5800018310547,133.0500030517578,136.36000061035156,133.83999633789062,8309200.0,133.83999633789062,62.35184765099533,1.959991455078125,17.187351130557353,1.8559658371238186,1.7279814138940452,143.67323447761967
2018-06-08,134.9199981689453,133.22999572753906,133.44000244140625,134.74000549316406,5261000.0,134.74000549316406,64.63985593046031,2.850006103515625,18.112262552858237,1.9064556400037702,1.7636762591159902,105.61188084812373
2018-06-11,135.19000244140625,133.80999755859375,134.89999389648438,133.91000366210938,7988700.0,133.91000366210938,60.96044048263876,2.6300048828125,19.09930078038571,1.8580762153953572,1.7825562503718637,87.5545103896985
2018-06-12,135.1300048828125,133.5399932861328,134.0399932861328,134.86000061035156,5743300.0,134.86000061035156,63.519977352619975,5.1699981689453125,19.76215557649348,1.8747806824092947,1.80100113677935,82.10023279675781
2018-06-13,135.77000427246094,134.30999755859375,135.17999267578125,134.39999389648438,4881600.0,134.39999389648438,61.42010133674807,3.7599945068359375,20.706599270156733,1.8298075134945009,1.8067624121223802,82.13230513638378
2018-06-14,135.6999969482422,134.75,134.9600067138672,135.0,6464100.0,135.0,63.132116874841415,4.279998779296875,21.583582699986895,1.8215833522206992,1.809726600142044,82.75703774637154
2018-06-15,135.72999572753906,134.0,135.10000610351562,135.10000610351562,10044500.0,135.10000610351562,63.42345999134669,4.25,21.634546916434342,1.8023588312499328,1.8082530463636217,66.64168493588302
2018-06-18,136.30999755859375,134.1199951171875,134.3699951171875,136.1999969482422,8713300.0,136.1999969482422,66.5541894014479,3.1299896240234375,22.03004219707211,1.8545057402538703,1.8175035851416714,85.02432343385942
2018-06-19,135.24000549316406,133.57000732421875,134.55999755859375,135.11000061035156,6557600.0,135.11000061035156,60.983888254145604,1.5500030517578125,21.850413673690436,1.7872763372741929,1.8114581355681758,36.78201040655365
2018-06-20,136.69000244140625,135.5,135.52000427246094,135.5,7192000.0,135.5,62.202838651448275,-0.779998779296875,22.52284033225643,1.7453469690167651,1.7982359022578938,117.67356225467726
2018-06-21,136.1199951171875,134.25999450683594,135.27000427246094,134.52999877929688,8689800.0,134.52999877929688,57.39950014262389,0.69000244140625,22.036092082750848,1.6152273156647823,1.7616341849392714,36.25471616896229
2018-06-22,135.85000610351562,134.25999450683594,135.60000610351562,135.3300018310547,6031900.0,135.3300018310547,60.13377488505923,0.589996337890625,21.584111565352806,1.5586924766755033,1.7210458432865177,46.11080348640378
2018-06-25,134.91000366210938,129.52999877929688,134.91000366210938,130.92999267578125,10086200.0,130.92999267578125,43.5699359979658,-2.980010986328125,21.763068831878375,1.145638040845256,1.6059642827982654,-322.97209037829725
2018-06-26,133.7899932861328,131.61000061035156,132.11000061035156,132.5500030517578,7733900.0,132.5500030517578,49.12623154639355,-2.30999755859375,21.92924343650926,0.9381957858898318,1.4724105834165786,-172.77327584607278
2018-06-27,133.66000366210938,131.00999450683594,133.00999450683594,131.02000427246094,7282100.0,131.02000427246094,44.65429152055629,-3.3799896240234375,22.34470163249832,0.6429269281217387,1.3065138523576105,-169.37847509399634
2018-06-28,133.1199951171875,130.64999389648438,131.0,132.74000549316406,6576500.0,132.74000549316406,50.14824896689962,-2.2599945068359375,22.886252925139694,0.5414722004321675,1.1535055219725219,-114.19744005882356
2018-06-29,134.19000244140625,132.4499969482422,133.27999877929688,132.4499969482422,7259000.0,132.4499969482422,49.26034597315,-2.6500091552734375,22.571541505241253,0.4326796700214288,1.0093403515823032,-55.350284220849275
2018-07-02,133.0500030517578,131.14999389648438,131.9600067138672,132.5,7554400.0,132.5,49.42661149505571,-3.6999969482421875,22.881119292839774,0.3465013820048455,0.8767725576668116,-80.72848105284872
2018-07-03,133.41000366210938,131.4199981689453,133.00999450683594,131.4499969482422,3621600.0,131.4499969482422,46.01665763033976,-3.660003662109375,22.89754200300485,0.19127311937864988,0.7396726700091792,-74.56481460500832
2018-07-05,133.3300018310547,131.8300018310547,132.1300048828125,133.2899932861328,4729300.0,133.2899932861328,52.235429469195026,-2.2100067138671875,22.91279166244385,0.21425611869835848,0.6345893597470151,-35.37005744832851
2018-07-06,134.27999877929688,132.5,133.5800018310547,134.08999633789062,4839800.0,134.08999633789062,54.679954873533774,-0.44000244140625,22.189704110885092,0.2936389841893572,0.5663992846354835,8.215568080149772
2018-07-09,135.97000122070312,134.7899932861328,134.94000244140625,135.52000427246094,8960700.0,135.52000427246094,58.74441540078329,0.19000244140625,20.806110666059475,0.4665619307455984,0.5464318138575065,102.55413119356085
2018-07-10,137.3300018310547,135.33999633789062,135.57000732421875,136.69000244140625,6561900.0,136.69000244140625,61.765735468965886,5.760009765625,20.264708014152337,0.6900591139662424,0.5751572738792536,133.7824051920953
2018-07-11,138.80999755859375,136.60000610351562,136.6300048828125,138.14999389648438,10648700.0,138.14999389648438,65.19143971485258,5.5999908447265625,20.453119593457718,0.9737663779890511,0.6548790947012131,171.63908518223533
2018-07-12,139.9499969482422,138.66000366210938,139.00999450683594,139.89999389648438,11816100.0,139.89999389648438,68.79992680814104,8.879989624023438,21.094333737566455,1.3245482358076117,0.7888129229224928,180.03362278089244
2018-07-13,140.02999877929688,137.5399932861328,139.7899932861328,139.4199981689453,7865700.0,139.4199981689453,66.75578048641424,6.67999267578125,20.92965527949567,1.5459925024337622,0.9402488388247467,131.25516963714043
2018-07-16,139.5500030517578,138.16000366210938,139.4199981689453,138.4600067138672,4969900.0,138.4600067138672,62.740753986185425,6.010009765625,20.776739568429942,1.6252900596140307,1.0772570829826036,100.98641216398327
2018-07-17,139.91000366210938,137.4199981689453,138.17999267578125,139.63999938964844,5412600.0,139.63999938964844,65.4884028085644,7.1399993896484375,20.131877034105738,1.7630264211752547,1.2144109506211338,91.11598472242567
2018-07-18,141.1699981689453,139.3699951171875,139.91000366210938,140.89999389648438,7008600.0,140.89999389648438,68.18624257125238,9.449996948242188,20.150972056363027,1.9513604380870504,1.3618008481143171,108.27573725125376
2018-07-19,140.99000549316406,139.92999267578125,140.9499969482422,140.1300048828125,7937000.0,140.1300048828125,64.84997067746228,6.8400115966796875,20.16870314845908,2.015254228729731,1.4924915242374,92.34521329752904
2018-07-20,141.47000122070312,139.9199981689453,140.0,140.99000549316406,7153600.0,140.99000549316406,66.80365274746879,6.9000091552734375,20.421181497201644,2.110951643549299,1.6161835480997797,90.21618833748067
2018-07-23,140.97000122070312,139.63999938964844,140.66000366210938,140.02999877929688,7723600.0,140.02999877929688,62.61958616942375,4.5099945068359375,20.431069386185552,2.085290089454986,1.710004856370821,69.62123355724651
2018-07-24,141.47000122070312,139.50999450683594,140.99000549316406,140.02999877929688,8336700.0,140.02999877929688,62.61958616942375,3.339996337890625,20.704650441433948,2.041420893632335,1.7762880638231238,68.18490523389403
2018-07-25,142.77000427246094,139.89999389648438,140.33999633789062,142.63999938964844,8376000.0,142.63999938964844,68.78423171123904,4.4900054931640625,21.583054336142585,2.191991562190964,1.8594287634966917,114.32569950736631
2018-07-26,142.7899932861328,139.52999877929688,141.61000061035156,142.5,10520800.0,142.5,68.13514101950987,2.600006103515625,22.074137963462096,2.2738120314066634,1.942305417078686,104.23547149990867
2018-07-27,143.13999938964844,139.2100067138672,143.0800018310547,140.7100067138672,7014900.0,140.7100067138672,60.30004904541004,1.290008544921875,22.702023630105877,2.169212512594612,1.9876868361818711,69.59943049382134
2018-07-30,140.4199981689453,135.30999755859375,140.1300048828125,136.47999572753906,12812400.0,136.47999572753906,46.64841571160271,-1.980010986328125,21.563739969178954,1.7251041782901098,1.935170304603519,-149.0826271179781
2018-07-31,138.02000427246094,135.6300048828125,137.1300048828125,136.74000549316406,7683300.0,136.74000549316406,47.436162893809964,-2.899993896484375,20.50676228403253,1.3782382660126302,1.8237838968853413,-168.11712372959627
2018-08-01,138.74000549316406,137.41000366210938,137.74000549316406,138.25,7087700.0,138.25,51.879788459546496,-2.649993896484375,19.082986714448417,1.2112262068988002,1.701272358888033,-79.8627981053182
2018-08-02,139.19000244140625,137.0,137.4499969482422,138.9199981689453,12300000.0,138.9199981689453,53.748156274401225,-1.2100067138671875,17.9488186054907,1.120020302757979,1.5850219476620222,-62.911619099430794
2018-08-03,139.86000061035156,137.94000244140625,139.2899932861328,139.82000732421875,4617500.0,139.82000732421875,56.2078933220936,-1.1699981689453125,17.28849678727767,1.1075945235496931,1.4895364628395564,-23.936153642115315
2018-08-06,140.25999450683594,139.0500030517578,139.64999389648438,139.7100067138672,5143000.0,139.7100067138672,55.81717807431566,-0.3199920654296875,16.905160756138887,1.0764620891727361,1.4069215881061923,-2.76249522048854
2018-08-07,140.69000244140625,139.8699951171875,139.97999572753906,140.27999877929688,10034500.0,140.27999877929688,57.467038016992824,0.25,16.7958358747273,1.0852726590350414,1.342591802291962,30.585483015237042
2018-08-08,140.99000549316406,139.8300018310547,139.97999572753906,140.67999267578125,5389500.0,140.67999267578125,58.63439123704578,-1.9600067138671875,16.867263792318845,1.1117160925893472,1.296416660351439,41.52692448234349
2018-08-09,141.24000549316406,139.89999389648438,140.72999572753906,140.00999450683594,5679300.0,140.00999450683594,55.86841804500694,-2.4900054931640625,17.080579486082968,1.0663176057705641,1.2503968494352642,37.620509558164684
2018-08-10,140.74000549316406,139.25,139.8800048828125,139.72999572753906,6523500.0,139.72999572753906,54.70695526711991,-0.980010986328125,16.717898350045118,0.9962611381963313,1.1995697071874776,13.05582954714397
2018-08-13,141.24000549316406,139.8300018310547,140.52999877929688,140.2100067138672,4817500.0,140.2100067138672,56.38110131155039,3.730010986328125,16.704634697132743,0.9683116637845899,1.1533180985069,41.26998206979942
2018-08-14,140.99000549316406,139.8800048828125,140.3000030517578,140.75999450683594,5888700.0,140.75999450683594,58.28372920356794,4.019989013671875,16.69231844799982,0.9792527067611161,1.1185050201577433,55.400561573215086
2018-08-15,140.69000244140625,138.83999633789062,140.35000610351562,139.9199981689453,5288400.0,139.9199981689453,54.38211534382855,1.6699981689453125,15.76154248607533,0.909656919098893,1.0767353999459732,22.410923282646642
2018-08-16,141.49000549316406,140.4199981689453,141.07000732421875,140.64999389648438,5931700.0,140.64999389648438,57.071601129044105,1.7299957275390625,15.474080299777151,0.9029971216276351,1.0419877442823056,89.2811058398884
2018-08-17,141.7100067138672,140.57000732421875,140.77999877929688,141.3300018310547,7699600.0,141.3300018310547,59.46878881239169,1.5099945068359375,15.359870534306454,0.9417344132996277,1.02193707808577,107.67406282822306
2018-08-20,141.60000610351562,140.6999969482422,141.5399932861328,140.94000244140625,4662200.0,140.94000244140625,57.48609881940393,1.2299957275390625,15.253818609226524,0.9302410647139823,1.0035978754114123,97.22411729253818
2018-08-21,141.4600067138672,139.8000030517578,141.0,140.0399932861328,6854300.0,140.0399932861328,53.0873940721453,-0.2400054931640625,14.316883158205389,0.8388396645215153,0.9706462332334329,28.373277685181087
2018-08-22,141.52999877929688,139.85000610351562,139.85000610351562,141.13999938964844,4191700.0,141.13999938964844,57.379885512656756,0.4600067138671875,13.506703612982161,0.8454192291580398,0.9456008324183542,74.60647586025559
2018-08-23,142.4499969482422,140.77000427246094,141.00999450683594,142.10000610351562,4426800.0,142.10000610351562,60.75485375343109,2.0900115966796875,13.503346995869714,0.91752148370702,0.9399849626760874,190.45035835455602
2018-08-24,144.3800048828125,142.32000732421875,142.32000732421875,144.1999969482422,5714000.0,144.1999969482422,66.92484778973555,4.470001220703125,14.713259261608012,1.1310764059819007,0.9782032513372501,298.2423471863221
2018-08-27,145.60000610351562,144.7100067138672,144.99000549316406,145.39999389648438,7194900.0,145.39999389648438,69.84254919209545,5.1899871826171875,16.422253302087686,1.381228008695416,1.0588082028088832,266.29731900961775
2018-08-28,146.1699981689453,144.8699951171875,145.6300048828125,145.1999969482422,4925700.0,145.1999969482422,68.75395851400084,4.44000244140625,18.254506990489638,1.5455210689821968,1.1561507760435459,182.61093131967212
2018-08-29,147.3000030517578,145.4199981689453,145.4600067138672,147.02999877929688,5192900.0,147.02999877929688,72.91403803016601,7.1100006103515625,20.39756356548789,1.8026109794450633,1.2854428167238494,165.95397011251885
2018-08-30,147.7100067138672,146.36000061035156,146.82000732421875,146.74000549316406,7804600.0,146.74000549316406,71.29416229620436,6.0900115966796875,22.53553210451353,1.9603587556495938,1.4204260045089983,135.07299072474447
2018-08-31,147.63999938964844,146.5,146.74000549316406,146.88999938964844,5786600.0,146.88999938964844,71.64505128717025,5.55999755859375,24.520788605037335,2.07357537255902,1.5510558781190027,110.75966471564097
2018-09-04,147.86000061035156,146.6699981689453,146.92999267578125,147.8000030517578,7638100.0,147.8000030517578,73.7421233628753,6.8600006103515625,26.45049824612932,2.2112402463451133,1.683092751764225,102.87762712736304
2018-09-05,147.82000732421875,142.5500030517578,147.0,142.6699981689453,11363400.0,142.6699981689453,50.89182634474696,2.6300048828125,24.68123447962819,1.8846668634022024,1.7234075740918204,16.220969083174893
2018-09-06,144.6999969482422,142.5399932861328,143.2899932861328,144.5,9589200.0,144.5,56.11581986006193,3.3600006103515625,23.032100034973123,1.7533098933356257,1.7293880379405815,-2.348391390150971
2018-09-07,144.44000244140625,142.75,143.99000549316406,143.1999969482422,13626200.0,143.1999969482422,51.89270685854862,1.0999908447265625,21.500760907793417,1.5267102016237288,1.688852470677211,-23.041953202968735
2018-09-10,144.44000244140625,143.2100067138672,144.1300048828125,144.0800018310547,5362700.0,144.0800018310547,54.3947108437161,-0.1199951171875,20.078803146840833,1.4019762434798224,1.6314772252377332,-16.514284005787808
2018-09-11,145.52000427246094,143.25,143.4600067138672,145.49000549316406,9895900.0,145.49000549316406,58.150388804652444,0.0900115966796875,19.48847947538631,1.4007521952620436,1.5853322192425954,4.000710452228834
2018-09-12,146.8000030517578,145.07000732421875,145.85000610351562,146.57000732421875,6964100.0,146.57000732421875,60.812404909179016,1.3700103759765625,19.677617413033122,1.4699841873662933,1.562262612867335,54.41792880696192
2018-09-13,148.07000732421875,147.08999633789062,147.14999389648438,147.6300048828125,5803400.0,147.6300048828125,63.28113470927138,0.600006103515625,20.471516250184738,1.5920320298729393,1.5682164962684557,111.24076036645141
2018-09-14,148.3699951171875,147.35000610351562,147.91000366210938,147.83999633789062,4928300.0,147.83999633789062,63.76809943626671,1.0999908447265625,21.344655668072644,1.6862621988530861,1.5918256367853818,105.53942314298162
2018-09-17,147.89999389648438,145.8300018310547,147.8300018310547,146.17999267578125,7708600.0,146.17999267578125,57.29895214904895,-0.7100067138671875,20.918690844839052,1.6084506465313382,1.595150638734573,38.90053551139238
2018-09-18,148.08999633789062,145.9499969482422,146.1999969482422,147.6300048828125,5692100.0,147.6300048828125,61.01896333666703,-0.1699981689453125,20.627485954012478,1.6448277471645554,1.6050860604205694,60.432336343971926
2018-09-19,148.82000732421875,147.25,148.27999877929688,147.4199981689453,7432300.0,147.4199981689453,60.20095951784721,4.75,20.75304650092695,1.6378311765012938,1.6116350836367144,81.912150461487
2018-09-20,149.49000549316406,147.1999969482422,147.99000549316406,149.24000549316406,7172700.0,149.24000549316406,64.62674328768222,4.7400054931640625,21.212337487766526,1.7588705595204601,1.6410821788134635,107.1188307712972
2018-09-21,150.25999450683594,149.35000610351562,149.9499969482422,150.0500030517578,15628100.0,150.0500030517578,66.4166753028323,6.850006103515625,22.008463291953994,1.8982730658817673,1.6925203562271243,136.7545976021853
2018-09-24,149.64999389648438,147.27000427246094,149.16000366210938,149.11000061035156,6706700.0,149.11000061035156,62.46630966430276,5.029998779296875,21.127978842414844,1.9108728625383264,1.7361908574893647,82.13918661190134
2018-09-25,149.9600067138672,149.10000610351562,149.7100067138672,149.5800018310547,4230700.0,149.5800018310547,63.63109287408246,4.089996337890625,20.483045744169516,1.9364611440485362,1.776244914801199,101.38135652651744
2018-09-26,150.4199981689453,149.0399932861328,150.0,149.27000427246094,5852400.0,149.27000427246094,62.2587327742952,2.6999969482421875,20.141679218242725,1.9097118597137523,1.8029383037837097,93.9473322097491
2018-09-27,150.63999938964844,149.55999755859375,149.89999389648438,150.02000427246094,5868500.0,150.02000427246094,64.26671260410333,2.3899993896484375,19.949254097472792,1.926820404924797,1.8277147240119271,107.08554166584906
2018-09-28,150.3699951171875,149.5500030517578,149.80999755859375,150.08999633789062,6035900.0,150.08999633789062,64.45676443470708,2.25,19.76209177469119,1.923849881122436,1.8469417554340288,92.92183150915665
2018-10-01,151.55999755859375,150.61000061035156,150.88999938964844,150.7899932861328,9802100.0,150.7899932861328,66.38249944494433,4.6100006103515625,20.265986218584775,1.95543854488497,1.8686411133242171,130.9616321927973
2018-10-02,150.83999633789062,149.1699981689453,150.83999633789062,149.6699981689453,8047500.0,149.6699981689453,60.71441816182023,2.0399932861328125,19.55540741874165,1.8685589582009072,1.8686246822995551,60.53297314011009
2018-10-03,150.7100067138672,149.19000244140625,150.7100067138672,149.3699951171875,7521100.0,149.3699951171875,59.25492800431034,1.9499969482421875,18.895584247458743,1.7552649193970922,1.8459527297190625,45.14780207393039
2018-10-04,149.27999877929688,146.10000610351562,149.17999267578125,146.75999450683594,9208900.0,146.75999450683594,48.36264334329725,-2.480010986328125,18.736181640537758,1.4382935876635372,1.7644209013079575,-99.20620711934394
2018-10-05,147.41000366210938,144.39999389648438,146.63999938964844,145.36000061035156,7085700.0,145.36000061035156,43.72019756058447,-4.69000244140625,19.34158476321641,1.0618829902876428,1.6239133191038946,-183.6623061700034
2018-10-08,145.00999450683594,140.17999267578125,145.00999450683594,141.88999938964844,11637300.0,141.88999938964844,34.80278306792396,-7.220001220703125,21.218175333317827,0.4780639577542729,1.3947434468339703,-262.4224558605797
2018-10-09,143.2899932861328,141.1199951171875,141.4600067138672,142.30999755859375,10798000.0,142.30999755859375,36.491251121212215,-7.2700042724609375,22.96072371984057,0.0487119889587575,1.1255371552589277,-184.30323426969414
2018-10-10,142.69000244140625,135.2100067138672,142.57000732421875,135.52000427246094,15450100.0,135.52000427246094,25.150945879257357,-13.75,25.709631204913357,-0.82988188963472,0.7344533462801981,-207.7347627948755
2018-10-11,137.24000549316406,132.25999450683594,134.08999633789062,133.72999572753906,15657200.0,133.72999572753906,23.11183491338611,-16.290008544921875,28.634809378506187,-1.6515742779893685,0.2572478214262848,-191.3156482827392
2018-10-12,140.97999572753906,137.42999267578125,138.47999572753906,140.05999755859375,12993300.0,140.05999755859375,41.251100131707716,-10.029998779296875,29.49478778860546,-1.7715715954140023,-0.1485160619417727,-89.99820185636176
2018-10-15,140.05999755859375,137.22000122070312,139.89999389648438,137.22999572753906,7953000.0,137.22999572753906,37.043453785626454,-13.55999755859375,30.332919838850483,-2.0711528694300796,-0.5330434234394341,-90.04016994059192
2018-10-16,142.13999938964844,138.67999267578125,138.7100067138672,141.74000549316406,11059500.0,141.74000549316406,46.42255353869856,-7.92999267578125,30.19715132266336,-1.9224918023053021,-0.8109330992126078,-45.94567002261959
2018-10-17,142.86000061035156,140.72999572753906,142.33999633789062,142.4499969482422,9170600.0,142.4499969482422,47.742419656234276,-6.9199981689453125,29.771343335307215,-1.7274732227875802,-0.9942411239276023,-23.96723367965294
2018-10-18,142.4600067138672,137.9499969482422,142.4600067138672,139.2899932861328,10222600.0,139.2899932861328,42.70045788333925,-7.470001220703125,30.023244873207126,-1.8070746480882747,-1.1568078287597368,-48.54388805227441
2018-10-19,142.19000244140625,139.3800048828125,139.89999389648438,140.0800018310547,8696900.0,140.0800018310547,44.28461816410108,-5.279998779296875,30.257153444114188,-1.785826369192307,-1.2826115368462507,-31.388869106200254
2018-10-22,141.5399932861328,139.50999450683594,140.97000122070312,140.63999938964844,6099500.0,140.63999938964844,45.4361916881515,-1.25,30.47435425995646,-1.704155389665857,-1.366920307410172,-21.801984411805307
2018-10-23,140.0399932861328,135.58999633789062,136.88999938964844,139.1199951171875,10736100.0,139.1199951171875,42.84747146286267,-3.19000244140625,31.505039691618347,-1.7420014828295791,-1.4419365424940533,-69.49630651008883
2018-10-24,140.17999267578125,134.0,139.6999969482422,134.25999450683594,13849600.0,134.25999450683594,35.820190964302846,-1.260009765625,32.74008650725678,-2.1394934679536846,-1.5814479275859796,-115.92593135327284
2018-10-25,140.89999389648438,132.5,135.4499969482422,140.52000427246094,14985900.0,140.52000427246094,47.715113781334146,6.790008544921875,34.13181253314831,-1.9271631220841812,-1.65059096648562,-47.9813016039513
2018-10-26,139.8699951171875,136.05999755859375,137.97999572753906,137.74000549316406,12034900.0,137.74000549316406,43.83012150026925,-2.3199920654296875,35.424129557190454,-1.9606117494855084,-1.7125951230855976,-42.18628535646268
2018-10-29,141.50999450683594,132.27000427246094,139.61000061035156,134.3300018310547,12768200.0,134.3300018310547,39.57377832261611,-2.899993896484375,37.18388719676945,-2.2364978693615285,-1.8173756723407837,-99.39665316161923
2018-10-30,134.86000061035156,129.7899932861328,133.0800018310547,132.75999450683594,15107600.0,132.75999450683594,37.755838119876664,-8.980010986328125,39.11353243885981,-2.5524035575854214,-1.9643812493897113,-187.3009249724124
2018-10-31,139.1199951171875,134.99000549316406,134.99000549316406,137.85000610351562,13205300.0,137.85000610351562,46.35921552560231,-4.5999908447265625,39.01893273344075,-2.364779983010493,-2.044460996113868,-38.96162819924544
2018-11-01,140.8699951171875,137.49000549316406,139.0,140.8300018310547,16024000.0,140.8300018310547,50.659119885764724,1.540008544921875,38.27729351489209,-1.9531119393887195,-2.0261911847688383,46.715940578348004
2018-11-02,141.4499969482422,137.85000610351562,141.11000061035156,139.77999877929688,17063100.0,139.77999877929688,49.16368433727314,-0.3000030517578125,37.37581990227291,-1.692083237666992,-1.959369595348469,39.9673881246722
2018-11-05,140.2100067138672,138.07000732421875,139.8000030517578,139.8000030517578,6280000.0,139.8000030517578,49.19445508549259,-0.839996337890625,36.53873726198368,-1.4666947887979234,-1.86083463403836,34.063534948809476
2018-11-06,140.91000366210938,139.72000122070312,139.8000030517578,140.7899932861328,4732700.0,140.7899932861328,50.782193938676876,1.6699981689453125,35.47961267887551,-1.1944203467560612,-1.7275517765819002,83.44584097499106
2018-11-07,144.89999389648438,142.32000732421875,142.33999633789062,144.77999877929688,20502100.0,144.77999877929688,56.66082094642076,10.520004272460938,33.09123232117868,-0.6491972505818921,-1.5118808713818985,178.06315582256192
2018-11-08,145.4600067138672,143.64999389648438,144.60000610351562,145.22999572753906,5927400.0,145.22999572753906,57.280547480891954,4.709991455078125,30.75548656232497,-0.17873270641950967,-1.2452512383894208,168.61450542812537
2018-11-09,144.57000732421875,142.36000061035156,144.1999969482422,143.92999267578125,8339800.0,143.92999267578125,54.840811827656864,6.1899871826171875,28.931212158167664,0.08819776372612864,-0.9785614379663108,117.95828894592672
2018-11-12,143.63999938964844,139.1699981689453,143.4199981689453,139.72000122070312,11335100.0,139.72000122070312,47.74808694464704,5.3899993896484375,28.113788003863384,-0.03951355395773248,-0.7907518611645952,39.710913121520015
2018-11-13,141.89999389648438,139.00999450683594,140.35000610351562,139.72000122070312,6287000.0,139.72000122070312,47.74808694464705,6.9600067138671875,27.395682578154638,-0.1391219817276408,-0.6604258852772042,17.200310968230617
2018-11-14,142.60000610351562,138.41000366210938,142.02000427246094,139.49000549316406,6613900.0,139.49000549316406,47.360000158885605,1.6399993896484375,26.461683045570247,-0.23392457455074123,-0.5751256231319116,12.112402461176208
2018-11-15,141.91000366210938,137.92999267578125,138.85000610351562,141.83999633789062,8565000.0,141.83999633789062,51.68134387775102,1.0099945068359375,25.734317469875712,-0.11807064599176442,-0.4837146277038822,18.965259444318246
2018-11-16,141.83999633789062,139.9199981689453,140.4199981689453,140.17999267578125,8628000.0,140.17999267578125,48.64356678201331,0.399993896484375,25.05890657815936,-0.15837830867377534,-0.41864736389786084,13.295546658069643
2018-11-19,140.57000732421875,134.25,140.47000122070312,134.75999450683594,16253000.0,134.75999450683594,40.31192769800879,-5.040008544921875,25.85801505954452,-0.6205180315607208,-0.45902149743043286,-170.48720675337253
2018-11-20,134.52999877929688,129.5399932861328,130.30999755859375,133.3699951171875,12720200.0,133.3699951171875,38.491113366359166,-7.4199981689453125,27.400807519472018,-1.086405024659939,-0.5844982028763341,-270.0139832702608
2018-11-21,135.77999877929688,133.6300048828125,134.36000061035156,134.4199981689453,7416300.0,134.4199981689453,40.67112516384932,-10.360000610351562,28.32938646794056,-1.355274590342077,-0.7386534803694828,-147.4054162192646
2018-11-23,134.25,132.49000549316406,132.58999633789062,132.8699951171875,3676000.0,132.8699951171875,38.50178092999565,-12.360000610351562,29.382733537579707,-1.6741296263832055,-0.9257487095722273,-138.9882222129709
2018-11-26,136.52000427246094,134.25,134.60000610351562,135.94000244140625,9144600.0,135.94000244140625,44.78381416662069,-7.989990234375,29.463472797607807,-1.6599655560916347,-1.0725920788761087,-71.38060838841753
2018-11-27,136.30999755859375,134.1199951171875,135.27999877929688,135.91000366210938,7877900.0,135.91000366210938,44.735725688608476,-3.80999755859375,29.565179862492638,-1.6323444286436484,-1.1845425488296166,-62.54718601156577
2018-11-28,141.5399932861328,136.8699951171875,137.07000732421875,141.3800048828125,11265100.0,141.3800048828125,54.359379958167885,1.660003662109375,27.89069870970243,-1.155748354733504,-1.1787837100103942,29.617941921606164
2018-11-29,140.6999969482422,138.7100067138672,140.69000244140625,139.10000610351562,8751500.0,139.10000610351562,50.41829690620998,-0.3899993896484375,26.335823353540093,-0.9510561954061245,-1.1332382070895402,31.72908632692012
2018-11-30,142.25999450683594,138.6300048828125,139.00999450683594,141.7100067138672,11362800.0,141.7100067138672,54.48623670294195,-0.1299896240234375,24.48304336558406,-0.571641421370515,-1.0209188499457351,70.88677936388206
2018-12-03,145.72000122070312,143.85000610351562,145.0,145.0,11285600.0,145.0,59.04738130115309,4.82000732421875,23.672971171325383,-0.005415094997317738,-0.8178180989560516,146.41459817305844
2018-12-04,144.35000610351562,138.5,143.1300048828125,138.63999938964844,13988900.0,138.63999938964844,48.85478100065168,3.8800048828125,22.462848139147514,-0.06907924587261505,-0.6680703283393643,50.006704309535344
2018-12-06,141.11000061035156,133.47999572753906,135.0399932861328,141.0500030517578,16391900.0,141.0500030517578,52.220451688113286,7.6800079345703125,22.343385227471522,0.07407966589903481,-0.5196403294916845,10.323958258801367
2018-12-07,142.1300048828125,135.99000549316406,140.82000732421875,137.11000061035156,14007700.0,137.11000061035156,46.79842907436475,2.69000244140625,21.95695947144299,-0.12890519531396194,-0.44149330265613995,11.204032020411601
2018-12-10,138.27000427246094,134.86000061035156,136.25,137.8800048828125,15744300.0,137.8800048828125,47.93615656812917,5.010009765625,21.815873868544042,-0.2250450711641463,-0.39820365635774124,-16.597471780921218
2018-12-11,140.0500030517578,135.9199981689453,139.94000244140625,136.80999755859375,12466300.0,136.80999755859375,46.449624430748045,0.8699951171875,21.182615906740068,-0.38316042914783566,-0.39519501091576015,-4.014197187585878
2018-12-12,140.8800048828125,137.75,139.3000030517578,137.8000030517578,10387200.0,137.8000030517578,48.05469069370267,1.8899993896484375,20.363948085961873,-0.42369868533108956,-0.40089574579882603,17.926024899588214
2018-12-13,139.1300048828125,136.14999389648438,138.3000030517578,137.5399932861328,8780900.0,137.5399932861328,47.65073218301286,-3.8400115966796875,19.96502181726144,-0.4713724720734547,-0.41499109105375176,-26.854489518406947
2018-12-14,136.72000122070312,134.5500030517578,135.69000244140625,135.08999633789062,9351200.0,135.08999633789062,43.90548630312922,-4.010009765625,19.9409489598717,-0.6987933154257178,-0.47175153592814495,-112.21615514035469
2018-12-17,134.42999267578125,130.69000244140625,134.2100067138672,131.39999389648438,11796200.0,131.39999389648438,38.9411081445142,-10.310012817382812,20.657964497797852,-1.1633677513788427,-0.6100747790182846,-195.14317873278688
2018-12-18,134.1699981689453,131.8000030517578,132.2899932861328,132.66000366210938,12761900.0,132.66000366210938,41.37855160222843,-12.339996337890625,21.32376464015785,-1.4135792198805177,-0.7707756671907312,-151.91685076898563
2018-12-19,135.8699951171875,129.52000427246094,132.92999267578125,131.25999450683594,13819000.0,131.25999450683594,39.492133827416154,-7.3800048828125,22.347498275424872,-1.7051863233166955,-0.957657798415924,-137.38644143933016
2018-12-20,132.00999450683594,127.1500015258789,130.16000366210938,128.75999450683594,18091700.0,128.75999450683594,36.30889351651819,-12.290008544921875,23.680520735797792,-2.113651303805824,-1.188856499493904,-158.0726300640826
2018-12-21,130.3300018310547,122.94999694824219,127.18000030517578,124.26000213623047,25448600.0,124.26000213623047,31.402332678178947,-12.849998474121094,25.49573561615719,-2.768560280433263,-1.5047972556817757,-172.50641586953228
2018-12-24,125.20999908447266,121.5999984741211,122.08000183105469,121.7300033569336,8617700.0,121.7300033569336,29.027328089355958,-16.150001525878906,27.345963371197165,-3.451938323940766,-1.8942254693335738,-176.4544113169814
2018-12-26,130.24000549316406,123.0,123.0199966430664,130.22999572753906,13499500.0,130.22999572753906,44.2758818392495,-6.5800018310546875,27.401101529023382,-3.2699480740599824,-2.1693699902788555,-85.0681160770971
2018-12-27,132.00999450683594,126.5199966430664,127.98999786376953,132.00999450683594,10883000.0,132.00999450683594,46.85112039209059,-5.790008544921875,26.948394494426093,-2.948104550317055,-2.3251169022864953,-41.40715517651461
2018-12-28,133.6199951171875,129.66000366210938,133.0800018310547,130.94000244140625,7381300.0,130.94000244140625,45.49018502541498,-6.5999908447265625,26.085458821783533,-2.7477068027428686,-2.40963488237777,-14.681616913877178
2018-12-31,132.44000244140625,130.22999572753906,131.67999267578125,131.94000244140625,7976000.0,131.94000244140625,47.03857831369936,-3.149993896484375,25.28416141147258,-2.4796150426463726,-2.4236309144314907,-5.808607922336504
2019-01-02,133.74000549316406,129.60000610351562,130.0,132.9199981689453,8788000.0,132.9199981689453,48.5800897540207,1.5200042724609375,24.16485202577781,-2.1631376222240704,-2.3715322559900067,14.196198913273822
2019-01-03,131.27999877929688,127.87999725341797,131.2100067138672,128.1300048828125,9428300.0,128.1300048828125,42.12602904655322,-4.529998779296875,23.52047515916509,-2.2726418128414423,-2.3517541673602937,-39.73445776708408
2019-01-04,134.58999633789062,130.1300048828125,130.44000244140625,133.64999389648438,11065800.0,133.64999389648438,50.31756915421847,2.3899993896484375,21.996673903799984,-1.8921956384414216,-2.259842461576519,64.32927914913077
2019-01-07,137.1699981689453,134.0399932861328,134.4499969482422,136.05999755859375,12928000.0,136.05999755859375,53.41761537786225,7.3000030517578125,20.899177249718825,-1.380310786439054,-2.083936126549026,142.62116411375453
2019-01-08,138.19000244140625,135.9600067138672,137.97000122070312,136.8000030517578,9243000.0,136.8000030517578,54.35932990350487,12.540000915527344,20.116440798693283,-0.9044995862823555,-1.8480488184956918,148.67545762606204
2019-01-09,139.47999572753906,137.6199951171875,138.3000030517578,138.41000366210938,9987600.0,138.41000366210938,56.4234101323856,16.68000030517578,19.685833069583946,-0.39297224873800474,-1.5570335045441543,156.12322630525733
2019-01-10,138.82000732421875,136.36000061035156,136.80999755859375,138.6699981689453,12514900.0,138.6699981689453,56.76346442747563,8.44000244140625,18.90949750739505,0.033015651578381267,-1.2390236733196471,120.88426655707256
2019-01-11,138.60000610351562,137.41000366210938,137.75,138.05999755859375,5860100.0,138.05999755859375,55.66588756756712,6.0500030517578125,18.188614485362496,0.3177295914383649,-0.9276730203680448,101.38747036327783
2019-01-14,138.1300048828125,136.64999389648438,136.99000549316406,137.10000610351562,8666700.0,137.10000610351562,53.899552901677396,6.160003662109375,17.275884019821255,0.4605947035567226,-0.6500194755830913,75.56747945225709
2019-01-15,137.72000122070312,135.25,136.9600067138672,137.33999633789062,7594900.0,137.33999633789062,54.29003901226016,5.399993896484375,16.09570871191815,0.5864216368354391,-0.4027312530993852,55.47883496065894
2019-01-16,138.8699951171875,137.07000732421875,138.39999389648438,137.33999633789062,7258000.0,137.33999633789062,54.29003901226017,4.4199981689453125,15.246154657258336,0.6783211243120775,-0.18652077761709263,66.67934698546817
2019-01-17,137.91000366210938,136.58999633789062,136.97000122070312,137.27999877929688,5864900.0,137.27999877929688,54.15703501036035,9.149993896484375,14.296289494795866,0.7378058619707986,-0.0016554496995143664,49.26357410846834
2019-01-18,138.60000610351562,136.63999938964844,138.30999755859375,138.5,10263500.0,138.5,56.491207546246095,4.850006103515625,13.641189871654083,0.8733247041017194,0.17334058106073238,59.96290028136749
2019-01-22,139.52000427246094,136.97999572753906,137.89999389648438,138.0500030517578,8102300.0,138.0500030517578,55.37130810943584,1.9900054931640625,13.334140328393676,0.9336508243832213,0.32540262972523015,62.88083696186622
2019-01-23,138.97999572753906,136.14999389648438,138.77000427246094,137.00999450683594,5465800.0,137.00999450683594,52.76768434746613,0.209991455078125,12.725662152983547,0.88731133869112,0.4377843715184081,32.382625419315886
2019-01-24,138.32000732421875,136.52000427246094,137.11000061035156,137.6999969482422,4924800.0,137.6999969482422,54.30293795115472,-0.7100067138671875,12.160646704388428,0.8959365935039045,0.5294148159155074,27.044120485510593
2019-01-25,139.89999389648438,137.6999969482422,139.0,138.6699981689453,9756300.0,138.6699981689453,56.446190605440194,0.0,12.20539617610697,0.969863182903282,0.6175044893130623,135.6279458363205
2019-01-28,137.50999450683594,134.80999755859375,137.50999450683594,135.99000549316406,9857200.0,135.99000549316406,49.533737487833065,-2.0699920654296875,11.561065719932829,0.8029417140467103,0.6545919342597919,-179.3380150467154
2019-01-29,136.69000244140625,134.11000061035156,136.58999633789062,135.0,7457700.0,135.0,47.23267312454842,-2.100006103515625,11.209103405169282,0.5840376553562692,0.6404810784790873,-215.4182267518121
2019-01-30,137.89999389648438,135.50999450683594,136.10000610351562,137.60000610351562,8078100.0,137.60000610351562,53.360456521765734,0.260009765625,10.408607341591411,0.6132838209891531,0.6350416269811004,-37.81609971129623
2019-01-31,135.72999572753906,133.3000030517578,134.38999938964844,135.00999450683594,20095700.0,135.00999450683594,47.449206964605075,-2.3300018310546875,10.443776533309778,0.42259788240809826,0.5925528780665,-195.68061915017486
2019-02-01,140.35000610351562,135.25999450683594,135.38999938964844,140.14999389648438,13248300.0,140.14999389648438,57.509256713360955,2.8699951171875,10.479903258345738,0.6784125783361219,0.6097248181204244,108.62041320505197
2019-02-04,141.52000427246094,139.17999267578125,139.7899932861328,141.5,11882700.0,141.5,59.69184167151472,3.0,10.837811767648995,0.9787987947614738,0.6835396134486343,206.25866828250372
2019-02-05,142.9499969482422,141.8300018310547,142.0,142.52999877929688,8455700.0,142.52999877929688,61.324150582994285,4.4799957275390625,11.549836449045317,1.2851548635883887,0.8038626634765852,222.95757820392944
2019-02-06,142.4199981689453,141.0500030517578,141.9600067138672,141.49000549316406,6146900.0,141.49000549316406,58.73769625504863,4.480010986328125,11.903540494484067,1.427569357780186,0.9286040023373053,141.28756523155326
2019-02-07,141.05999755859375,139.2100067138672,139.9199981689453,140.1699981689453,10675300.0,140.1699981689453,55.53601234050897,2.470001220703125,11.541249070406272,1.4175793389582338,1.026399069661491,68.8207576993207
2019-02-08,140.39999389648438,138.52000427246094,138.69000244140625,140.3800048828125,5950700.0,140.3800048828125,55.94742191666147,1.7100067138671875,10.957335914546476,1.4103503231645789,1.1031893203621086,47.58729522811305
2019-02-11,142.2899932861328,140.4499969482422,141.25999450683594,140.8000030517578,7600100.0,140.8000030517578,56.808151402305555,4.80999755859375,11.017853142962963,1.4221183234339208,1.166975120976471,83.66100020183649
2019-02-12,142.8000030517578,141.25,141.7899932861328,141.99000549316406,6090000.0,141.99000549316406,59.23829972331831,6.9900054931640625,11.229950509916604,1.510060759729413,1.2355922487270594,94.04107706753564
2019-02-13,144.6999969482422,142.8699951171875,142.88999938964844,143.49000549316406,6885600.0,143.49000549316406,62.130625516549756,5.8899993896484375,11.981802247303085,1.6814109789383735,1.3247559947693222,122.781662540208
2019-02-14,143.47999572753906,142.39999389648438,142.97999572753906,143.16000366210938,6314000.0,143.16000366210938,61.10339006510036,8.150009155273438,12.475611630857573,1.7701734151126516,1.413839478837988,89.88531982418944
2019-02-15,144.91000366210938,143.82000732421875,144.5500030517578,144.91000366210938,6536000.0,144.91000366210938,64.45920352587017,4.760009765625,13.34826446491663,1.9591448575271215,1.5229005545758147,118.56780932964615
2019-02-19,144.8800048828125,144.02000427246094,144.4199981689453,144.44000244140625,8406700.0,144.44000244140625,62.88988013625404,2.94000244140625,14.158584953685757,2.047379994433612,1.6277964425473743,107.19789109664521
2019-02-20,144.83999633789062,143.52000427246094,144.35000610351562,144.72999572753906,5283100.0,144.72999572753906,63.480657843741426,2.1999969482421875,14.660121826817464,2.116311489257754,1.7254994518894502,94.73805853364443
2019-02-21,145.02999877929688,143.17999267578125,144.35000610351562,144.0,8573400.0,144.0,60.85438015801065,2.5099945068359375,14.950875357297562,2.0879668589116136,1.7979929332938829,78.0922915851801
2019-02-22,146.27999877929688,144.4199981689453,144.4199981689453,145.8699951171875,9680800.0,145.8699951171875,64.86444073607926,5.6999969482421875,15.650989890339586,2.1911384329868895,1.876622033232484,121.99703769619467
2019-02-25,147.1999969482422,145.80999755859375,146.91000366210938,146.05999755859375,9731200.0,146.05999755859375,65.25391346035191,5.67999267578125,16.599250266286266,2.262157514178142,1.9537291294216157,133.9867414834855
2019-02-26,147.39999389648438,145.02000427246094,145.1999969482422,147.0399932861328,7332500.0,147.0399932861328,67.26919859300048,6.239990234375,17.030425897524683,2.370195968998587,2.03702249733701,116.36384235942411
2019-02-27,147.49000549316406,145.9199981689453,146.5,147.22000122070312,9731200.0,147.22000122070312,67.64046446840746,5.2299957275390625,17.463692346872943,2.442190309077205,2.118056059685049,115.10300499332278
2019-02-28,148.82000732421875,147.22999572753906,147.25999450683594,148.1199951171875,6250200.0,148.1199951171875,69.50305475172269,4.6299896240234375,18.34123713018088,2.542559287387377,2.202956705225515,143.7768194913449
2019-03-01,149.92999267578125,148.3800048828125,149.4600067138672,149.47000122070312,7016800.0,149.47000122070312,72.09747000204989,6.30999755859375,19.518119809397977,2.6999137112739504,2.302348106435202,157.9520358129618
2019-03-04,150.19000244140625,146.9499969482422,150.07000732421875,147.9600067138672,6979700.0,147.9600067138672,65.3961599144165,3.0500030517578125,19.734738719725303,2.6719734421352257,2.3762731735752065,107.76415352777586
2019-03-05,149.2899932861328,147.8300018310547,148.0,147.9499969482422,9678600.0,147.9499969482422,65.3527951410312,3.5099945068359375,19.93588485074353,2.6188345782628915,2.4247854545127434,92.86135504035224
2019-03-06,148.52000427246094,147.4199981689453,148.0,147.80999755859375,8186400.0,147.80999755859375,64.70651654725205,3.0800018310546875,19.865596087405446,2.5361892540802558,2.447066214426246,66.66669590647145
2019-03-07,147.80999755859375,146.0399932861328,147.25999450683594,146.8300018310547,8761700.0,146.8300018310547,60.21740532015056,2.8300018310546875,18.982901648958947,2.3643599049702004,2.4305249525350368,16.67771950689744
2019-03-08,147.47999572753906,144.5,145.44000244140625,147.35000610351562,5168100.0,147.35000610351562,61.734414206650655,1.480010986328125,17.886541593733536,2.2442733209352923,2.3932746262150877,-11.864647352220382
2019-03-11,150.97000122070312,148.02000427246094,148.11000061035156,150.6699981689453,9361500.0,150.6699981689453,69.6830898256066,4.6100006103515625,17.843713713388524,2.389455297968624,2.392510760565795,139.1440841182611
2019-03-12,153.13999938964844,150.8699951171875,151.0,151.72999572753906,9465100.0,151.72999572753906,71.70407360374467,4.69000244140625,18.507467747903004,2.560529811167811,2.426114570686198,190.71366943945017
2019-03-13,154.0399932861328,152.0399932861328,152.3000030517578,152.47000122070312,8308900.0,152.47000122070312,73.05452363238751,5.25,19.386641031775433,2.724414499753834,2.485774556499725,191.44326617625921
2019-03-14,154.69000244140625,152.3000030517578,152.55999755859375,154.1999969482422,9364900.0,154.1999969482422,75.94491271857105,6.0800018310546875,20.389784398430947,2.959772083039411,2.5805740618076625,169.05395874296028
2019-03-15,156.82000732421875,153.36000061035156,153.72000122070312,155.4600067138672,20162000.0,155.4600067138672,77.81175234702832,5.9900054931640625,21.880830624652436,3.2109530531501775,2.7066498600761655,164.48830190323417
2019-03-18,156.41000366210938,154.4199981689453,155.9199981689453,154.9600067138672,9689400.0,154.9600067138672,75.31395997987825,7.0,23.265373549000962,3.3312691630301288,2.8315737206669582,130.19178525277152
2019-03-19,155.9499969482422,154.13999938964844,155.9499969482422,154.58999633789062,9236100.0,154.58999633789062,73.43531514349502,6.6399993896484375,24.373182618058927,3.3580542429091054,2.9368698251153877,99.16689208527568
2019-03-20,154.8699951171875,152.7100067138672,154.33999633789062,153.75,6391400.0,153.75,69.21433395064405,5.94000244140625,24.525904600771447,3.2737630250576615,3.0042484651038426,62.70672122755901
2019-03-21,156.67999267578125,153.30999755859375,153.32000732421875,155.8000030517578,7027100.0,155.8000030517578,73.25467585799441,8.970001220703125,25.232040473027826,3.3339480633478047,3.070188384752635,83.85354785880347
2019-03-22,155.67999267578125,152.85000610351562,154.99000549316406,153.07000732421875,8119800.0,153.07000732421875,61.65085959230101,5.720001220703125,25.613323787747316,3.1253304362973893,3.081216795061586,46.71477281738164
2019-03-25,154.05999755859375,151.5399932861328,152.36000061035156,153.02999877929688,7568000.0,153.02999877929688,61.49711646248516,2.3600006103515625,25.215698604705292,2.923075711391789,3.0495885783276266,17.62470249083858
2019-03-26,155.60000610351562,153.77000427246094,153.77000427246094,155.3000030517578,15594400.0,155.3000030517578,66.58824916156448,3.57000732421875,25.37523732047585,2.9123855901219997,3.0221479806865013,65.38087255765979
2019-03-27,155.86000061035156,153.36000061035156,155.47000122070312,154.22000122070312,12253800.0,154.22000122070312,62.363197385557044,1.75,25.287966941107488,2.7846665673891664,2.974651698027034,47.37011411918249
2019-03-28,155.0800018310547,153.61000061035156,154.92999267578125,154.6699981689453,16902200.0,154.6699981689453,63.40509448676149,0.470001220703125,25.206930160265436,2.688764906505128,2.917474339722653,38.25295062270969
2019-03-29,156.2899932861328,154.92999267578125,155.72999572753906,156.19000244140625,12164400.0,156.19000244140625,66.75307916034396,0.7299957275390625,25.572197942055123,2.704240984168308,2.874827668611784,114.63170665944575
2019-04-01,157.72999572753906,156.5500030517578,157.52999877929688,157.25999450683594,6420100.0,157.25999450683594,68.90939529243167,2.29998779296875,26.38109938609804,2.770904047566404,2.854042944402708,192.30335320808177
2019-04-02,158.14999389648438,156.75,157.66000366210938,157.77999877929688,6215100.0,157.77999877929688,69.93010888057117,3.19000244140625,27.261991492344464,2.83303751159238,2.849841857840642,184.66465687675992
2019-04-03,159.11000061035156,157.85000610351562,158.5500030517578,158.4600067138672,8209300.0,158.4600067138672,71.2589384502821,4.7100067138671875,28.36967037825397,2.903677895434953,2.860609065359504,188.907400245333
2019-04-04,158.69000244140625,156.52999877929688,158.52999877929688,157.63999938964844,5100200.0,157.63999938964844,67.39143620413309,1.839996337890625,28.488070926298253,2.860518889443057,2.8605910301762147,107.93914877288668
2019-04-05,158.6300048828125,157.22999572753906,158.0,157.64999389648438,4178300.0,157.64999389648438,67.41464977441039,4.579986572265625,28.598014292339368,2.794903630143523,2.8474535501696763,96.41541640913921
2019-04-08,157.85000610351562,156.32000732421875,157.5500030517578,157.75,5604700.0,157.75,67.66271372802308,4.720001220703125,28.081503613621997,2.719622604703318,2.8218873610764046,62.801814693086
2019-04-09,157.99000549316406,156.47000122070312,156.55999755859375,157.49000549316406,6364100.0,157.49000549316406,66.25065170797949,2.19000244140625,27.663190779595045,2.6089085915800183,2.7792916071771274,53.88338529569565
2019-04-10,158.77999877929688,157.52000427246094,157.99000549316406,158.55999755859375,3918600.0,158.55999755859375,69.10792937945956,4.339996337890625,27.620311016643775,2.5777911837646457,2.738991522494631,82.61554967199362
2019-04-11,159.3000030517578,157.44000244140625,159.11000061035156,157.86000061035156,5771400.0,157.86000061035156,65.21788936235687,3.19000244140625,27.800509765867737,2.4681946981946794,2.6848321576346406,71.78918733745674
2019-04-12,159.63999938964844,157.86000061035156,158.7100067138672,159.63999938964844,6745100.0,159.63999938964844,69.86335573887698,3.4499969482421875,28.111929340054633,2.496195135504621,2.6471047532086365,110.55100604363952
2019-04-15,160.47999572753906,159.19000244140625,159.8300018310547,160.44000244140625,8142800.0,160.44000244140625,71.69322635568611,3.1800079345703125,28.74684809351098,2.553504039115552,2.6283846103900195,156.54509769517912
2019-04-16,161.10000610351562,159.5500030517578,161.0399932861328,160.22999572753906,6021400.0,160.22999572753906,70.48335750778439,2.4499969482421875,29.577935816316625,2.5525517438114207,2.6132180370743,154.88095992276035
2019-04-17,161.07000732421875,160.30999755859375,160.8699951171875,160.44000244140625,4609100.0,160.44000244140625,71.01021105258312,1.9799957275390625,30.34966013035044,2.5394694070718344,2.5984683110738067,152.12638618282736
2019-04-18,161.10000610351562,159.0,160.92999267578125,160.16000366210938,7859400.0,160.16000366210938,69.23577181895669,2.5200042724609375,29.900769036470376,2.477943805784122,2.5743634100158697,98.00026692084033
2019-04-22,160.47999572753906,159.07000732421875,159.1999969482422,160.39999389648438,4602600.0,160.39999389648438,69.92936535524713,2.75,29.483941592153172,2.420645831383098,2.543619894289315,76.18489584723288
2019-04-23,161.8800048828125,159.8699951171875,161.0,161.66000366210938,6522900.0,161.66000366210938,73.32921586929228,3.910003662109375,29.779883436288312,2.4486821480545586,2.524632345042364,122.53184925675474
2019-04-24,162.02999877929688,160.64999389648438,161.75,161.49000549316406,7376500.0,161.49000549316406,72.14406711047626,4.0,30.122580475380023,2.4291816060658675,2.5055421972470646,112.77273740035812
2019-04-25,161.60000610351562,158.5500030517578,160.52000427246094,161.02000427246094,8862500.0,161.02000427246094,68.83180709272676,2.4600067138671875,28.733789934617818,2.348727447516467,2.474179247300945,52.84777851599927
2019-04-26,163.02999877929688,160.39999389648438,161.25999450683594,162.92999267578125,7525400.0,162.92999267578125,74.04657422640588,5.0699920654296875,28.179305592088504,2.4112911851284764,2.4616016348664513,131.507503526187
2019-04-29,164.5,163.10000610351562,163.2100067138672,164.14999389648438,10003600.0,164.14999389648438,76.72526321804936,4.5099945068359375,28.303009513992155,2.530151291346357,2.4753115661624325,205.26073651796332
2019-04-30,165.6999969482422,163.9199981689453,164.97999572753906,164.42999267578125,6432700.0,164.42999267578125,77.30422926191858,3.989990234375,28.870723763066625,2.6167777581977703,2.5036048045695,192.08341253264388
2019-05-01,165.74000549316406,162.75,165.5399932861328,162.7899932861328,5248100.0,162.7899932861328,66.81978070908214,2.55999755859375,28.553723985280786,2.5240005058934685,2.5076839448342936,119.71436285337067
2019-05-02,163.0800018310547,160.42999267578125,162.10000610351562,161.1199951171875,6054900.0,161.1199951171875,58.16838223131153,0.67999267578125,26.870346545323997,2.289329009774576,2.46401295782235,9.393565594143334
2019-05-03,162.74000549316406,161.17999267578125,162.3000030517578,162.0399932861328,4317500.0,162.0399932861328,61.15239814696293,1.8799896240234375,25.307210351078403,2.1527705233320944,2.401764470924299,22.70259272931207
2019-05-06,162.64999389648438,158.1999969482422,158.2100067138672,162.27999877929688,10442400.0,162.27999877929688,61.915639761106135,1.8800048828125,24.55952242733585,2.0403929961058225,2.3294901759606037,-33.57334374766886
2019-05-07,161.77999877929688,158.67999267578125,160.9499969482422,160.2100067138672,6413600.0,160.2100067138672,52.360560452965046,-1.4499969482421875,23.865240783860624,1.7639680109101334,2.21638574295051,-79.30194655596377
2019-05-08,161.6999969482422,159.52000427246094,159.77000427246094,160.75999450683594,5445900.0,160.75999450683594,54.375229336418286,-0.730010986328125,23.22055068634791,1.57116719960149,2.087342034280706,-55.087539965410414
2019-05-09,159.85000610351562,157.1699981689453,158.86000061035156,159.80999755859375,6813700.0,159.80999755859375,50.409667628257395,-1.2100067138671875,23.57588114623842,1.3264241612565968,1.935158459675884,-140.31972838527207
2019-05-10,161.39999389648438,157.27000427246094,158.86000061035156,160.7100067138672,5192500.0,160.7100067138672,53.84399155285292,-2.2199859619140625,22.98803872044134,1.1913535748115294,1.7863974827030131,-93.1937289487862
2019-05-13,158.72000122070312,156.4199981689453,157.19000244140625,157.3300018310547,9730000.0,157.3300018310547,42.062624496142,-6.8199920654296875,22.780111765010435,0.8023223432149962,1.5895824548054098,-169.6767094638225
2019-05-14,161.52000427246094,157.94000244140625,158.10000610351562,160.2100067138672,9756700.0,160.2100067138672,51.75018953016364,-4.2199859619140625,21.167955163819563,0.7181264989324916,1.4152912636308261,-54.67941994005353
2019-05-15,163.16000366210938,159.10000610351562,159.32000732421875,162.7899932861328,7547000.0,162.7899932861328,58.45230163186665,0.0,20.317383700712014,0.8497882107558894,1.3021906530558387,17.952368422701174
2019-05-16,165.60000610351562,162.86000061035156,163.4499969482422,164.8699951171875,9745500.0,164.8699951171875,62.923700501284365,3.75,20.37989065330033,1.1091838494395176,1.2635892923325744,117.204398487954
2019-05-17,165.1999969482422,163.1999969482422,163.2899932861328,164.08999633789062,4582500.0,164.08999633789062,60.30280997202361,2.0500030517578125,20.437932823560914,1.2375516540546698,1.2583817646769935,104.54166590540726
2019-05-20,164.74000549316406,162.3300018310547,163.35000610351562,163.47000122070312,4747400.0,163.47000122070312,58.2267670281006,1.19000244140625,20.045371420058608,1.2745632676492562,1.261618065271446,86.91266240097191
2019-05-21,164.86000061035156,163.19000244140625,164.5800018310547,163.86000061035156,9095700.0,163.86000061035156,59.17878479563012,3.649993896484375,19.727038907646516,1.3201470955069965,1.273323871318556,103.85027577567169
2019-05-22,165.6300048828125,163.4499969482422,163.60000610351562,164.24000549316406,5416400.0,164.24000549316406,60.13219377404193,3.480010986328125,19.732397820052604,1.371130289232383,1.2928851549013214,101.73747053214932
2019-05-23,164.25,160.82000732421875,163.5,161.50999450683594,6138000.0,161.50999450683594,50.92936268349024,1.6999969482421875,18.40996815996885,1.1776703162989293,1.269842187180843,20.879167733405932
2019-05-24,163.41000366210938,161.72000122070312,162.75,162.63999938964844,4105600.0,162.63999938964844,54.06319528720039,1.92999267578125,17.181997761319646,1.1028212077429487,1.2364379912932641,30.700566683174724
2019-05-28,165.77000427246094,163.3300018310547,163.39999389648438,163.7100067138672,10202300.0,163.7100067138672,56.871896676187625,6.3800048828125,17.02246729740844,1.1169676903476784,1.212543931104147,78.02372724726666
2019-05-29,163.5,161.47999572753906,163.3000030517578,162.72999572753906,6456000.0,162.72999572753906,53.63715645189912,2.519989013671875,16.01207572666358,1.037144625782787,1.177464070039875,15.575517021511093
2019-05-30,163.5,161.94000244140625,162.8000030517578,162.75999450683594,4750600.0,162.75999450683594,53.72392364487857,-0.029998779296875,15.073854982400494,0.9651789407737965,1.1350070441866593,13.705506331272996
2019-05-31,162.1300048828125,160.55999755859375,160.91000366210938,161.3300018310547,5079000.0,161.3300018310547,49.01492328040599,-3.5399932861328125,14.40366656867556,0.7837228893138217,1.0647502132120918,-55.061976876344204
2019-06-03,162.8300018310547,156.75,161.5399932861328,158.60000610351562,8034600.0,158.60000610351562,41.53075323473264,-5.489990234375,15.118372568447024,0.414847715297185,0.9347697136291104,-170.40898794550068
2019-06-04,162.3699951171875,158.64999389648438,160.2899932861328,162.3300018310547,6684800.0,162.3300018310547,52.25716719943721,-1.1399993896484375,15.782028139663383,0.4186648567653606,0.8315487422563604,-91.1364054380031
2019-06-05,165.39999389648438,162.69000244140625,163.5,165.38999938964844,7769300.0,165.38999938964844,58.915988046805126,1.529998779296875,15.02322581980656,0.6609867545354859,0.7974363447121855,83.25957913267563
2019-06-06,167.39999389648438,164.94000244140625,165.8800048828125,166.9199981689453,13738500.0,166.9199981689453,61.78589321902044,2.67999267578125,14.325979347719867,0.9653586653302284,0.8310208088357941,160.9423860723424
2019-06-07,171.61000061035156,167.8000030517578,168.0,170.0500030517578,10528800.0,170.0500030517578,66.88259897159836,8.540008544921875,14.919824976678361,1.4425124474555275,0.9533191365597408,236.4056330016839
2019-06-10,172.02000427246094,170.50999450683594,171.83999633789062,170.82000732421875,7565900.0,170.82000732421875,68.01284820957211,8.180007934570312,15.575551784120407,1.8613368347020867,1.1349226761882099,202.0510621235429
2019-06-11,172.17999267578125,168.4199981689453,171.9499969482422,170.30999755859375,6082900.0,170.30999755859375,66.39650626195913,6.5999908447265625,15.352184281837534,2.1275792441507804,1.333453989780724,137.63854480956843
2019-06-12,171.6199951171875,169.6999969482422,170.3800048828125,171.58999633789062,6772000.0,171.58999633789062,68.42468278246476,8.860000610351562,15.144771601146292,2.41403597190606,1.5495703862057912,117.65463605006715
2019-06-13,172.1999969482422,168.72000122070312,172.13999938964844,169.35000610351562,6901400.0,169.35000610351562,61.4364309278757,6.5900115966796875,14.561998370677466,2.4322688200045945,1.7261100729655519,83.30239728454313
2019-06-14,170.63999938964844,168.83999633789062,169.77000427246094,169.66000366210938,4999900.0,169.66000366210938,62.01461892979919,8.330001831054688,14.020851799527842,2.443564801735903,1.8696010187196221,65.54956761434157
2019-06-17,170.4199981689453,169.02999877929688,169.72999572753906,169.55999755859375,6410200.0,169.55999755859375,61.69326580219246,10.959991455078125,13.518358554888904,2.4165903426781767,1.978998883511333,56.71642537827496
2019-06-18,170.6699981689453,167.5500030517578,170.64999389648438,169.27999877929688,6969300.0,169.27999877929688,60.744175774447726,6.9499969482421875,12.695195828665897,2.3455809311912788,2.052315293047322,41.33484408555513
2019-06-19,171.1999969482422,169.2100067138672,169.38999938964844,170.69000244140625,6323900.0,170.69000244140625,63.76706318681785,5.3000030517578125,11.874396113703401,2.375695434482992,2.116991321334456,56.28415345347103
2019-06-20,173.94000244140625,171.75,172.50999450683594,173.74000549316406,11474100.0,173.74000549316406,69.27807146097783,6.82000732421875,12.161059922175427,2.6155210530485817,2.216697267677281,105.00286985037303
2019-06-21,174.80999755859375,173.16000366210938,173.27000427246094,173.44000244140625,11728200.0,173.44000244140625,68.17959183706736,3.3899993896484375,12.717816258448904,2.749680242348063,2.3232938626114374,131.349387138269
2019-06-24,174.72999572753906,172.72000122070312,174.60000610351562,173.85000610351562,5554900.0,173.85000610351562,68.90524664802494,3.029998779296875,13.014896415679244,2.8561621757584135,2.429867525240833,138.02741389201958
2019-06-25,174.94000244140625,170.58999633789062,174.80999755859375,171.27999877929688,9899900.0,171.27999877929688,59.712947479912245,0.970001220703125,12.305561151788996,2.7020245059768797,2.484298921388042,67.05595026336289
2019-06-26,172.38999938964844,170.82000732421875,171.38999938964844,171.05999755859375,7129900.0,171.05999755859375,58.987497878756756,-0.529998779296875,11.646892692462341,2.5329191173913728,2.4940229605887083,16.249556619084366
2019-06-27,172.39999389648438,170.32000732421875,172.1199951171875,171.22999572753906,5873400.0,171.22999572753906,59.39797622787594,1.8799896240234375,10.823869676637473,2.3851250729466074,2.472243383060288,5.220162061985675
2019-06-28,173.5500030517578,170.52000427246094,171.9600067138672,173.5500030517578,8442700.0,173.5500030517578,64.60454160394664,3.8899993896484375,10.553778016868648,2.4272229150093665,2.4632392894501036,63.02814168428066
2019-07-01,175.5399932861328,172.74000549316406,175.3300018310547,173.94000244140625,6103200.0,173.94000244140625,65.40759361479085,4.3800048828125,11.084453745876482,2.4636559572241197,2.463322623004907,115.32115276464782
2019-07-02,175.32000732421875,173.3000030517578,174.10000610351562,175.27999877929688,5238100.0,175.27999877929688,68.08671283713907,6.0,11.577224065669471,2.5710188069138553,2.4848618597866965,115.3150899069201
2019-07-03,176.99000549316406,175.72000122070312,176.0,176.8699951171875,4066600.0,176.8699951171875,70.96063846805929,6.17999267578125,12.636896693177302,2.7526729547712705,2.538424078783611,160.04333814139514
2019-07-05,177.02999877929688,174.50999450683594,175.86000061035156,176.66000366210938,5840400.0,176.66000366210938,70.06324191607024,2.9199981689453125,12.950514385794847,2.846873633117468,2.6001139896503824,121.84384450535721
2019-07-08,176.61000061035156,175.39999389648438,176.3000030517578,176.19000244140625,6720300.0,176.19000244140625,67.99072260713142,2.75,13.241730814653996,2.850741604151807,2.6502395125506673,107.29793422767321
2019-07-09,177.88999938964844,175.3000030517578,175.42999267578125,177.72999572753906,4894300.0,177.72999572753906,71.01603784913138,3.8799896240234375,14.006897805180747,2.944133449250245,2.709018299890583,127.68165380448846
2019-07-10,180.25999450683594,178.5800018310547,178.5800018310547,179.30999755859375,5110600.0,179.30999755859375,73.75659232059637,8.029998779296875,15.492554983864194,3.1097923520268864,2.7891731103178437,176.75142978421448
2019-07-11,180.94000244140625,179.4600067138672,180.1199951171875,180.74000549316406,6986600.0,180.74000549316406,75.971113653364,9.680007934570312,17.06875796761235,3.3182175686178823,2.8949820019778514,161.2609558816639
2019-07-12,181.35000610351562,178.9199981689453,181.35000610351562,180.3300018310547,7196700.0,180.3300018310547,74.04193965208887,9.100006103515625,18.18986690465329,3.410992388415565,2.998184079265394,125.89960071972195
2019-07-15,181.07000732421875,179.94000244140625,180.55999755859375,180.57000732421875,4490400.0,180.57000732421875,74.45093284970716,7.0200042724609375,19.23089663190559,3.46395324225972,3.091337911864259,113.72991715683688
2019-07-16,180.8800048828125,178.72999572753906,180.3699951171875,179.30999755859375,6800200.0,179.30999755859375,68.36129403423188,5.3699951171875,19.409872034303678,3.3654579385577392,3.146161917202955,80.35185382805959
2019-07-17,180.2100067138672,179.00999450683594,179.55999755859375,179.14999389648438,3994200.0,179.14999389648438,67.60508570973941,3.8699951171875,19.576063479387617,3.237172631402899,3.164364060042944,65.25431961363195
2019-07-18,180.6199951171875,178.5800018310547,178.6300048828125,180.52999877929688,4736300.0,180.52999877929688,70.6234228929245,3.660003662109375,19.442563402101964,3.209859203270611,3.1734630886884774,66.14879831650632
2019-07-19,181.83999633789062,179.13999938964844,181.83999633789062,179.24000549316406,5327100.0,179.24000549316406,64.56729521312731,2.5800018310546875,19.858489772533108,3.0489747543783494,3.1485654218264516,62.42940793331759
2019-07-22,180.97999572753906,179.13999938964844,179.63999938964844,180.57000732421875,4862100.0,180.57000732421875,67.64765533907556,4.3800048828125,20.244707116504888,2.9942765458502834,3.117707646631218,61.18283127903726
2019-07-23,181.27000427246094,179.05999755859375,180.88999938964844,180.89999389648438,7193000.0,180.89999389648438,68.3820997407775,3.1699981689453125,20.735170476767628,2.9436227295962,3.0828906632242146,64.2537593891448
2019-07-24,183.42999267578125,179.25,180.7899932861328,183.3300018310547,8169300.0,183.3300018310547,73.20589179725836,4.0200042724609375,22.051397853758598,3.064237919851763,3.0791601145497243,135.52260550208328
2019-07-25,183.99000549316406,181.3000030517578,183.8699951171875,181.58999633789062,6085800.0,181.58999633789062,65.49997527534599,0.8499908447265625,23.465362805513987,2.985013053277072,3.060330702295194,151.5029321951932
2019-07-26,183.82000732421875,182.2100067138672,182.41000366210938,183.69000244140625,5056300.0,183.69000244140625,69.65202548010406,3.3600006103515625,24.778330260715418,3.0564469005058186,3.059553941937319,198.3268686042157
2019-07-29,184.07000732421875,182.72999572753906,183.88999938964844,183.2100067138672,4621800.0,183.2100067138672,67.64801608821271,2.6399993896484375,26.090292446006448,3.0392920287530956,3.0555015593004744,154.1090439640936
2019-07-30,183.3800048828125,181.27000427246094,182.5399932861328,181.52999877929688,5236600.0,181.52999877929688,61.02944734409299,2.220001220703125,26.0491508919248,2.857198068596432,3.015840861159666,62.68412474216627
2019-07-31,182.0500030517578,176.05999755859375,181.7899932861328,178.0,7981200.0,178.0,49.967229737292804,-1.149993896484375,25.246375668849875,2.400375854528704,2.8927478598334737,-116.95350880458406
2019-08-01,182.39999389648438,178.1699981689453,179.19000244140625,179.1699981689453,8417300.0,179.1699981689453,53.007594872140615,-1.3600006103515625,24.314666649698612,2.108445189126229,2.735887325692025,-49.73122682098252
2019-08-02,178.27000427246094,174.69000244140625,178.0,177.4199981689453,8264600.0,177.4199981689453,48.28162823576121,-1.82000732421875,24.676418636331373,1.7160955773251203,2.531928976018644,-175.581391861213
2019-08-05,173.5,166.97999572753906,172.00999450683594,168.86000061035156,16858300.0,168.86000061035156,32.85250331423381,-11.710006713867188,26.61763278544893,0.7062937049740299,2.166801921809721,-319.21222661115115
2019-08-06,172.9499969482422,170.1300048828125,171.7899932861328,172.47999572753906,10281300.0,172.47999572753906,41.38347470315752,-8.419998168945312,28.42018878105809,0.1958640000304399,1.7726143374538648,-172.8297320249899
2019-08-07,175.72999572753906,170.33999633789062,171.5,175.32000732421875,8292800.0,175.32000732421875,47.06551327272248,-8.009994506835938,28.820055501815034,0.020276250308029375,1.4221467200246978,-101.04076173208936
2019-08-08,179.9499969482422,176.57000732421875,177.4600067138672,179.89999389648438,7602800.0,179.89999389648438,54.69295080426225,-1.69000244140625,27.64943616617426,0.24783148634375607,1.1872836732885095,0.10588815758098237
2019-08-09,180.10000610351562,177.85000610351562,179.6699981689453,179.0500030517578,5373700.0,179.0500030517578,53.16194943972873,-4.6399993896484375,26.513216471221785,0.3554856752671469,1.0209240736842369,5.903782446429133
2019-08-12,178.64999389648438,175.60000610351562,177.44000244140625,176.33999633789062,7394400.0,176.33999633789062,48.50039950430291,-6.8700103759765625,26.025996036947323,0.21959613471037187,0.8606584858894639,-32.101583259845995
2019-08-13,178.9199981689453,174.2100067138672,174.38999938964844,178.61000061035156,6667700.0,178.61000061035156,52.27536550817755,-2.9199981689453125,25.897896770610366,0.29171041230853234,0.7468688711732776,-18.21286131423596
2019-08-14,177.25,173.16000366210938,176.24000549316406,173.50999450683594,7293500.0,173.50999450683594,44.40076789926618,-4.4900054931640625,26.016921120529116,-0.06195222646121579,0.5851046516463789,-62.10999784566509
2019-08-15,177.02000427246094,173.52000427246094,174.25999450683594,176.27000427246094,6698000.0,176.27000427246094,48.888002280041256,-2.899993896484375,26.127443731167954,-0.11816061198351235,0.44445159892040065,-33.470258358733155
2019-08-16,178.75,177.1999969482422,178.0,178.22999572753906,8312200.0,178.22999572753906,51.859328578835516,0.80999755859375,25.523818040087985,-0.004499366480700928,0.35466140584018035,37.38279804569349
2019-08-19,180.4199981689453,178.1199951171875,180.4199981689453,179.74000549316406,5285000.0,179.74000549316406,54.07442363544514,10.8800048828125,24.33651870629785,0.20505936120218848,0.32474099691258196,83.08964608399238
2019-08-20,180.6300048828125,178.49000549316406,179.42999267578125,179.24000549316406,3793600.0,179.24000549316406,53.20149450035249,6.760009765625,23.15625792897583,0.3270206508545641,0.3251969277009784,81.03128298950831
2019-08-21,181.69000244140625,180.24000549316406,180.69000244140625,180.94000244140625,3695900.0,180.94000244140625,55.81330367278133,5.6199951171875,21.663371347063137,0.5544599289222845,0.3710495279452396,117.86243254696471
2019-08-22,182.3300018310547,178.61000061035156,181.9499969482422,180.08999633789062,6659900.0,180.08999633789062,54.1849573409616,0.19000244140625,20.82619279341775,0.6585277091345176,0.4285451641830952,88.00043375893917
2019-08-23,180.5,174.24000549316406,179.5500030517578,175.22999572753906,7051900.0,175.22999572753906,45.93338897474274,-3.82000732421875,21.239144031211055,0.34486534911169997,0.41180920116881614,-21.58198554026976
2019-08-26,177.6699981689453,175.35000610351562,176.41000366210938,177.58999633789062,7754400.0,177.58999633789062,49.92151967476894,1.25,21.62259875201912,0.28345055334850144,0.3861374716047532,-31.57801293361814
2019-08-27,179.19000244140625,176.94000244140625,178.32000732421875,178.3800048828125,4022100.0,178.3800048828125,51.21869304115806,-0.2299957275390625,21.35049453076739,0.29512396705086985,0.3679347706939765,7.490285893474845
2019-08-28,178.99000549316406,176.02999877929688,176.99000549316406,178.6699981689453,4401900.0,178.6699981689453,51.71313659056048,5.160003662109375,21.34946414421114,0.32403993546020615,0.35915580364722244,-2.15056437634618
2019-08-29,181.38999938964844,179.30999755859375,180.39999389648438,181.1699981689453,4679200.0,181.1699981689453,55.866224410418,4.899993896484375,20.40787318253935,0.5424323330975938,0.3958111095372967,112.6442799325202
2019-08-30,182.17999267578125,179.6699981689453,181.99000549316406,180.82000732421875,4061200.0,180.82000732421875,55.15107390302315,2.5900115966796875,19.24729953023678,0.6794364253071308,0.4525361726912635,102.18546112040382
2019-09-03,181.25,179.10000610351562,180.52000427246094,179.1999969482422,4644000.0,179.1999969482422,51.84293665419402,-0.540008544921875,18.36117561160659,0.649801351600729,0.49198920847315664,52.043983626449666
2019-09-04,182.1999969482422,180.0500030517578,180.89999389648438,181.77000427246094,4154800.0,181.77000427246094,56.319253747651146,2.529998779296875,17.173394877124533,0.8241926746846673,0.5584299017154588,100.64796665158428
2019-09-05,185.67999267578125,183.3800048828125,183.72999572753906,184.72999572753906,6386800.0,184.72999572753906,60.83472244889753,3.7899932861328125,16.97628446241531,1.1875562185351782,0.6842551650794026,209.12380566904957
2019-09-06,186.7100067138672,184.5500030517578,184.74000549316406,185.74000549316406,7990900.0,185.74000549316406,62.268038513346035,5.6500091552734375,17.08762807098171,1.539279931134189,0.8552601182903599,195.69086612099147
2019-09-09,187.0500030517578,179.50999450683594,186.9199981689453,181.5500030517578,7290500.0,181.5500030517578,53.51792974778454,6.32000732421875,16.256740055206027,1.463060081791781,0.976820110990644,77.060869668012
2019-09-10,179.6999969482422,173.80999755859375,179.41000366210938,176.35000610351562,15255200.0,176.35000610351562,45.055918312060314,-1.239990234375,16.820670787493054,0.9718560548769233,0.9758272997678998,-110.02222620486813
2019-09-11,177.92999267578125,174.4499969482422,177.39999389648438,174.97999572753906,9113600.0,174.97999572753906,43.12140101849038,-3.4000091552734375,17.34432075318815,0.4666457353657165,0.8739909868874631,-110.74425851141099
2019-09-12,179.41000366210938,176.67999267578125,176.85000610351562,177.97999572753906,7748800.0,177.97999572753906,48.35096044384655,-0.69000244140625,17.33215645149821,0.30482402366473593,0.7601575942429177,-43.700580582510796
2019-09-13,178.77000427246094,176.02000427246094,178.64999389648438,177.27000427246094,6103200.0,177.27000427246094,47.243882139387395,-3.899993896484375,17.47634672470139,0.11792935826696294,0.6317119470477268,-63.79261048735373
2019-09-16,177.1999969482422,175.50999450683594,176.1699981689453,176.11000061035156,4253600.0,176.11000061035156,45.414280282763336,-4.7100067138671875,17.73353522832191,-0.12237791511341811,0.4808939746154978,-89.96005013764896
2019-09-17,178.25999450683594,175.0399932861328,176.8300018310547,176.4499969482422,5924700.0,176.4499969482422,46.07347394200238,-2.75,17.57698231118384,-0.28213600929638005,0.32828797783312225,-75.47585192478202
2019-09-18,177.17999267578125,172.8300018310547,177.08999633789062,175.2899932861328,9542500.0,175.2899932861328,44.115983067581915,-6.480010986328125,17.993201551307312,-0.4966232867955114,0.1633057249073955,-100.19203298549772
2019-09-19,177.41000366210938,175.61000061035156,176.1999969482422,175.9600067138672,6964500.0,175.9600067138672,45.554837679915074,-8.769989013671875,18.28866986070744,-0.6055609853382862,0.009532382858259164,-62.45474059473467
2019-09-20,177.6300048828125,173.9499969482422,177.39999389648438,174.05999755859375,12820400.0,174.05999755859375,42.23399478455993,-11.680007934570312,18.97627249895674,-0.8355777360663978,-0.15948964092667225,-77.69489127092066
2019-09-23,175.25,172.7899932861328,172.89999389648438,174.91000366210938,8803500.0,174.91000366210938,44.19394998504189,-6.6399993896484375,19.88739601079474,-0.9384612819567906,-0.31528396913269596,-87.25224048317521
2019-09-24,177.1999969482422,173.39999389648438,176.11000061035156,174.47999572753906,10039900.0,174.47999572753906,43.39186346190054,-1.8700103759765625,19.910373685337394,-1.042675960475293,-0.4607623674012154,-66.42878345944861
2019-09-25,175.6699981689453,172.38999938964844,173.8000030517578,175.27999877929688,7797300.0,175.27999877929688,45.37807393357153,0.3000030517578125,20.1968513847714,-1.0486253829866143,-0.5783349705182952,-80.83049217315595
2019-09-26,176.4499969482422,174.61000061035156,175.64999389648438,175.64999389648438,10419000.0,175.64999389648438,46.31623712665025,-2.3300018310546875,20.13314873915554,-1.011821184631657,-0.6650322133409675,-40.40301217204347
2019-09-27,176.8300018310547,172.36000061035156,176.6999969482422,174.0,9212600.0,174.0,42.786899354673224,-3.2700042724609375,20.671805660940862,-1.1030787054733082,-0.7526415117674357,-100.68879836638801
2019-09-30,175.4499969482422,172.00999450683594,174.1699981689453,172.00999450683594,16464000.0,172.00999450683594,38.933532269429755,-4.100006103515625,21.26021486118531,-1.3207529425620805,-0.8662637979263647,-156.05436901884153
2019-10-01,174.82000732421875,172.82000732421875,173.02000427246094,174.2899932861328,8146200.0,174.2899932861328,45.04064855686132,-2.160003662109375,21.806594832840865,-1.2943638759206237,-0.9518838135252164,-87.423584342839
2019-10-02,172.94000244140625,168.58999633789062,172.63999938964844,169.8300018310547,10596200.0,169.8300018310547,37.20285597417803,-5.459991455078125,23.294695393633642,-1.614720889915219,-1.0844512288032169,-243.13529064550175
2019-10-03,173.13999938964844,168.6300048828125,169.91000366210938,172.8699951171875,7242800.0,172.8699951171875,44.31572746537882,-3.0900115966796875,24.577282020843995,-1.604804887855778,-1.1885219606137292,-152.55934453835883
2019-10-04,176.52000427246094,174.44000244140625,174.67999267578125,175.97999572753906,6027600.0,175.97999572753906,50.49360007355166,1.9199981689453125,24.24922586678701,-1.3306563488027336,-1.21694883825153,66.85827106408112
2019-10-07,175.69000244140625,173.8000030517578,174.66000366210938,174.89999389648438,5248300.0,174.89999389648438,48.48202675703894,-0.010009765625,24.11484299162611,-1.1868574246851722,-1.2109305555382586,29.90958231011841
2019-10-08,174.63999938964844,171.8800048828125,173.57000732421875,172.4199981689453,5336500.0,172.4199981689453,44.134075306893806,-2.05999755859375,24.47684021518953,-1.2585034262237116,-1.2204451296753491,-62.908435823937225
2019-10-09,175.99000549316406,173.63999938964844,174.11000061035156,174.8800048828125,6277300.0,174.8800048828125,49.01822446776784,-0.399993896484375,24.237848999554185,-1.104054562206386,-1.1971670161815564,47.19497067637352
2019-10-10,175.89999389648438,173.58999633789062,173.88999938964844,174.8800048828125,4762400.0,174.8800048828125,49.01822446776784,-0.769989013671875,24.029899859991495,-0.9704657990907606,-1.1518267727633973,47.12714770092578
2019-10-11,179.1999969482422,176.85000610351562,176.8699951171875,177.05999755859375,8754400.0,177.05999755859375,53.22139759057863,3.05999755859375,22.538179604984098,-0.6808402493043388,-1.0576294680715856,178.22328112873637
2019-10-14,178.41000366210938,177.11000061035156,177.3800048828125,177.36000061035156,7240900.0,177.36000061035156,53.786062263964205,5.350006103515625,21.153010796762942,-0.42223491415418835,-0.9305505572881062,149.04183722297404
2019-10-15,179.42999267578125,177.5500030517578,178.1300048828125,178.75,4400200.0,178.75,56.41142700021706,4.4600067138671875,19.79296350420578,-0.10392896049870615,-0.7652262379302261,152.58939738313643
2019-10-16,178.25999450683594,176.27000427246094,177.9199981689453,177.8699951171875,6509000.0,177.8699951171875,54.30796179642008,8.039993286132812,18.69840557803257,0.07644060183321244,-0.5968928699775384,95.6267755894812
2019-10-17,179.19000244140625,177.5,178.88999938964844,177.94000244140625,4887900.0,177.94000244140625,54.45346303432464,5.07000732421875,17.40184176735632,0.2224692978789733,-0.4330204364062361,99.43522450170022
2019-10-18,178.1999969482422,174.5500030517578,177.89999389648438,175.7100067138672,6311900.0,175.7100067138672,49.09090025760317,-0.269989013671875,17.13173080033591,0.1564525852008387,-0.31512583208482114,27.100005890888237
2019-10-21,176.72999572753906,174.61000061035156,176.0,176.42999267578125,4898200.0,176.42999267578125,50.77638592224096,1.529998779296875,16.880913473816953,0.16038193165755388,-0.22002427933634613,15.381132957128008
2019-10-22,177.7899932861328,170.77999877929688,177.0,170.86000061035156,10094700.0,170.86000061035156,39.79864131268615,-1.55999755859375,17.727896418771618,-0.28269708624293344,-0.23255884071766358,-98.64372688154619
2019-10-23,172.1699981689453,170.17999267578125,170.99000549316406,171.32000732421875,7122300.0,171.32000732421875,40.93438503251051,-3.55999755859375,18.66037045457876,-0.5899214554434309,-0.304031363662817,-170.35614123461522
2019-10-24,176.8699951171875,173.39999389648438,173.4199981689453,176.16000366210938,7872600.0,176.16000366210938,51.3369201144069,1.279998779296875,17.706364533262573,-0.43780498321387995,-0.33078608757302963,-6.098751136405284
2019-10-25,179.14999389648438,173.5,174.92999267578125,177.85000610351562,10130100.0,177.85000610351562,54.35952641699726,0.790008544921875,16.757557330766325,-0.17882117080546323,-0.30039310421951637,40.09623215076394
2019-10-28,180.17999267578125,178.35000610351562,178.92999267578125,179.83999633789062,10086500.0,179.83999633789062,57.69190090587899,2.4799957275390625,16.17013078578719,0.18486988235136437,-0.20334050690534022,123.2483165085245
2019-10-29,180.0,177.3699951171875,179.8000030517578,177.6300048828125,7572800.0,177.6300048828125,53.058666012198394,-1.1199951171875,15.297450585694037,0.2914106212303409,-0.10439028127820399,70.04352593688952
2019-10-30,179.4199981689453,176.38999938964844,177.7899932861328,179.25,5374800.0,179.25,55.857239724405815,1.3800048828125,14.245276770205889,0.5007921710538596,0.01664620918820875,63.34243792166493
2019-10-31,179.6999969482422,178.00999450683594,179.25,178.86000061035156,6830800.0,178.86000061035156,55.0070138886265,0.9199981689453125,13.282084481257671,0.6280194491367581,0.13892085717791863,77.26609767365032
2019-11-01,181.32000732421875,179.55999755859375,180.1300048828125,180.92999267578125,7000200.0,180.92999267578125,58.608299248670434,5.2199859619140625,12.926439398267009,0.8856695958839964,0.2882706049191342,122.97975568080146
2019-11-04,182.39999389648438,178.80999755859375,182.0800018310547,178.9499969482422,7154800.0,178.9499969482422,54.14409484506375,2.5200042724609375,12.935094767739546,0.9194907685360363,0.4145146376425146,95.84447366442345
2019-11-05,179.55999755859375,175.17999267578125,179.07000732421875,176.3699951171875,7447500.0,176.3699951171875,48.915642440447165,5.5099945068359375,12.352957661967157,0.7296981991218843,0.47755134993838855,-2.714903491447992
2019-11-06,178.19000244140625,176.13999938964844,176.3699951171875,176.77000427246094,6992500.0,176.77000427246094,49.7262266598009,5.4499969482421875,11.812401778035651,0.6045942303534559,0.502959926021402,-0.03291705607585025
2019-11-07,180.64999389648438,176.85000610351562,177.35000610351562,178.42999267578125,7227200.0,178.42999267578125,53.055251467819666,2.269989013671875,11.452454787556675,0.6321090649979908,0.5287897538167198,48.345172747324646
2019-11-08,179.4499969482422,177.8000030517578,178.3800048828125,178.97000122070312,3894100.0,178.97000122070312,54.11959794030952,1.1199951171875,11.118218296397627,0.6895403542432064,0.560939873902017,45.08096981704973
2019-11-11,180.36000061035156,178.1999969482422,178.5,179.5399932861328,3617300.0,179.5399932861328,55.272321649255964,-0.3000030517578125,11.10874465466205,0.7721478213585726,0.6031814633933281,60.25272453614112
2019-11-12,181.05999755859375,178.8800048828125,179.94000244140625,179.74000549316406,6118700.0,179.74000549316406,55.69299286934745,2.1100006103515625,11.32935320327898,0.8440247557407758,0.6513501218628177,84.77099509839611
2019-11-13,180.8800048828125,177.89999389648438,179.39999389648438,179.41000366210938,6138300.0,179.41000366210938,54.777586625831574,0.160003662109375,11.113367218229527,0.8643951450929706,0.6939591265088483,47.17260792165449
2019-11-14,179.77000427246094,178.05999755859375,179.0,179.75,9811000.0,179.75,55.58754127599552,0.8899993896484375,10.91280880354075,0.8976264099146647,0.7346925831900115,22.77621763015734
2019-11-15,180.67999267578125,179.0800018310547,180.02999877929688,179.77000427246094,7808800.0,179.77000427246094,55.63788581959459,-1.1599884033203125,11.071316642204474,0.9150287227785441,0.7707598111077181,73.16501482646551
2019-11-18,180.32000732421875,178.97999572753906,179.57000732421875,179.66000366210938,7173700.0,179.66000366210938,55.26688947481203,0.7100067138671875,11.168474521635401,0.9094603582674381,0.7984999205396621,50.275470896853754
2019-11-19,182.97999572753906,180.1999969482422,180.38999938964844,182.77000427246094,8549900.0,182.77000427246094,62.81613578032699,6.4000091552734375,12.20082832257634,1.142824675692566,0.8673648715702429,197.06226198753495
2019-11-20,183.22000122070312,180.35000610351562,182.30999755859375,181.66000366210938,6040500.0,181.66000366210938,58.98966953121219,4.8899993896484375,13.23607796916277,1.2240892668586696,0.9387097506279283,144.92164869891266
2019-11-21,181.80999755859375,179.32000732421875,181.1699981689453,179.88999938964844,5112200.0,179.88999938964844,53.403289693038815,1.4600067138671875,13.631780195054962,1.1326114488368262,0.9774900902697079,55.98114597142495
2019-11-22,180.47000122070312,178.35000610351562,180.1300048828125,179.47000122070312,6865600.0,179.47000122070312,52.14147500999897,0.5,13.493497859381636,1.0145294132760512,0.9848979548709765,-1.3644446613922974
2019-11-25,181.35000610351562,180.11000061035156,180.39999389648438,180.97000122070312,5457800.0,180.97000122070312,56.12841279038889,1.4300079345703125,13.712210863150876,1.0301115288534959,0.9939406696674804,80.82428027112103
2019-11-26,182.9199981689453,181.2100067138672,181.4600067138672,182.5500030517578,7079000.0,182.5500030517578,59.91631536134414,2.80999755859375,14.485255178031949,1.1566206084487192,1.026476657423728,149.87653091146962
2019-11-27,184.5399932861328,182.25999450683594,183.0,184.3699951171875,11452700.0,184.3699951171875,63.79416212204232,4.959991455078125,15.720846119744618,1.3877410992946295,1.0987295457979083,185.6310668857017
2019-11-29,184.85000610351562,183.36000061035156,183.92999267578125,184.50999450683594,3139100.0,184.50999450683594,64.08201876542338,4.7599945068359375,16.96276337405609,1.5641717360342682,1.1918179838451803,163.50829934405516
2019-12-02,184.3699951171875,179.8699951171875,184.24000549316406,181.7899932861328,6883200.0,181.7899932861328,54.942312666401826,2.019989013671875,16.30474340923386,1.4675953940957243,1.2469734658952891,46.83106067544693
2019-12-03,182.13999938964844,179.66000366210938,179.89999389648438,181.89999389648438,4543300.0,181.89999389648438,55.22046728936081,2.239990234375,15.599877638470128,1.3839804125582873,1.2743748552278888,5.190999983312722
2019-12-04,182.66000366210938,180.47000122070312,182.66000366210938,180.60000610351562,10650400.0,180.60000610351562,51.197942266876815,-2.1699981689453125,15.155834453951718,1.1989955129111252,1.259298986764536,-1.0640565586048534
2019-12-05,182.02999877929688,180.07000732421875,181.25,181.88999938964844,4638600.0,181.88999938964844,54.7225703745699,0.2299957275390625,14.544857161285396,1.1433060045268064,1.2361003903169903,-5.333857039592139
2019-12-06,183.27999877929688,181.33999633789062,182.74000549316406,182.1699981689453,14526700.0,182.1699981689453,55.474261918143775,2.279998779296875,14.50337142433615,1.1089815800154668,1.2106766282566856,44.554269549820155
2019-12-09,183.25999450683594,181.3000030517578,181.89999389648438,182.9199981689453,10233100.0,182.9199981689453,57.509161624971725,3.4499969482421875,14.442800556748463,1.1292803177343274,1.194397366152214,51.19264061271295
2019-12-10,183.14999389648438,181.89999389648438,182.5500030517578,182.25999450683594,8625700.0,182.25999450683594,55.12176401545494,1.2899932861328125,14.38655617970275,1.0796647310183118,1.1714508391254337,43.176382296690086
2019-12-11,183.0800018310547,181.19000244140625,183.07000732421875,182.00999450683594,7138800.0,182.00999450683594,54.203862057241224,-0.540008544921875,13.905517494926258,1.0085452288218164,1.1388697170647102,17.07644708628907
2019-12-12,183.3300018310547,180.8300018310547,181.66000366210938,182.63999938964844,11192100.0,182.63999938964844,56.183995905020126,-1.7299957275390625,13.243270576846031,0.9915882279654795,1.1094134192448641,22.29075569935371
2019-12-13,185.52000427246094,182.0399932861328,182.5,185.13999938964844,8558100.0,185.13999938964844,63.017490387511835,0.6300048828125,13.685277098767713,1.166432877118325,1.1208173108195563,162.1085169732204
2019-12-16,186.82000732421875,185.77000427246094,186.3300018310547,186.24000549316406,8249900.0,186.24000549316406,65.56245655513689,4.45001220703125,14.615035705614675,1.377876517878974,1.1722291522314399,218.5455561130093
2019-12-17,186.77999877929688,184.10000610351562,186.5,185.52000427246094,10208700.0,185.52000427246094,62.529318679053745,3.6200103759765625,14.47395060991914,1.4703991986709468,1.2318631615193412,127.80942249900876
2019-12-18,186.44000244140625,184.89999389648438,185.52000427246094,184.89999389648438,8968500.0,184.89999389648438,59.95698599616431,4.29998779296875,14.342943021058998,1.4766722752970622,1.2808249842748853,106.38586825663313
2019-12-19,186.5800018310547,184.5,184.5,186.5399932861328,5854200.0,186.5399932861328,64.15722910183729,4.649993896484375,13.98066335246361,1.5955850669812435,1.343777000816157,110.67082949438638
2019-12-20,188.1699981689453,186.3000030517578,187.60000610351562,188.0,11259500.0,188.0,67.4323678454794,5.8300018310546875,14.37980702926473,1.7870348260510696,1.4324285658631395,137.4557410411275
2019-12-23,188.41000366210938,187.0,188.14999389648438,187.0800018310547,5831700.0,187.0800018310547,63.49518390357668,4.160003662109375,14.854518490635405,1.8432758394685322,1.514598020584218,115.15153707340193
2019-12-24,188.02000427246094,186.91000366210938,187.10000610351562,187.57000732421875,2420900.0,187.57000732421875,64.6781160226167,5.3100128173828125,15.232540079144195,1.9054220763360945,1.5927628317345932,99.45236147807937
2019-12-26,189.17999267578125,187.6999969482422,187.88999938964844,189.16000366210938,5237000.0,189.16000366210938,68.27102013496909,7.1500091552734375,16.105896801742183,2.0592352509633827,1.686057315580351,120.92522119168383
2019-12-27,189.88999938964844,188.47000122070312,189.74000549316406,189.38999938964844,5448600.0,189.38999938964844,68.76594409407998,6.75,17.2118403672741,2.1746243176008306,1.783770715984447,124.34599811455128
2019-12-30,189.47999572753906,187.1199951171875,189.30999755859375,187.8300018310547,4833600.0,187.8300018310547,61.73225243039241,2.69000244140625,17.257516676223677,2.1158025637953415,1.8501770855466257,77.34502997640902
2019-12-31,188.0,186.5399932861328,187.05999755859375,187.89999389648438,5273000.0,187.89999389648438,61.92044883033299,1.6599884033203125,16.912052536848858,2.0511888466452888,1.8903794377663583,46.513773665810824
2020-01-02,191.13999938964844,188.72000122070312,189.0,191.1199951171875,8733000.0,191.1199951171875,69.38086754161388,5.5999908447265625,17.915930288505372,2.234056386750268,1.9591148275631403,140.2554643060907
2020-01-03,190.9600067138672,187.9199981689453,188.41000366210938,189.60000610351562,4899700.0,189.60000610351562,63.09670831026193,4.70001220703125,18.334430451044568,2.2306166591122576,2.0134151938729636,103.77744750419099
2020-01-06,189.2100067138672,187.16000366210938,188.0,189.19000244140625,10109500.0,189.19000244140625,61.479123382816525,2.6500091552734375,18.252791045267283,2.169794738098119,2.044691102717995,47.21312374652953
2020-01-07,190.10000610351562,188.60000610351562,189.58999633789062,188.69000244140625,4392300.0,188.69000244140625,59.47661838569478,0.69000244140625,18.548805425821172,2.0575291904306425,2.0472587202605244,69.57290017372837
2020-01-08,192.5,188.8000030517578,189.49000549316406,191.9199981689453,5712000.0,191.9199981689453,66.962876486837,4.839996337890625,19.67937851338297,2.2037877032534823,2.078564516859116,152.86603689587784
2020-01-09,193.9199981689453,192.52000427246094,193.0,193.25,6748000.0,193.25,69.4643784894989,5.67999267578125,21.148972457919744,2.39936032856059,2.1427236791994106,216.02545319031617
2020-01-10,194.57000732421875,193.11000061035156,193.5,193.77000427246094,6586400.0,193.77000427246094,70.40781992302331,4.6100006103515625,22.694032616421104,2.566725429056646,2.2275240291708576,188.4946698792878
2020-01-13,195.60000610351562,194.27999877929688,194.44000244140625,195.3300018310547,11290500.0,195.3300018310547,73.09357198684222,5.94000244140625,24.40378034709844,2.7930457497427312,2.340628373285232,173.37247811904078
2020-01-14,196.9499969482422,195.13999938964844,196.74000549316406,196.0500030517578,6236500.0,196.0500030517578,74.25495791731181,8.220001220703125,26.32209508643524,2.995968653929026,2.471696429413991,155.6679710207636
2020-01-15,200.14999389648438,196.32000732421875,197.0,199.8000030517578,10831100.0,199.8000030517578,79.27305005347051,11.900009155273438,28.734554607857522,3.419957041494598,2.6613485518301125,171.52712272228501
2020-01-16,201.5,199.77999877929688,201.0,200.9499969482422,9983700.0,200.9499969482422,80.52658404911149,9.830001831054688,31.19159937106275,3.8049052110561945,2.890059883675329,163.3939833416013
2020-01-17,204.75,199.97999572753906,201.75999450683594,204.6999969482422,12518900.0,204.6999969482422,83.93790980906806,15.099990844726562,33.90707438559073,4.362287335800374,3.184505374100338,163.6455874407851
2020-01-21,208.38999938964844,203.8000030517578,204.1300048828125,207.2899932861328,14861700.0,207.2899932861328,85.78949285793422,18.099990844726562,36.79325185724365,4.9558794509638915,3.538780189473049,168.6894558882392
2020-01-22,210.1300048828125,207.2899932861328,207.50999450683594,207.89999389648438,8065000.0,207.89999389648438,86.1931851343131,19.209991455078125,39.61756050914708,5.413128257106223,3.9136498029996836,154.5491923857928
2020-01-23,208.39999389648438,205.3000030517578,207.89999389648438,206.52000427246094,8520800.0,206.52000427246094,80.61387028306329,14.600006103515625,41.12790944525077,5.599598910063634,4.250839624412474,108.24447007602926
2020-01-24,207.99000549316406,204.2100067138672,207.4199981689453,205.0,7812900.0,205.0,74.86551714321344,11.75,41.96185333425524,5.560627155915881,4.512797130713155,82.83303180465532
2020-01-27,203.3300018310547,199.10000610351562,200.0,201.69000244140625,7198900.0,201.69000244140625,64.13974756685708,7.9199981689453125,40.553601277796695,5.202679370574202,4.650773578685365,25.977767081429953
2020-01-28,203.83999633789062,201.77999877929688,202.38999938964844,202.85000610351562,7215700.0,202.85000610351562,65.97927620370345,7.5200042724609375,39.362797660905855,4.955482060283032,4.711715275004898,35.86452479211809
2020-01-29,205.9199981689453,202.50999450683594,204.3000030517578,204.86000061035156,7041700.0,204.86000061035156,68.95132837365082,8.80999755859375,38.71701249452492,4.865677666038607,4.7425077532116395,50.95786205509929
2020-01-30,208.5,203.32000732421875,204.0,208.2100067138672,8571900.0,208.2100067138672,73.15988071025693,8.410003662109375,38.622685591263874,5.007105733893496,4.795427349348011,77.51071356297638
2020-01-31,203.97999572753906,198.25999450683594,201.49000549316406,198.97000122070312,16699600.0,198.97000122070312,52.159249222509985,-1.9799957275390625,36.80212465782487,4.3237557108619455,4.701093021650798,-44.46439806081341
2020-02-03,202.25999450683594,199.85000610351562,199.94000244140625,200.80999755859375,10887900.0,200.80999755859375,54.93348130013938,-3.8899993896484375,35.111603791060084,3.8858742814711036,4.538049273614859,-47.940151318101364
2020-02-04,204.9199981689453,202.22999572753906,203.5,203.55999755859375,10205900.0,203.55999755859375,58.780691559275326,-3.7299957275390625,34.14488837675777,3.7178945372877195,4.3740183263494306,-0.6291463718984308
2020-02-05,205.60000610351562,199.9499969482422,205.5,202.80999755859375,8672400.0,202.80999755859375,57.34293589025857,-5.089996337890625,32.53225491439339,3.4840882472604164,4.196032310531628,-33.525091168944925
2020-02-06,204.6300048828125,202.47999572753906,203.0500030517578,203.0399932861328,7001200.0,203.0399932861328,57.684750398934504,-3.480010986328125,31.034809556483605,3.279549209153714,4.012735690256045,-22.706800937095274
2020-02-07,203.8300018310547,201.08999633789062,201.97999572753906,202.74000549316406,5691100.0,202.74000549316406,57.042701487419635,-2.2599945068359375,29.205945059706988,3.0579933957090475,3.821787231346646,-47.92712461353583
2020-02-10,206.1300048828125,201.86000061035156,201.97000122070312,205.99000549316406,6239500.0,205.99000549316406,61.97994249140838,4.3000030517578125,28.1107548473594,3.1088201128596893,3.6791938076492547,26.794682548851405
2020-02-11,207.6699981689453,203.63999938964844,207.5,203.94000244140625,10231900.0,203.94000244140625,57.4913929151959,1.089996337890625,27.465855223199245,2.9496804584886434,3.5332911378171326,58.48942766196428
2020-02-12,208.14999389648438,205.0,205.0,207.44000244140625,7355800.0,207.44000244140625,62.48645797987098,2.5800018310546875,26.98201979632745,3.0705860801809877,3.4407501262899034,130.28475085877608
2020-02-13,208.47000122070312,206.0500030517578,206.6199951171875,207.39999389648438,9495300.0,207.39999389648438,62.39619871260166,-0.8100128173828125,26.612528181788512,3.127128708063765,3.378025842644676,133.30500052001545
2020-02-14,210.77999877929688,208.00999450683594,208.2899932861328,210.2899932861328,6548800.0,210.2899932861328,66.19476361207646,11.319992065429688,26.82057943585959,3.366332955202438,3.375687265156228,175.99793857999214
2020-02-18,211.5,209.36000061035156,210.0,211.1999969482422,7651500.0,211.1999969482422,67.31439334776816,10.389999389648438,27.175169173006076,3.587973806146522,3.418144573354287,160.68264841503068
2020-02-19,214.1699981689453,211.72000122070312,212.52000427246094,213.30999755859375,5927500.0,213.30999755859375,69.81106995590491,9.75,28.057507856008908,3.8890545921148885,3.5123265771064074,167.1022310279493
2020-02-20,213.69000244140625,208.27999877929688,212.1300048828125,211.4499969482422,8531900.0,211.4499969482422,65.09106647696782,8.639999389648438,27.520761496456505,3.932248269274396,3.596310915540005,104.48460702490411
2020-02-21,210.22000122070312,207.4199981689453,209.89999389648438,208.80999755859375,9231500.0,208.80999755859375,58.994249878653484,5.7700042724609375,26.71808354518737,3.710679281330272,3.6191845886980585,49.1435452611301
2020-02-24,203.77000427246094,194.00999450683594,197.88999938964844,198.7899932861328,13316800.0,198.7899932861328,42.6613009955829,-3.95001220703125,26.739844916393455,2.6954818213905014,3.434444035236547,-149.20504790981596
2020-02-25,199.88999938964844,187.72000122070312,198.7899932861328,188.39999389648438,18539000.0,188.39999389648438,32.58670450623901,-17.590011596679688,27.58539745985564,1.0405495943843732,2.9556651470661124,-216.15357081824732
2020-02-26,193.50999450683594,187.02999877929688,190.0,187.2100067138672,14214700.0,187.2100067138672,31.664395991139532,-16.729995727539062,28.45111197678296,-0.3628355962638068,2.2919649984001285,-194.86533640016665
2020-02-27,186.33999633789062,180.0,182.1199951171875,180.00999450683594,17536600.0,180.00999450683594,26.73406181927695,-27.430007934570312,29.97716242400261,-2.0325789775745307,1.4270562032051965,-193.98807680555961
2020-02-28,182.3300018310547,172.97999572753906,173.7899932861328,181.75999450683594,22674700.0,181.75999450683594,29.603175247783774,-25.639999389648438,31.941848380299213,-3.1780180486575773,0.5060413528326416,-159.19009464827306
2020-03-02,192.44000244140625,183.10000610351562,186.32000732421875,192.3300018310547,17434500.0,192.3300018310547,43.89451245252874,-17.959991455078125,31.611397071307874,-3.196033624939872,-0.23437364272186112,-72.06767495882482
2020-03-03,194.0399932861328,184.5,193.1999969482422,185.72999572753906,15226400.0,185.72999572753906,38.62209962614303,-25.470001220703125,31.01703832510387,-3.7002225704564182,-0.9275434282687726,-68.45707040016093
2020-03-04,194.49000549316406,186.1699981689453,190.36000061035156,194.2899932861328,10789100.0,194.2899932861328,47.440057970064,-19.020004272460938,30.38160140764275,-3.370225812891192,-1.4160799051932567,-39.551783521281045
2020-03-05,191.9199981689453,185.63999938964844,191.24000549316406,186.9600067138672,10106900.0,186.9600067138672,41.8901909560906,-24.489990234375,29.857681241699648,-3.65800248651351,-1.8644644214573074,-53.69980518590103
2020-03-06,185.99000549316406,179.97999572753906,183.5399932861328,184.36000061035156,15183200.0,184.36000061035156,40.09826990218329,-24.449996948242188,30.032286162564294,-4.049189797620386,-2.301409496689923,-75.88937388720923
2020-03-09,179.57000732421875,168.30999755859375,171.2100067138672,171.1300048828125,20486400.0,171.1300048828125,32.483747369355875,-27.659988403320312,31.213616096498082,-5.36491524415888,-2.9141106461837145,-138.67086916605146
2020-03-10,182.61000061035156,171.8800048828125,179.47000122070312,182.60000610351562,16119400.0,182.60000610351562,42.651551231196684,-5.79998779296875,31.72608652497243,-5.419629781599809,-3.4152144732669334,-89.94609586615138
2020-03-11,178.72999572753906,170.1999969482422,177.64999389648438,172.9499969482422,14598200.0,172.9499969482422,37.53057257981241,-14.260009765625,32.343470391111644,-6.1705364340713516,-3.966278865427817,-118.77996675562233
2020-03-12,172.0,156.99000549316406,158.5,160.0800018310547,27467700.0,160.0800018310547,32.01048759531866,-19.92999267578125,33.828352968482,-7.71520038556605,-4.716063169455463,-185.5027601405268
2020-03-13,176.32000732421875,162.2100067138672,168.72000122070312,175.8300018310547,19948900.0,175.8300018310547,43.04981411554951,-5.92999267578125,34.44050607080506,-7.581074417243457,-5.2890654190130615,-94.34331371629023
2020-03-16,165.30999755859375,147.97999572753906,151.13999938964844,152.00999450683594,23692000.0,152.00999450683594,34.046225559975724,-40.32000732421875,35.82823273506563,-9.28976748311365,-6.089205831833179,-190.31780265800813
2020-03-17,163.6999969482422,149.25,155.75,157.88999938964844,22298000.0,157.88999938964844,37.520032165144954,-27.839996337890625,37.116836066164744,-10.053560606940152,-6.882076786854574,-137.98195515237592
2020-03-18,150.67999267578125,139.8000030517578,148.4600067138672,148.47999572753906,22787500.0,148.47999572753906,34.39761383611907,-45.80999755859375,38.75155617541593,-11.288059094585691,-7.763273248400798,-163.64298962613836
2020-03-19,157.25,141.47000122070312,146.9199981689453,152.25,19362800.0,152.25,36.671475240444394,-34.71000671386719,39.23469091059865,-11.825878832748884,-8.575794365270415,-113.56176907303606
2020-03-20,158.25999450683594,145.6699981689453,154.82000732421875,146.8300018310547,18692100.0,146.8300018310547,34.803752501198254,-37.529998779296875,39.52981123850856,-12.54484424982681,-9.369604342181693,-94.68186717306277
2020-03-23,143.35000610351562,133.92999267578125,141.3300018310547,135.74000549316406,30344100.0,135.74000549316406,31.29192444447062,-35.38999938964844,40.43502560604983,-13.849847127770005,-10.265652899299356,-130.27639016873897
2020-03-24,155.25,143.5800018310547,144.83999633789062,154.52999877929688,24488300.0,154.52999877929688,41.975123134576094,-28.07000732421875,39.693401710062474,-13.21553542096538,-10.85562940363256,-59.35930456827298
2020-03-25,168.17999267578125,153.5800018310547,159.32000732421875,161.77999877929688,20619600.0,161.77999877929688,45.49651120539302,-11.169998168945312,37.653012210016016,-11.989615588899454,-11.08242664068594,1.5633132469765514
2020-03-26,169.52999877929688,161.7899932861328,162.0800018310547,168.8800048828125,17062900.0,168.8800048828125,48.77509452990957,8.800003051757812,35.630582148766926,-10.326121038836334,-10.931165520316018,46.52161018430914
2020-03-27,167.10000610351562,158.14999389648438,161.0800018310547,161.55999755859375,14950700.0,161.55999755859375,45.72144396948856,-14.270004272460938,34.041798490341186,-9.489068958082555,-10.642746207869326,23.807318478507504
2020-03-30,165.8699951171875,160.69000244140625,161.0399932861328,165.57000732421875,15714500.0,165.57000732421875,47.65482078814126,13.560012817382812,32.566499378945856,-8.405234566409831,-10.195243879577427,50.006780109883714
2020-03-31,168.19000244140625,160.5399932861328,166.42999267578125,161.1199951171875,20613100.0,161.1199951171875,45.709053468057505,3.2299957275390625,30.937771230166927,-7.8152771470971345,-9.719250533081368,55.151582983133366
2020-04-01,158.07000732421875,151.4199981689453,156.32000732421875,153.11000061035156,12595200.0,153.11000061035156,42.35661361463796,4.6300048828125,30.19340898294644,-7.902970729125684,-9.355994572290232,-21.20489125248784
2020-04-02,158.35000610351562,151.2899932861328,152.52999877929688,157.38999938964844,14051100.0,157.38999938964844,44.690886238356846,5.1399993896484375,29.46843352925747,-7.540189778473376,-8.99283361352686,3.4060260957976967
2020-04-03,157.72000122070312,150.60000610351562,155.55999755859375,151.85000610351562,11994700.0,151.85000610351562,42.30294846684736,5.0200042724609375,28.85410739228889,-7.611968386645543,-8.716660568150598,-19.921147296797916
2020-04-06,170.72999572753906,158.25,160.02000427246094,169.44000244140625,16479100.0,169.44000244140625,51.2159344353741,33.69999694824219,26.796732509543396,-6.178268518382936,-8.208982158197065,99.04098889666048
2020-04-07,178.8000030517578,168.10000610351562,177.75999450683594,168.58999633789062,15379000.0,168.58999633789062,50.807485019813235,14.05999755859375,25.626162551192895,-5.052398527080072,-7.577665431973666,128.02863724800727
2020-04-08,176.0,167.92999267578125,171.00999450683594,174.94000244140625,11146500.0,174.94000244140625,53.773420628754984,13.160003662109375,24.520706001635382,-3.606176268917551,-6.783367599362443,118.28920467571967
2020-04-09,177.19000244140625,172.85000610351562,176.27000427246094,173.69000244140625,12231800.0,173.69000244140625,53.09478738347586,4.80999755859375,23.605715832218213,-2.531715225982026,-5.93303712468636,118.14719398954698
2020-04-13,172.32000732421875,166.14999389648438,172.25999450683594,168.99000549316406,14043700.0,168.99000549316406,50.51343883622778,7.4300079345703125,21.995605958257745,-2.035978094470863,-5.15362531864326,64.51597426110587
2020-04-14,175.42999267578125,170.8300018310547,173.08999633789062,174.6199951171875,9980500.0,174.6199951171875,53.43394996546231,9.04998779296875,20.821868918835342,-1.175262045991957,-4.357952664112999,100.20853217906227
2020-04-15,169.36000061035156,164.9499969482422,168.6999969482422,165.9600067138672,12118700.0,165.9600067138672,48.67539117065139,4.8400115966796875,19.576218932822652,-1.1783438516252716,-3.7220309016154536,17.003014390955066
2020-04-16,168.0,159.8000030517578,167.11000061035156,162.4199981689453,20308200.0,162.4199981689453,46.83911286092389,9.30999755859375,18.930356676057425,-1.4497237957861557,-3.267569480449594,-19.987870970474763
2020-04-17,170.99000549316406,164.9499969482422,169.64999389648438,169.5399932861328,15375800.0,169.5399932861328,50.85488855754446,12.149993896484375,17.981401906117917,-1.0778455227942914,-2.8296246889185332,35.15576097852137
2020-04-20,167.42999267578125,163.1999969482422,167.3300018310547,164.22000122070312,10505200.0,164.22000122070312,47.94082700471212,12.3699951171875,17.283032459579882,-1.1985915930737292,-2.5034180697495723,-7.870431912769709
2020-04-21,162.57000732421875,159.14999389648438,162.0,160.52999877929688,10562100.0,160.52999877929688,45.9730769282295,-8.910003662109375,17.049724209274814,-1.5738932207487437,-2.3175130999494065,-54.290982985191924
2020-04-22,167.6999969482422,162.9199981689453,164.66000366210938,166.58999633789062,14512900.0,166.58999633789062,49.629615519260206,-2.0,16.185571357239187,-1.3665782437886662,-2.1273261287172582,-7.058397259042581
2020-04-23,170.41000366210938,166.2100067138672,167.8800048828125,166.3800048828125,11411300.0,166.3800048828125,49.50458408873294,-8.55999755859375,15.058734979939517,-1.2053298936547776,-1.942926881704762,9.211828596751129
2020-04-24,168.75,164.00999450683594,168.44000244140625,167.32000732421875,8393600.0,167.32000732421875,50.110482253881386,-6.3699951171875,14.271704394146756,-0.9902738132535944,-1.7523962680145284,-28.41872984813544
2020-04-27,172.35000610351562,168.5500030517578,168.64999389648438,171.75999450683594,9903300.0,171.75999450683594,52.98036625856224,2.769989013671875,13.412283986936231,-0.45631039879032187,-1.4931790941696872,51.1083654941135
2020-04-28,175.00999450683594,170.3800048828125,175.0,171.25,8614400.0,171.25,52.606032451051064,-3.3699951171875,12.934278350532471,-0.07344619827418342,-1.2092325149905865,77.07486437677075
2020-04-29,182.25,176.10000610351562,176.85000610351562,181.7899932861328,12862800.0,181.7899932861328,59.04620837397809,15.829986572265625,13.27948420458118,1.06815281012112,-0.7537554499682453,192.5713037707302
2020-04-30,181.8300018310547,177.66000366210938,181.77999877929688,178.72000122070312,11331600.0,178.72000122070312,56.63230168015561,16.300003051757812,13.600032497626412,1.7054956540988826,-0.2619052291548197,158.54831298775247
2020-05-01,179.63999938964844,174.27000427246094,174.4499969482422,175.57000732421875,10109600.0,175.57000732421875,54.18458386259003,6.0300140380859375,13.389393122621229,1.934120925825141,0.1773000018411725,92.20793776042086
2020-05-04,176.94000244140625,171.72000122070312,172.9499969482422,176.14999389648438,9386200.0,176.14999389648438,54.57389386115701,11.92999267578125,12.824978411391877,2.1374687607107887,0.5693337536150958,67.99140152667415
2020-05-05,181.10000610351562,178.25999450683594,179.08999633789062,178.44000244140625,13513000.0,178.44000244140625,56.15797835068644,17.910003662109375,12.81240296064961,2.455106990934496,0.9464884010789758,104.82240966178475
2020-05-06,180.50999450683594,177.8800048828125,179.72000122070312,178.77999877929688,8540500.0,178.77999877929688,56.40107024540551,12.19000244140625,12.74119494763902,2.7031126399621996,1.2978132488556207,87.61803039193134
2020-05-07,184.97999572753906,181.7100067138672,181.75,182.72000122070312,9262200.0,182.72000122070312,59.222732093030906,16.339996337890625,13.214855738216082,3.180916546748932,1.674433908434283,113.99086541114596
2020-05-08,185.75,183.6199951171875,185.02999877929688,185.08999633789062,6475200.0,185.08999633789062,60.86349859401512,17.769989013671875,13.744805516553283,3.708074015297683,2.081161929806963,115.50401508489733
2020-05-11,184.6199951171875,181.42999267578125,183.8699951171875,183.55999755859375,8683100.0,183.55999755859375,59.20722648005642,11.800003051757812,13.842788660181293,3.9567806875751614,2.4562856813606024,89.60697206076553
2020-05-12,183.99000549316406,179.3699951171875,183.55999755859375,179.47000122070312,8219700.0,179.47000122070312,54.905827422451594,8.220001220703125,13.569668966946546,3.780277310552549,2.721084007198992,54.26867977581474
2020-05-13,181.08999633789062,175.0399932861328,178.5,177.08999633789062,13377100.0,177.08999633789062,52.51494854687747,-4.6999969482421875,12.60069524368055,3.4090531662728836,2.85867783901377,-0.5780594685517302
2020-05-14,181.0500030517578,173.82000732421875,175.94000244140625,180.89999389648438,9695100.0,180.89999389648438,55.83076544131351,2.17999267578125,11.893065891998875,3.383289859431329,2.963600243097282,-0.7607696499963251
2020-05-15,184.13999938964844,178.8699951171875,179.97999572753906,183.49000549316406,10785900.0,183.49000549316406,57.97890591305885,7.9199981689453125,11.352557934922656,3.5311595343255533,3.0771121013429363,72.00449961659824
2020-05-18,192.8300018310547,187.47000122070312,188.0,191.3800048828125,11806300.0,191.3800048828125,63.76092880648526,15.230010986328125,12.022793456661745,4.236172370134,3.308924155101149,224.76108542597046
2020-05-19,194.5,189.22999572753906,191.13999938964844,189.36000061035156,7446800.0,189.36000061035156,61.43039317184187,10.919998168945312,12.839240231104302,4.579117443461314,3.562962812773182,172.14225390676464
2020-05-20,194.99000549316406,192.41000366210938,193.0,193.86000061035156,9545600.0,193.86000061035156,64.53986355418971,15.080001831054688,13.655960821019324,5.154597287880591,3.8812897077946635,167.5492711085177
2020-05-21,193.6199951171875,190.02000427246094,193.5,190.6199951171875,11338100.0,190.6199951171875,60.74275005282007,7.899993896484375,13.941319987502084,5.288267983764314,4.162685362988594,108.7014859090824
2020-05-22,191.3699951171875,189.22999572753906,191.0,190.86000061035156,5807600.0,190.86000061035156,60.92613850604687,5.7700042724609375,14.049852463664333,5.351876312087825,4.40052355280844,79.73891695514588
2020-05-26,196.27000427246094,192.75999450683594,195.8000030517578,193.22000122070312,9662200.0,193.22000122070312,62.7679479857597,9.660003662109375,14.818469045342395,5.528984010465194,4.626215644339791,105.74011391259738
2020-05-27,194.30999755859375,188.52000427246094,194.30999755859375,192.82000732421875,7650300.0,192.82000732421875,62.23251923728713,13.350006103515625,14.69923968825851,5.5728268934006735,4.8155378941519675,66.60549610492963
2020-05-28,198.2899932861328,192.7100067138672,193.5399932861328,194.25999450683594,8352200.0,194.25999450683594,63.44156111144331,17.169998168945312,15.123886465226507,5.658539504075719,4.984138216136718,92.82624162537292
2020-05-29,196.74000549316406,193.27999877929688,194.5,195.24000549316406,10213500.0,195.24000549316406,64.27966121892177,14.340011596679688,15.518201329553932,5.7393859927837525,5.135187771466125,81.77580943830655
2020-06-01,195.8800048828125,193.52000427246094,194.7100067138672,194.35000610351562,6011300.0,194.35000610351562,62.87006219012835,10.860000610351562,15.8843508464294,5.666324048377561,5.241415026848412,69.21489696429802
2020-06-02,197.52000427246094,194.9199981689453,195.94000244140625,196.36000061035156,8462100.0,196.36000061035156,64.75011300119456,4.9799957275390625,16.465388969617965,5.7048497329535905,5.334101968069448,88.29052815144678
2020-06-03,198.13999938964844,195.57000732421875,198.0,196.8699951171875,8879400.0,196.8699951171875,65.23116367988885,7.5099945068359375,17.097286760021877,5.710704463774107,5.40942246721038,98.46283683969463
2020-06-04,196.4600067138672,193.1199951171875,195.97999572753906,193.63999938964844,7829800.0,193.63999938964844,59.676502213098104,-0.220001220703125,17.079571447225163,5.392548773601618,5.406047728488628,43.04877667321591
2020-06-05,199.77000427246094,195.47999572753906,196.1999969482422,199.61000061035156,8561200.0,199.61000061035156,65.52062129293994,8.990005493164062,17.59448801411059,5.558067361316262,5.436451655054155,148.98401675915986
2020-06-08,199.9600067138672,197.1300048828125,199.5800018310547,199.60000610351562,7628100.0,199.60000610351562,65.50350549957831,8.740005493164062,18.102369651425477,5.6236100849198465,5.473883341027293,148.6093820892677
2020-06-09,201.6699981689453,198.24000549316406,198.36000061035156,199.0800018310547,6892300.0,199.0800018310547,64.55856787568761,5.8600006103515625,18.84616892714768,5.569392674727254,5.492985207767285,145.6673042436346
2020-06-10,202.17999267578125,198.9499969482422,199.89999389648438,200.47999572753906,8405300.0,200.47999572753906,65.98141662714474,7.6599884033203125,19.618512545056348,5.575126209199311,5.509413408053691,134.99989162652813
2020-06-11,196.36000061035156,188.75,195.13999938964844,188.8800048828125,11974600.0,188.8800048828125,48.578921204707264,-5.3799896240234375,18.471819047281226,4.590728697776711,5.325676465998295,-113.27189502086642
2020-06-12,195.0,187.85000610351562,194.2100067138672,192.25999450683594,11706300.0,192.25999450683594,52.50935399036687,-2.980010986328125,17.570763080763584,4.03678989162384,5.067899151123404,-108.82938323257322
2020-06-15,192.47999572753906,186.2100067138672,187.0,191.75999450683594,6752700.0,191.75999450683594,51.87764254850219,-2.5900115966796875,17.0337580315489,3.5169029079812617,4.757699902494975,-131.03472885830655
2020-06-16,198.3800048828125,191.8000030517578,196.86000061035156,192.8800048828125,11057200.0,192.8800048828125,53.23483447891061,-3.4799957275390625,16.256466889629543,3.1588509375930016,4.43793010951458,-31.119963247425616
2020-06-17,195.3699951171875,193.05999755859375,193.66000366210938,193.55999755859375,5968900.0,193.55999755859375,54.08157095307553,-3.30999755859375,15.53469654356157,2.896572018261736,4.129658491264012,-37.58142567982842
2020-06-18,194.25,192.11000061035156,192.60000610351562,193.91000366210938,5803200.0,193.91000366210938,54.53785135551365,0.2700042724609375,14.661577895228092,2.685994183530397,3.840925629717289,-47.54479453631596
2020-06-19,197.10000610351562,191.3699951171875,196.88999938964844,192.1999969482422,11483300.0,192.1999969482422,51.82817399084564,-7.410003662109375,14.400410082977823,2.353991137167071,3.5435387312072453,-41.38074502553926
2020-06-22,196.36000061035156,191.2899932861328,191.99000549316406,194.9600067138672,6674500.0,194.9600067138672,55.65762076837343,-4.6399993896484375,14.138868949763514,2.2872203996710994,3.292275064900016,-22.25156773433006
2020-06-23,200.14999389648438,195.82000732421875,196.25,197.97000122070312,9866800.0,197.97000122070312,59.44410925812038,-1.1100006103515625,14.591478867006199,2.4489554759711893,3.123611147114251,67.15080057523723
2020-06-24,197.47999572753906,190.69000244140625,197.02000427246094,191.41000366210938,9453100.0,191.41000366210938,49.519440205014185,-9.069992065429688,13.831185787063559,2.024458018529657,2.9037805213973322,-44.481115707640164
2020-06-25,194.24000549316406,189.89999389648438,191.10000610351562,193.97999572753906,9936600.0,193.97999572753906,52.84130374715596,5.0999908447265625,12.960027309095164,1.8738174058843242,2.6977878982947305,-50.617811875469954
2020-06-26,194.1300048828125,189.0800018310547,193.10000610351562,189.27000427246094,11836000.0,189.27000427246094,46.76732614044814,-2.989990234375,12.093669108890591,1.3587142752769523,2.4299731736911747,-95.00571635845377
2020-06-29,191.4499969482422,187.3000030517578,189.91000366210938,191.3800048828125,8020400.0,191.3800048828125,49.564278353425436,-0.3799896240234375,11.669408179117243,1.1079786600966202,2.1655742709722636,-112.417119416269
2020-06-30,193.75,190.16000366210938,191.49000549316406,193.1699981689453,9040100.0,193.1699981689453,51.874408004751324,0.2899932861328125,10.923291909022343,1.041698327323786,1.940799082242568,-20.959442389700097
2020-07-01,195.35000610351562,192.66000366210938,193.85000610351562,193.77999877929688,6394100.0,193.77999877929688,52.67001399115947,0.220001220703125,10.579649241341599,1.026559103016183,1.757951086397291,40.391082678069225
2020-07-02,197.9199981689453,195.0,196.0,195.6699981689453,6299300.0,195.6699981689453,55.144331177911965,1.7599945068359375,10.789395244037715,1.1537683902340916,1.637114547164651,122.61792559284703
2020-07-06,199.17999267578125,195.67999267578125,198.72999572753906,197.75999450683594,7292200.0,197.75999450683594,57.77323872555724,5.55999755859375,11.231080815325472,1.4070087830686475,1.5910933943454504,154.6700578170273
2020-07-07,198.89999389648438,193.80999755859375,196.80999755859375,194.1999969482422,7660100.0,194.1999969482422,52.16500519085541,-0.760009765625,11.139487092339992,1.3053938008937394,1.533953475655108,66.28220816070669
2020-07-08,195.52000427246094,193.1199951171875,195.0800018310547,195.07000732421875,8368000.0,195.07000732421875,53.35665454830869,-2.899993896484375,10.871403151159914,1.2803071776050388,1.4832242160450941,21.60435748956465
2020-07-09,195.49000549316406,189.9499969482422,195.0,192.2100067138672,8548200.0,192.2100067138672,49.03239058103196,0.8000030517578125,10.360302836979937,1.01791382374563,1.3901621375852014,-52.54507227031235
2020-07-10,192.82000732421875,189.44000244140625,191.64999389648438,192.5500030517578,7674200.0,192.5500030517578,49.55578342881795,-1.42999267578125,10.006733624825594,0.8278570427046361,1.2777011186090883,-76.92554952194536
2020-07-13,195.19000244140625,188.6999969482422,193.61000061035156,189.02000427246094,8564100.0,189.02000427246094,44.45181460035552,-0.25,9.514927139462143,0.38792254476334165,1.099745403839939,-84.67570605800998
2020-07-14,193.47000122070312,187.17999267578125,189.5,193.3300018310547,8003900.0,193.3300018310547,51.077213141891335,1.9499969482421875,9.002302772631266,0.3826412186314485,0.956324566798241,-66.64636987099074
2020-07-15,197.77000427246094,194.5,195.22999572753906,196.5500030517578,7681100.0,196.5500030517578,55.360931868103606,3.3800048828125,9.207556762507222,0.6310090380584938,0.8912614610502916,96.90682305108979
2020-07-16,195.7100067138672,192.52000427246094,195.3300018310547,193.5,5064000.0,193.5,50.821647226234056,-0.279998779296875,8.88322750743681,0.5751031370356543,0.8280297962473642,16.45336674865741
2020-07-17,195.57000732421875,193.1199951171875,194.8300018310547,195.08999633789062,6395000.0,195.08999633789062,52.9858271217652,-0.5800018310546875,8.582064627728572,0.6515856502308566,0.7927409670440626,32.283878202772534
2020-07-20,199.47999572753906,193.6699981689453,194.74000549316406,198.47000122070312,6985300.0,198.47000122070312,57.28878588595821,0.7100067138671875,9.17809883798429,0.9737123888248789,0.8289352514002258,110.97681403809926
2020-07-21,200.1699981689453,195.67999267578125,200.0,196.47999572753906,7219400.0,196.47999572753906,54.146604560925795,2.279998779296875,9.873119138219291,1.0562475732963037,0.8743977157794414,103.48480751942535
2020-07-22,199.0,196.25,196.47999572753906,198.86000061035156,6823400.0,198.86000061035156,57.17210103023667,3.7899932861328125,10.518495131294648,1.2987328216017318,0.9592647369438995,103.33614569877238
2020-07-23,200.9499969482422,196.42999267578125,198.44000244140625,197.42999267578125,6106700.0,197.42999267578125,54.83112178415605,5.2199859619140625,11.537832458325713,1.359839060432563,1.0393796016416321,98.97457755151103
2020-07-24,197.47999572753906,194.02999877929688,195.6699981689453,195.14999389648438,7160300.0,195.14999389648438,51.229373899270634,2.5999908447265625,11.702707093032883,1.210337332844034,1.0735711478821126,22.616896455217752
2020-07-27,197.80999755859375,194.1999969482422,195.16000366210938,196.91000366210938,5604700.0,196.91000366210938,53.75470804322049,7.8899993896484375,11.93469091298759,1.219812971075612,1.1028195125208125,44.374318557696974
2020-07-28,199.3699951171875,196.7100067138672,197.69000244140625,196.74000549316406,6897300.0,196.74000549316406,53.466730912528035,3.410003662109375,12.522267471722383,1.1997747941494197,1.1222105688465338,73.72479735956222
2020-07-29,198.88999938964844,193.0500030517578,193.08999633789062,198.5800018310547,9471300.0,198.5800018310547,56.20172206891597,2.029998779296875,11.917432096569396,1.3171830552025483,1.1612050661177367,44.88813123691614
2020-07-30,196.55999755859375,192.1199951171875,195.1999969482422,194.05999755859375,10499400.0,194.05999755859375,48.63891817291422,0.55999755859375,11.092827728495097,1.0335888100170507,1.1356818148975996,-48.756690616641
2020-07-31,194.69000244140625,189.44000244140625,194.4199981689453,190.39999389648438,14186000.0,190.39999389648438,43.530839084172165,-4.69000244140625,10.983176081876158,0.5076546926234755,1.0100763904427748,-151.3529739663075
2020-08-03,193.33999633789062,190.2100067138672,191.8000030517578,190.69000244140625,11405200.0,190.69000244140625,44.03240075660027,-7.779998779296875,10.881356695730002,0.11294739405963128,0.830650591166146,-155.7156193586844
2020-08-04,192.94000244140625,190.0800018310547,191.1300048828125,192.2899932861328,8204000.0,192.2899932861328,46.83787770207679,-4.19000244140625,10.822569530961918,-0.06994876841602604,0.6505307192497116,-114.19271352030009
2020-08-05,198.17999267578125,193.10000610351562,193.55999755859375,196.10000610351562,8907300.0,196.10000610351562,52.89332340324015,-2.7599945068359375,10.854007922487426,0.09148630075654296,0.5387218355510779,10.893936544493558
2020-08-06,198.9199981689453,194.7899932861328,195.97999572753906,198.77000427246094,7480300.0,198.77000427246094,56.622219964966256,1.3400115966796875,11.064602736706831,0.4299154960554006,0.5169605676519424,60.968975419232976
2020-08-07,197.97999572753906,195.3000030517578,197.58999633789062,196.36000061035156,5654000.0,196.36000061035156,52.57662848225482,1.2100067138671875,11.26015506419628,0.49791624871610907,0.5131517038647757,31.29116348147839
2020-08-10,198.30999755859375,195.3300018310547,196.36000061035156,196.7899932861328,5525400.0,196.7899932861328,53.218863440738126,-0.1200103759765625,11.531544465697223,0.5798203424731128,0.5264854315864431,42.53696259313521
2020-08-11,202.88999938964844,196.33999633789062,197.82000732421875,197.77000427246094,11549600.0,197.77000427246094,54.72382636686931,1.029998779296875,12.86948553704543,0.7155600918476637,0.5643003636386872,113.31997815969507
2020-08-12,200.22999572753906,198.24000549316406,199.0,198.74000549316406,5432500.0,198.74000549316406,56.22492072835906,0.160003662109375,14.111859389011622,0.891133382133404,0.6296669673376305,111.44447757615251
2020-08-13,199.94000244140625,197.02999877929688,197.1300048828125,197.5800018310547,7014800.0,197.5800018310547,53.922523528847876,3.5200042724609375,14.781749333379533,0.9259995324495947,0.6889334803600233,72.19957527719014
2020-08-14,198.07000732421875,195.77000427246094,197.00999450683594,196.63999938964844,5014400.0,196.63999938964844,52.06203564379608,6.2400054931640625,14.917849520290092,0.8677776659190499,0.7247023174718287,27.791235018939712
2020-08-17,200.4600067138672,196.7100067138672,197.3000030517578,199.42999267578125,6256200.0,199.42999267578125,56.82372114381942,8.739990234375,15.64618023219366,1.0348366062385423,0.7867291752251714,86.07450889869008
2020-08-18,200.10000610351562,196.82000732421875,199.97999572753906,199.00999450683594,6519900.0,199.00999450683594,55.92318338511091,6.720001220703125,16.3224873218184,1.120426103197076,0.8534685608195522,72.37562960985868
2020-08-19,202.83999633789062,198.89999389648438,198.9199981689453,200.99000549316406,9467600.0,200.99000549316406,59.20548801374819,4.8899993896484375,17.584599712278393,1.3326646070945003,0.9493077700745418,123.84940140550324
2020-08-20,204.44000244140625,199.60000610351562,199.89999389648438,204.14999389648438,8849200.0,204.14999389648438,63.834286499800065,5.3799896240234375,19.08367223724445,1.735840121158276,1.1066142402912886,160.15527733705522
2020-08-21,205.13999938964844,203.33999633789062,204.5,204.1300048828125,9998300.0,204.1300048828125,63.784983251024265,7.7700042724609375,20.614554074868344,2.0303421539220494,1.2913598230174408,182.22218002508436
2020-08-24,206.4499969482422,204.6699981689453,205.00999450683594,206.41000366210938,6159600.0,206.41000366210938,66.92313408936673,9.620010375976562,22.290882189614624,2.4198198069552745,1.5170518198050076,186.07975821337956
2020-08-25,208.1999969482422,205.5399932861328,207.19000244140625,208.10000610351562,5828300.0,208.10000610351562,69.06306526667278,10.330001831054688,24.164682757649725,2.8322048317862993,1.780082422201266,164.97177352329237
2020-08-26,210.8000030517578,207.3000030517578,208.10000610351562,210.25999450683594,7035200.0,210.25999450683594,71.59268056558604,11.519989013671875,26.319190853755938,3.2953294408870306,2.083131825938419,161.313397536433
2020-08-27,212.17999267578125,209.0500030517578,211.2100067138672,211.02999877929688,8619600.0,211.02999877929688,72.4572712693632,13.449996948242188,28.517315163572807,3.6820475872347913,2.4029149781976935,145.11502207459392
2020-08-28,216.16000366210938,211.22000122070312,212.0,215.7100067138672,7349800.0,215.7100067138672,77.03267006800976,19.07000732421875,31.043524829933574,4.31640519995463,2.785613022549081,160.77316093184388
2020-08-31,215.9600067138672,211.55999755859375,215.5399932861328,211.99000549316406,9326900.0,211.99000549316406,67.44229666806879,12.560012817382812,33.38929094869714,4.467466990605487,3.121983816160362,118.10072758684574
2020-09-01,213.88999938964844,211.1199951171875,212.2100067138672,213.35000610351562,5648800.0,213.35000610351562,68.96358929285728,14.340011596679688,35.334666747101004,4.643399017831712,3.426266856494632,95.51532504614308
2020-09-02,217.35000610351562,213.77000427246094,214.1300048828125,216.47999572753906,9863800.0,216.47999572753906,72.18486999174951,15.489990234375,37.546537381487255,4.978007054551199,3.7366148961059453,114.94750638080026
2020-09-03,214.92999267578125,207.08999633789062,214.92999267578125,208.9600067138672,11310200.0,208.9600067138672,56.90370080801455,4.8100128173828125,36.861118691251654,4.5835497596704045,3.906001868818837,38.4668936293098
2020-09-04,210.5,200.14999389648438,208.49000549316406,204.66000366210938,13243600.0,204.66000366210938,50.341188766793884,0.529998779296875,34.35022538294725,3.8792476497555413,3.900651025006178,-42.991807294907076
2020-09-08,202.25,199.2100067138672,200.77999877929688,200.1199951171875,14186900.0,200.1199951171875,44.50521781261585,-6.290008544921875,31.985617365328217,2.9210701281503475,3.704734845635012,-117.47332017565769
2020-09-09,206.2899932861328,201.9499969482422,204.35000610351562,204.05999755859375,7532600.0,204.05999755859375,49.930106445809216,-4.040008544921875,30.46900699970816,2.451374884290942,3.454062853366198,-69.21160824359156
2020-09-10,207.0,200.4499969482422,204.86000061035156,201.5399932861328,7243000.0,201.5399932861328,46.78025052681585,-8.720001220703125,28.702813619079368,1.854418157147336,3.1341339141224256,-88.02355621301972
2020-09-11,202.41000366210938,198.91000366210938,201.5800018310547,200.67999267578125,7439000.0,200.67999267578125,45.72021928019346,-10.350006103515625,26.702958421401046,1.2969800099025122,2.766703133278443,-115.05819589077602
2020-09-14,206.41000366210938,203.13999938964844,203.35000610351562,204.97999572753906,11730500.0,204.97999572753906,51.62291635005817,-10.730010986328125,25.679939178041053,1.1884805082423497,2.4510586082712242,-48.39604773556775
2020-09-15,208.2100067138672,204.77000427246094,206.75,205.38999938964844,6328600.0,205.38999938964844,52.157152274289466,-6.600006103515625,25.067405411557495,1.122636683597193,2.185374223336418,-27.1042146239496
2020-09-16,207.75,204.9499969482422,206.74000549316406,205.1300048828125,6135000.0,205.1300048828125,51.76675616911724,-8.220001220703125,24.498624056965614,1.0375157585168324,1.955802530372501,-26.058224369839806
2020-09-17,205.5800018310547,202.0,202.85000610351562,205.27000427246094,7474900.0,205.27000427246094,51.975207061798336,-11.209991455078125,23.1929975996506,0.9701700761207803,1.758676039522157,-45.0931236091599
2020-09-18,205.72000122070312,201.72000122070312,205.47000122070312,202.61000061035156,9084100.0,202.61000061035156,47.75247120711526,-6.350006103515625,21.90922498356365,0.6941562712704581,1.5457720858718171,-54.50598666374533
2020-09-21,201.25,194.6999969482422,199.91000366210938,197.4499969482422,9656000.0,197.4499969482422,40.823614218709935,-7.2100067138671875,21.4942499230774,0.058371302729199215,1.2482919292432935,-144.37245174284715
2020-09-22,200.7100067138672,196.8000030517578,198.08999633789062,200.55999755859375,7543100.0,200.55999755859375,45.91716181364199,0.44000244140625,21.108915938340168,-0.19232480687171005,0.9601685820202928,-106.79160949092318
2020-09-23,201.08999633789062,194.57000732421875,200.8000030517578,195.3699951171875,6310600.0,195.3699951171875,39.76577357105147,-8.69000244140625,21.167389133141473,-0.8005646908379163,0.6080219274486509,-141.70468659556028
2020-09-24,197.6699981689453,193.1300048828125,195.14999389648438,195.52000427246094,9865300.0,195.52000427246094,40.01590547928788,-6.019989013671875,21.478653476939083,-1.2560161238285161,0.2352143171932175,-145.0232780534686
2020-09-25,198.13999938964844,193.50999450683594,195.02000427246094,197.25,5496100.0,197.25,42.95784430154996,-3.42999267578125,21.6247774851808,-1.4605323608826382,-0.10393501842195363,-105.58304365766253
2020-09-28,201.72000122070312,199.8300018310547,200.6300048828125,200.32000732421875,5565300.0,200.32000732421875,47.8461974469637,-4.6599884033203125,20.74027422286366,-1.3592207673448513,-0.3549921682065332,-15.165312911066842
2020-09-29,202.3800048828125,199.3699951171875,200.5800018310547,199.44000244140625,5513500.0,199.44000244140625,46.613079019383704,-5.9499969482421875,19.743841153736287,-1.3345557115798101,-0.5509048768811886,-15.167136496609674
2020-09-30,202.5399932861328,198.88999938964844,200.85000610351562,199.97000122070312,9157600.0,199.97000122070312,47.490821374159744,-5.160003662109375,18.933579603241366,-1.2577435206908945,-0.6922726056431298,-10.095455467624598
2020-10-01,205.1999969482422,201.63999938964844,202.2100067138672,203.35000610351562,7234600.0,203.35000610351562,52.81842336140243,-1.9199981689453125,17.704736079370985,-0.9135997506169247,-0.7365380346378887,50.26072449688241
2020-10-02,202.8300018310547,199.39999389648438,200.0,201.4600067138672,6019700.0,201.4600067138672,49.777149099922,-1.149993896484375,16.884258552753927,-0.7843292296406901,-0.746096273638449,9.497259926596666
2020-10-05,203.64999389648438,201.0500030517578,202.7100067138672,203.5399932861328,6090500.0,203.5399932861328,52.98552534093831,6.089996337890625,15.89569189499216,-0.5081858273316868,-0.6985141843770966,57.67636105982107
2020-10-06,205.10000610351562,199.7100067138672,204.11000061035156,200.4499969482422,5841100.0,200.4499969482422,48.07235886710386,-0.1100006103515625,14.939092905489414,-0.5325383017380432,-0.6653190078492859,43.6408488981275
2020-10-07,202.7899932861328,199.99000549316406,202.0,202.47000122070312,6713400.0,202.47000122070312,51.25448853960671,7.100006103515625,14.050822415236865,-0.3844091211850298,-0.6091370305164346,51.98141793231915
2020-10-08,204.3000030517578,202.22999572753906,204.0,202.97999572753906,3955600.0,202.97999572753906,52.05335718471363,7.459991455078125,13.651171385638023,-0.22328944218722313,-0.5319675128505923,97.98532856236767
2020-10-09,207.0800018310547,203.67999267578125,204.0,206.63999938964844,5562900.0,206.63999938964844,57.44357799145503,9.389999389648438,13.98611048724712,0.1974546376766284,-0.38608308274514813,158.13130340059075
2020-10-12,207.97000122070312,205.72999572753906,206.94000244140625,206.39999389648438,6622700.0,206.39999389648438,56.99111831894689,6.079986572265625,14.506471007233248,0.5057015026431486,-0.20772616566748878,151.40319638730148
2020-10-13,205.2100067138672,203.02999877929688,203.3800048828125,204.32000732421875,5621700.0,204.32000732421875,53.08844305716782,4.8800048828125,14.08054852390065,0.5755176218220299,-0.05107740816958503,73.05339045327933
2020-10-14,204.97000122070312,201.1300048828125,204.7100067138672,202.1999969482422,5321900.0,202.1999969482422,49.37700577706289,2.2299957275390625,13.113831418635938,0.4545406182880072,0.05004619712193342,18.914612830553267
2020-10-15,204.6999969482422,197.60000610351562,201.00999450683594,199.5500030517578,8885500.0,199.5500030517578,45.129855298672005,-3.8000030517578125,13.060775228054693,0.14318259108981124,0.06867347591550899,-81.98811689335196
2020-10-16,202.64999389648438,199.41000366210938,199.99000549316406,200.25999450683594,6385900.0,200.25999450683594,46.45864181674408,-1.20001220703125,13.011508765372104,-0.04575309865856525,0.04578816100069413,-76.29846673334647
2020-10-19,201.07000732421875,196.5,200.85000610351562,196.97000122070312,7449600.0,196.97000122070312,41.44948302706511,-6.5699920654296875,13.650472688602235,-0.4557078402479817,-0.05451103924904105,-163.95790389933973
2020-10-20,199.66000366210938,196.7100067138672,197.5500030517578,197.6999969482422,7427000.0,197.6999969482422,42.92007329108901,-2.75,14.243796331601644,-0.7134709234531442,-0.1863030160898617,-148.17616150983164
2020-10-21,200.4199981689453,197.8300018310547,197.8300018310547,198.42999267578125,6067200.0,198.42999267578125,44.423346873120266,-4.040008544921875,14.515359105312035,-0.8490580568335133,-0.318854024238592,-100.38291363674065
2020-10-22,199.77000427246094,195.75999450683594,199.33999633789062,197.99000549316406,4908200.0,197.99000549316406,43.676710858793825,-4.989990234375,15.270864390041483,-0.9807101097268003,-0.45122524133623365,-114.06962905170128
2020-10-23,199.8800048828125,196.02000427246094,199.75,198.00999450683594,5877200.0,198.00999450683594,43.72298780737323,-8.6300048828125,15.928653144445777,-1.0710855562337258,-0.5751973043157321,-92.31121738356393
2020-10-26,196.4199981689453,190.72000122070312,196.0,193.07000732421875,12608700.0,193.07000732421875,35.87752864249779,-13.329986572265625,17.63233276577648,-1.5237594783925772,-0.7649097391311012,-169.77735219407634
2020-10-27,193.6999969482422,189.22000122070312,193.0,190.05999755859375,8690400.0,190.05999755859375,32.09818972115578,-14.260009765625,19.464485338793583,-2.1011684929726755,-1.032161489899416,-171.64175187455237
2020-10-28,184.6999969482422,179.33999633789062,183.97999572753906,180.8699951171875,17809500.0,180.8699951171875,23.840746789300326,-21.330001831054688,22.348957139440397,-3.2627151408274244,-1.4782722200850178,-253.8175669603432
2020-10-29,187.0,179.33999633789062,183.0,184.8699951171875,16820900.0,184.8699951171875,32.036179239580676,-14.680007934570312,24.248446753400476,-3.8164885527839374,-1.9459154866248016,-162.6872889638668
2020-10-30,184.22000122070312,179.22999572753906,182.66000366210938,181.7100067138672,10252900.0,181.7100067138672,29.349249108756226,-18.54998779296875,26.025028728910144,-4.458942710532881,-2.4485209314064176,-142.1382112340048
2020-11-02,186.9199981689453,183.88999938964844,184.50999450683594,184.74000549316406,8057100.0,184.74000549316406,34.980452925996644,-12.229995727539062,26.77235565290312,-4.6697665188477515,-2.8927700488946844,-87.3049253523414
2020-11-03,189.52999877929688,185.16000366210938,186.8300018310547,188.33999633789062,6467900.0,188.33999633789062,40.99768978779844,-9.360000610351562,26.67618755566405,-4.494546397932794,-3.213125318702306,-51.51534213917848
2020-11-04,196.8800048828125,191.52999877929688,192.88999938964844,193.97000122070312,8102700.0,193.97000122070312,48.95392446874451,-4.459991455078125,24.819334006480517,-3.856928575818557,-3.3418859701255563,21.929689684459678
2020-11-05,200.99000549316406,197.2899932861328,198.36000061035156,197.63999938964844,7132100.0,197.63999938964844,53.36822850338321,-0.350006103515625,23.76161723432045,-3.020653464379393,-3.2776394689763237,75.44170714994031
2020-11-06,199.67999267578125,195.42999267578125,197.35000610351562,198.47000122070312,6180500.0,198.47000122070312,54.33012337164062,0.4600067138671875,22.39277630366903,-2.264817792661944,-3.075075133713448,67.06105100440331
2020-11-09,217.64999389648438,212.27999877929688,214.69000244140625,212.67999267578125,17916900.0,212.67999267578125,66.91347431138396,19.6099853515625,23.42919910484611,-0.5132683862940439,-2.562713784229567,205.43274536838575
2020-11-10,214.05999755859375,210.5500030517578,211.94000244140625,213.30999755859375,7943600.0,213.30999755859375,67.34308629896978,23.25,24.059934093566802,0.9151341693045367,-1.8671441935227464,158.713551307545
2020-11-11,214.27999877929688,211.6699981689453,212.1699981689453,212.6999969482422,5337200.0,212.6999969482422,66.44348787666443,31.830001831054688,24.667987234214714,1.9751630838987069,-1.0986827380384558,130.94877015964943
2020-11-12,212.5399932861328,207.13999938964844,211.42999267578125,208.25999450683594,7302500.0,208.25999450683594,60.145570739661956,23.389999389648438,24.352056610108264,2.428972858310175,-0.3931516187687296,89.34384415765365
2020-11-13,211.27999877929688,207.3000030517578,209.91000366210938,210.47999572753906,6377500.0,210.47999572753906,62.0809100311221,28.769989013671875,24.058692459152272,2.9339353389642895,0.2722657727778742,77.83748147329158
2020-11-16,215.08999633789062,211.8300018310547,214.57000732421875,212.6999969482422,12083200.0,212.6999969482422,63.965363212216516,27.959991455078125,24.26003160534109,3.473220168034686,0.9124566518292366,84.9326778476211
2020-11-17,212.08999633789062,209.5,210.55999755859375,210.7100067138672,7268800.0,210.7100067138672,61.03714091345902,22.370010375976562,23.976409636542474,3.69741025566924,1.4694473725972372,60.30742942554666
2020-11-18,211.14999389648438,207.6699981689453,209.72000122070312,207.8300018310547,6977900.0,207.8300018310547,56.97224465656826,13.860000610351562,23.35156255621814,3.6011780515611633,1.8957935083900224,41.37191562962773
2020-11-19,208.72999572753906,205.52999877929688,207.24000549316406,207.57000732421875,5657200.0,207.57000732421875,56.60574679934031,9.930007934570312,22.35720726968716,3.464003081397749,2.2094354229915676,22.415047632428625
2020-11-20,208.11000061035156,203.80999755859375,207.1300048828125,203.8800048828125,9653500.0,203.8800048828125,51.53834074138855,5.410003662109375,21.107656772212,3.022694826469234,2.372087303687101,-6.319868468036446
2020-11-23,209.0,204.6999969482422,204.6999969482422,208.16000366210938,6101900.0,208.16000366210938,56.41238999287197,-4.519989013671875,20.101807381116597,2.983918235042154,2.4944534899581114,-0.026693841351067372
2020-11-24,213.82000732421875,209.39999389648438,210.85000610351562,209.67999267578125,10110800.0,209.67999267578125,58.026912263128075,-3.6300048828125,19.94508657735807,3.0407856333333143,2.603719918633152,44.211149817621546
2020-11-25,211.9499969482422,208.8699951171875,209.6699981689453,210.88999938964844,6772900.0,210.88999938964844,59.31874803941918,-1.80999755859375,19.684429109852633,3.1472117871367686,2.7124182923338753,28.368750494316316
2020-11-27,212.02999877929688,208.80999755859375,212.0,211.0,3512900.0,211.0,59.44096065724169,2.7400054931640625,19.455646952172362,3.203503417442306,2.8106353173555614,12.121534098202934
2020-11-30,210.5399932861328,206.60000610351562,209.5399932861328,210.35000610351562,7725500.0,210.35000610351562,58.325941416979745,-0.1299896240234375,18.728350161749205,3.159248020185032,2.8803578579214557,-27.55115234240934
2020-12-01,213.6699981689453,211.0399932861328,212.1300048828125,211.1999969482422,8049400.0,211.1999969482422,59.39851744556971,-1.5,18.61190150154824,3.156377699176062,2.935561826172377,82.23136905720412
2020-12-02,211.39999389648438,208.47999572753906,211.0,210.17999267578125,9728900.0,210.17999267578125,57.48646279237937,-0.5300140380859375,17.91325689032869,3.036790893754187,2.955807639688739,16.53696938648042
2020-12-03,211.11000061035156,207.61000061035156,209.77999877929688,208.0500030517578,9203300.0,208.0500030517578,53.605877058741456,0.220001220703125,17.06871430507115,2.738576521849069,2.912361416120805,-29.62080097318252
2020-12-04,212.72000122070312,208.50999450683594,209.74000549316406,212.67999267578125,5720100.0,212.67999267578125,59.936768741811875,5.1099853515625,16.605122626911232,2.8430678355566386,2.8985027000079717,63.42170741621532
2020-12-07,214.5,211.8000030517578,211.97000122070312,212.64999389648438,10624500.0,212.64999389648438,59.87975360546455,8.769989013671875,16.518573282606386,2.8901415509613173,2.896830470198641,132.87452728074578
2020-12-08,213.1300048828125,209.88999938964844,209.9499969482422,212.77000427246094,8646200.0,212.77000427246094,60.043504667921674,4.6100006103515625,15.955380210630599,2.903660058254161,2.8981963878097448,83.08250098547629
2020-12-09,213.5,208.9499969482422,213.22999572753906,209.5800018310547,6251100.0,209.5800018310547,53.76214029064946,-0.0999908447265625,15.19875986092386,2.626688209003845,2.843894752048565,29.959714384190992
2020-12-10,209.3000030517578,207.25,208.50999450683594,207.61000061035156,10492000.0,207.61000061035156,50.264994360800365,-3.279998779296875,14.14700208242361,2.222602609119093,2.7196363234626704,-80.23278982072316
2020-12-11,206.88999938964844,204.5,205.36000061035156,206.24000549316406,9227600.0,206.24000549316406,47.93002047845104,-4.7599945068359375,13.796056536327734,1.7713951627201538,2.5299880913141672,-178.8608072143502
2020-12-14,211.3000030517578,206.97000122070312,207.85000610351562,207.25,11967700.0,207.25,49.782099928412194,-3.100006103515625,13.180546806611902,1.4782675780501222,2.3196439886613582,-73.96200157253242
2020-12-15,209.44000244140625,206.16000366210938,208.5399932861328,208.36000061035156,9799000.0,208.36000061035156,51.81076847599786,-2.839996337890625,12.417915999196367,1.320309917062616,2.1197771743416096,-81.99548522399739
2020-12-16,209.1300048828125,207.13999938964844,208.47999572753906,208.27000427246094,7504400.0,208.27000427246094,51.62866019031919,-1.9099884033203125,11.709758820881943,1.1743284529578943,1.9306874300648666,-63.334261083041646
2020-12-17,211.77999877929688,208.85000610351562,209.0,211.17999267578125,6517200.0,211.17999267578125,56.903429685443676,3.1299896240234375,11.665109497916191,1.2787086776084493,1.8002916795735833,35.88244717427587
2020-12-18,211.97999572753906,209.8699951171875,211.02000427246094,211.30999755859375,13298200.0,211.30999755859375,57.12835513894948,-1.3699951171875,11.668758457383904,1.3562866371161988,1.7114906710821063,47.74670738760112
2020-12-21,209.8000030517578,204.7899932861328,208.27000427246094,209.00999450683594,7576700.0,209.00999450683594,51.96144891839266,-3.6399993896484375,11.29654057371432,1.2181348048282814,1.6128194978313413,-68.54612044264076
2020-12-22,208.39999389648438,205.60000610351562,208.38999938964844,205.83999633789062,7396200.0,205.83999633789062,45.811535640303426,-6.9300079345703125,10.950909681735421,0.8431369648597524,1.4588829912370236,-100.47261664783571
2020-12-23,207.3300018310547,205.11000061035156,207.3300018310547,205.3000030517578,6523100.0,205.3000030517578,44.83800845005342,-4.279998779296875,10.7493891624234,0.49665045243096984,1.2664364834758128,-107.43749882492529
2020-12-24,208.82000732421875,206.60000610351562,206.63999938964844,208.6999969482422,3367900.0,208.6999969482422,51.785462758235745,1.089996337890625,10.13520075251781,0.4907514107612201,1.1112994689328943,-30.387543734268117
2020-12-28,213.4600067138672,208.9499969482422,209.85000610351562,212.6300048828125,5816200.0,212.6300048828125,58.31998189152906,6.3899993896484375,10.398999984178348,0.7940419522590503,1.0478479655981254,112.40603677494472
2020-12-29,215.24000549316406,213.5399932861328,214.61000061035156,214.3699951171875,6093400.0,214.3699951171875,60.84990060301316,7.1199951171875,11.017583183212361,1.161416475522202,1.0705616675829408,186.12414854744594
2020-12-30,220.38999938964844,215.64999389648438,216.0,218.36000061035156,8875100.0,218.36000061035156,65.95335620920171,10.0,12.511545391491438,1.7543010390660072,1.207309541879554,219.2486067667153
2020-12-31,219.82000732421875,216.1999969482422,218.39999389648438,218.72999572753906,5922200.0,218.72999572753906,66.39087415534269,10.459991455078125,13.898796013464866,2.2283349823695175,1.4115146299775467,164.48787862192194
